timestamp,open,high,low,close,volume_btc,volume_usd
2024-01-01 00:00:00,45011.27,45030.06,44981.56,45024.84,0.562849,25342.19
2024-01-01 00:01:00,45011.81,45022.17,44995.99,45017.92,30.254049,1361974.45
2024-01-01 00:02:00,45038.36,45064.35,45029.55,45050.31,6.036263,271935.5
2024-01-01 00:03:00,45128.67,45137.36,45124.21,45126.46,11.811385,533005.99
2024-01-01 00:04:00,45138.69,45161.05,45099.39,45114.75,24.347812,1098445.48
2024-01-01 00:05:00,45087.62,45112.86,45077.21,45103.04,8.820732,397841.86
2024-01-01 00:06:00,45202.02,45232.01,45164.31,45182.0,26.356957,1190860.16
2024-01-01 00:07:00,45204.74,45243.76,45199.17,45220.38,30.81175,1393318.93
2024-01-01 00:08:00,45179.95,45200.38,45178.8,45196.9,35.098577,1586346.95
2024-01-01 00:09:00,45240.4,45272.91,45220.1,45224.03,26.622322,1203968.7
2024-01-01 00:10:00,45219.3,45231.34,45196.82,45200.86,10.865824,491144.59
2024-01-01 00:11:00,45194.6,45201.32,45151.73,45177.57,50.477592,2280455.12
2024-01-01 00:12:00,45163.36,45198.46,45146.06,45189.67,14.640694,661608.13
2024-01-01 00:13:00,45084.69,45109.7,45078.64,45094.01,10.071025,454142.9
2024-01-01 00:14:00,45024.22,45032.07,44961.36,45007.76,1.472332,66266.36
2024-01-01 00:15:00,44980.48,44981.55,44970.04,44979.65,10.614053,477416.36
2024-01-01 00:16:00,44907.53,44949.09,44886.94,44929.01,6.111647,274590.23
2024-01-01 00:17:00,44953.88,44976.64,44934.42,44944.72,29.488455,1325350.28
2024-01-01 00:18:00,44885.02,44913.7,44876.04,44899.32,9.686441,434914.57
2024-01-01 00:19:00,44864.59,44891.91,44820.55,44828.7,22.205682,995451.88
2024-01-01 00:20:00,44932.88,44966.08,44886.98,44901.98,45.314143,2034694.92
2024-01-01 00:21:00,44902.78,44905.85,44879.55,44890.7,1.609564,72254.43
2024-01-01 00:22:00,44921.29,44923.53,44889.44,44894.07,16.057498,720886.46
2024-01-01 00:23:00,44824.13,44829.17,44816.51,44822.83,30.087871,1348623.66
2024-01-01 00:24:00,44810.92,44824.94,44779.16,44795.61,8.658073,387843.69
2024-01-01 00:25:00,44830.72,44851.34,44797.68,44801.16,13.561057,607551.08
2024-01-01 00:26:00,44748.52,44776.62,44727.94,44743.61,47.44649,2122927.33
2024-01-01 00:27:00,44757.29,44775.8,44721.46,44762.4,3.194992,143015.52
2024-01-01 00:28:00,44698.27,44733.61,44696.79,44732.36,31.366931,1403116.98
2024-01-01 00:29:00,44716.12,44724.53,44692.46,44717.78,7.177262,320951.24
2024-01-01 00:30:00,44704.16,44710.47,44687.31,44687.69,45.99174,2055264.83
2024-01-01 00:31:00,44799.22,44817.01,44769.6,44780.31,22.909358,1025888.1
2024-01-01 00:32:00,44789.72,44809.4,44753.55,44779.63,11.299124,505970.62
2024-01-01 00:33:00,44715.92,44733.74,44701.85,44726.75,19.577094,875619.74
2024-01-01 00:34:00,44728.34,44778.8,44720.45,44767.88,4.017536,179856.56
2024-01-01 00:35:00,44696.93,44708.97,44695.5,44706.83,4.136376,184924.26
2024-01-01 00:36:00,44711.19,44730.67,44696.57,44717.28,4.660874,208421.58
2024-01-01 00:37:00,44613.03,44621.51,44598.36,44619.29,13.765827,614221.46
2024-01-01 00:38:00,44565.25,44583.51,44551.83,44552.88,8.565209,381604.75
2024-01-01 00:39:00,44602.44,44625.27,44560.9,44562.73,19.20933,856020.12
2024-01-01 00:40:00,44602.12,44607.35,44590.35,44599.65,20.638063,920450.36
2024-01-01 00:41:00,44603.88,44609.3,44602.81,44608.22,2.69865,120381.96
2024-01-01 00:42:00,44597.25,44642.52,44584.99,44602.44,60.819843,2712713.12
2024-01-01 00:43:00,44589.87,44606.16,44586.44,44587.38,16.584743,739470.24
2024-01-01 00:44:00,44496.89,44525.66,44484.05,44513.45,26.354824,1173144.26
2024-01-01 00:45:00,44479.87,44494.09,44475.84,44477.46,18.009317,801008.73
2024-01-01 00:46:00,44463.45,44474.05,44439.48,44454.43,14.518085,645393.19
2024-01-01 00:47:00,44511.48,44523.75,44489.66,44507.29,12.013321,534680.31
2024-01-01 00:48:00,44533.62,44545.88,44501.48,44524.47,1.748856,77866.88
2024-01-01 00:49:00,44444.99,44469.26,44435.58,44436.32,53.866299,2393619.85
2024-01-01 00:50:00,44417.08,44483.59,44405.56,44452.52,62.374576,2772707.07
2024-01-01 00:51:00,44446.0,44451.43,44432.79,44433.27,4.712333,209384.33
2024-01-01 00:52:00,44386.0,44421.13,44381.19,44399.42,27.459137,1219169.75
2024-01-01 00:53:00,44408.09,44451.15,44375.93,44430.0,28.463323,1264625.55
2024-01-01 00:54:00,44459.46,44490.15,44449.12,44481.55,31.117463,1384153.07
2024-01-01 00:55:00,44536.79,44549.93,44510.57,44528.12,2.801706,124754.71
2024-01-01 00:56:00,44481.7,44497.99,44481.37,44486.16,48.788984,2170434.38
2024-01-01 00:57:00,44437.06,44487.33,44427.17,44470.7,8.628056,383695.65
2024-01-01 00:58:00,44496.82,44515.44,44478.98,44487.26,18.439842,820338.0
2024-01-01 00:59:00,44507.24,44567.96,44481.83,44536.04,10.04087,447180.56
2024-01-01 01:00:00,44514.87,44521.63,44507.29,44512.08,7.206277,320766.34
2024-01-01 01:01:00,44507.56,44515.51,44489.22,44502.79,15.568089,692823.47
2024-01-01 01:02:00,44465.19,44476.4,44445.21,44447.48,13.717711,609717.67
2024-01-01 01:03:00,44423.3,44431.71,44378.37,44387.67,29.42306,1306021.01
2024-01-01 01:04:00,44401.0,44454.25,44394.74,44428.29,5.73239,254680.33
2024-01-01 01:05:00,44495.06,44522.37,44491.24,44496.11,7.608553,338550.97
2024-01-01 01:06:00,44486.98,44502.01,44470.37,44492.5,20.950074,932121.25
2024-01-01 01:07:00,44551.36,44558.67,44540.33,44542.68,18.675803,831870.36
2024-01-01 01:08:00,44565.08,44567.13,44526.49,44560.76,10.2696,457621.23
2024-01-01 01:09:00,44521.46,44541.71,44507.05,44528.51,39.631496,1764731.36
2024-01-01 01:10:00,44537.76,44557.73,44520.67,44546.58,9.875446,439917.34
2024-01-01 01:11:00,44601.15,44633.68,44598.5,44623.48,19.163017,855120.48
2024-01-01 01:12:00,44641.44,44642.72,44615.73,44621.69,5.527115,246629.21
2024-01-01 01:13:00,44709.1,44726.76,44699.25,44699.92,33.419355,1493842.51
2024-01-01 01:14:00,44587.29,44593.67,44558.63,44568.93,27.685093,1233895.07
2024-01-01 01:15:00,44603.82,44622.6,44591.86,44610.03,8.119273,362201.01
2024-01-01 01:16:00,44601.24,44634.29,44580.85,44614.38,21.509241,959621.44
2024-01-01 01:17:00,44577.86,44604.33,44558.65,44599.43,63.044847,2811764.21
2024-01-01 01:18:00,44611.2,44614.94,44596.57,44604.02,34.165153,1523903.08
2024-01-01 01:19:00,44483.84,44507.06,44474.9,44504.64,12.652328,563087.28
2024-01-01 01:20:00,44530.63,44534.75,44484.67,44493.66,20.415185,908346.19
2024-01-01 01:21:00,44485.36,44520.23,44473.23,44511.51,27.953907,1244270.66
2024-01-01 01:22:00,44590.88,44634.29,44581.4,44585.41,10.994444,490191.74
2024-01-01 01:23:00,44590.83,44608.72,44549.54,44559.49,23.019113,1025720.01
2024-01-01 01:24:00,44531.05,44557.97,44512.71,44519.07,13.223348,588691.13
2024-01-01 01:25:00,44497.49,44506.68,44467.06,44493.98,15.774824,701884.69
2024-01-01 01:26:00,44520.38,44555.75,44507.75,44539.75,10.682293,475786.66
2024-01-01 01:27:00,44528.55,44558.24,44509.96,44556.19,9.898182,441025.26
2024-01-01 01:28:00,44545.1,44547.91,44525.66,44529.7,12.058613,536966.41
2024-01-01 01:29:00,44585.49,44600.42,44545.4,44555.36,11.120704,495486.99
2024-01-01 01:30:00,44551.44,44561.04,44543.13,44560.22,5.421461,241581.46
2024-01-01 01:31:00,44585.87,44620.54,44567.02,44608.65,14.882093,663870.05
2024-01-01 01:32:00,44524.38,44593.32,44508.87,44573.55,2.391929,106616.76
2024-01-01 01:33:00,44537.55,44570.15,44529.62,44557.16,33.9181,1511294.33
2024-01-01 01:34:00,44535.28,44546.55,44535.0,44537.56,6.384954,284370.25
2024-01-01 01:35:00,44496.36,44512.27,44463.89,44464.38,21.91679,974516.51
2024-01-01 01:36:00,44492.65,44507.17,44446.92,44479.19,12.305891,547356.05
2024-01-01 01:37:00,44498.34,44525.92,44473.98,44492.24,2.302167,102428.55
2024-01-01 01:38:00,44484.49,44518.65,44481.99,44492.5,10.171374,452549.83
2024-01-01 01:39:00,44469.1,44491.41,44466.51,44480.77,1.998887,88912.03
2024-01-01 01:40:00,44438.11,44466.76,44402.31,44410.0,13.663569,606799.08
2024-01-01 01:41:00,44392.98,44404.84,44382.01,44388.97,21.603069,958937.9
2024-01-01 01:42:00,44329.78,44395.25,44303.22,44371.83,12.446737,552284.52
2024-01-01 01:43:00,44318.25,44344.19,44310.47,44331.72,22.989606,1019168.72
2024-01-01 01:44:00,44306.49,44331.85,44303.81,44323.65,20.403402,904353.31
2024-01-01 01:45:00,44332.93,44351.64,44323.58,44343.86,27.333251,1212061.73
2024-01-01 01:46:00,44449.42,44450.93,44422.16,44438.16,12.565127,558371.17
2024-01-01 01:47:00,44444.74,44454.61,44442.6,44446.89,29.670092,1318743.43
2024-01-01 01:48:00,44458.23,44478.54,44439.55,44459.77,20.048117,891334.68
2024-01-01 01:49:00,44482.32,44489.16,44442.71,44456.05,27.403791,1218264.28
2024-01-01 01:50:00,44346.18,44384.29,44331.99,44360.11,24.739256,1097436.14
2024-01-01 01:51:00,44396.07,44398.42,44352.35,44358.78,29.901947,1326414.01
2024-01-01 01:52:00,44348.37,44368.66,44342.84,44361.8,35.157569,1559652.91
2024-01-01 01:53:00,44486.74,44506.25,44481.03,44484.96,5.371966,238971.67
2024-01-01 01:54:00,44469.72,44479.81,44439.82,44475.34,13.588217,604340.56
2024-01-01 01:55:00,44492.89,44496.08,44484.51,44490.42,23.888988,1062831.03
2024-01-01 01:56:00,44497.57,44502.17,44485.5,44488.68,24.726537,1100051.05
2024-01-01 01:57:00,44438.92,44452.34,44417.21,44430.25,18.190415,808204.66
2024-01-01 01:58:00,44472.33,44494.69,44446.83,44487.39,1.467275,65275.24
2024-01-01 01:59:00,44502.53,44544.74,44501.44,44524.99,29.758875,1325013.49
2024-01-01 02:00:00,44614.6,44627.02,44548.53,44564.54,29.876399,1331427.91
2024-01-01 02:01:00,44509.39,44522.71,44504.54,44519.07,6.914434,307824.15
2024-01-01 02:02:00,44603.19,44629.32,44583.19,44589.21,5.671096,252869.68
2024-01-01 02:03:00,44486.96,44530.89,44465.56,44519.12,4.558067,202921.1
2024-01-01 02:04:00,44542.87,44564.62,44521.84,44548.46,37.296354,1661495.07
2024-01-01 02:05:00,44655.44,44679.24,44649.0,44657.98,29.013568,1295687.35
2024-01-01 02:06:00,44617.91,44671.95,44605.9,44608.45,9.599204,428205.66
2024-01-01 02:07:00,44525.69,44580.76,44502.91,44580.14,6.016536,268218.0
2024-01-01 02:08:00,44588.44,44609.75,44575.67,44585.12,25.363735,1130845.22
2024-01-01 02:09:00,44536.95,44575.14,44532.74,44559.95,8.311978,370381.3
2024-01-01 02:10:00,44488.9,44503.84,44469.63,44482.41,13.822303,614849.42
2024-01-01 02:11:00,44465.12,44512.46,44461.39,44485.84,13.17999,586322.94
2024-01-01 02:12:00,44415.62,44439.02,44386.94,44432.73,33.704945,1497602.64
2024-01-01 02:13:00,44450.93,44463.89,44428.17,44456.41,9.609031,427183.0
2024-01-01 02:14:00,44389.39,44415.23,44385.73,44410.44,14.771735,656019.2
2024-01-01 02:15:00,44478.42,44490.67,44466.73,44487.93,29.955595,1332662.5
2024-01-01 02:16:00,44424.9,44453.55,44413.97,44448.77,14.405908,640324.89
2024-01-01 02:17:00,44396.0,44456.11,44374.04,44432.67,0.479659,21312.54
2024-01-01 02:18:00,44493.7,44500.87,44449.91,44473.34,10.207728,453971.79
2024-01-01 02:19:00,44385.88,44416.37,44372.19,44411.8,29.144974,1294380.76
2024-01-01 02:20:00,44419.6,44425.79,44412.17,44423.17,15.251557,677522.56
2024-01-01 02:21:00,44503.59,44507.01,44477.19,44488.53,9.932588,441886.25
2024-01-01 02:22:00,44395.86,44436.87,44392.72,44408.16,33.122863,1470925.23
2024-01-01 02:23:00,44400.88,44426.09,44383.87,44417.39,20.298357,901600.0
2024-01-01 02:24:00,44434.91,44445.22,44414.01,44430.38,14.058049,624604.46
2024-01-01 02:25:00,44491.83,44513.39,44445.61,44469.47,22.628253,1006266.49
2024-01-01 02:26:00,44384.24,44424.94,44372.73,44407.63,28.991175,1287429.23
2024-01-01 02:27:00,44338.6,44358.99,44320.52,44341.6,14.746328,653875.8
2024-01-01 02:28:00,44333.05,44368.15,44300.62,44367.7,35.37479,1569498.04
2024-01-01 02:29:00,44374.68,44413.68,44347.11,44382.55,10.838653,481047.06
2024-01-01 02:30:00,44395.76,44402.43,44394.89,44395.07,7.950006,352941.11
2024-01-01 02:31:00,44395.3,44438.44,44390.96,44412.4,30.195767,1341066.34
2024-01-01 02:32:00,44369.25,44398.93,44347.17,44378.39,7.819041,346996.47
2024-01-01 02:33:00,44361.84,44401.55,44342.03,44390.01,21.102405,936735.92
2024-01-01 02:34:00,44406.2,44430.99,44401.66,44404.66,47.847623,2124657.45
2024-01-01 02:35:00,44390.06,44406.76,44351.86,44368.94,13.606134,603689.8
2024-01-01 02:36:00,44440.29,44471.93,44421.98,44462.23,1.865191,82930.55
2024-01-01 02:37:00,44473.47,44502.0,44453.45,44485.92,51.971976,2312021.33
2024-01-01 02:38:00,44436.41,44439.31,44416.63,44426.36,27.841726,1236906.48
2024-01-01 02:39:00,44483.43,44485.0,44456.07,44459.19,9.70997,431697.38
2024-01-01 02:40:00,44380.59,44415.64,44371.41,44410.45,27.964427,1241912.84
2024-01-01 02:41:00,44446.43,44461.45,44433.0,44449.81,0.994155,44189.98
2024-01-01 02:42:00,44513.4,44524.59,44502.74,44507.74,24.023099,1069213.76
2024-01-01 02:43:00,44464.66,44470.68,44448.62,44466.7,56.015775,2490836.75
2024-01-01 02:44:00,44465.33,44519.98,44448.64,44514.87,2.889043,128605.36
2024-01-01 02:45:00,44545.53,44556.21,44509.6,44535.51,5.77941,257388.98
2024-01-01 02:46:00,44607.0,44609.77,44556.35,44576.61,9.145325,407667.63
2024-01-01 02:47:00,44673.79,44686.04,44657.19,44671.45,12.645536,564894.45
2024-01-01 02:48:00,44638.56,44660.06,44633.02,44659.18,31.104775,1389113.82
2024-01-01 02:49:00,44611.23,44622.78,44605.99,44621.5,22.803883,1017543.37
2024-01-01 02:50:00,44612.42,44616.34,44575.17,44577.02,28.358767,1264149.34
2024-01-01 02:51:00,44554.43,44580.92,44526.99,44536.23,14.359238,639506.31
2024-01-01 02:52:00,44545.18,44547.16,44526.8,44532.37,32.706304,1456489.4
2024-01-01 02:53:00,44556.56,44571.63,44542.25,44549.43,30.396826,1354161.32
2024-01-01 02:54:00,44550.04,44566.71,44549.03,44563.27,5.352139,238508.81
2024-01-01 02:55:00,44600.61,44608.2,44594.13,44604.63,27.900422,1244487.87
2024-01-01 02:56:00,44603.72,44607.06,44600.87,44605.28,15.453432,689304.62
2024-01-01 02:57:00,44688.94,44689.83,44637.36,44677.95,21.879991,977553.19
2024-01-01 02:58:00,44694.9,44699.09,44654.44,44664.72,6.343882,283347.71
2024-01-01 02:59:00,44823.1,44837.49,44796.98,44800.73,0.369799,16567.28
2024-01-01 03:00:00,44803.62,44853.99,44793.6,44832.01,11.708386,524910.49
2024-01-01 03:01:00,44793.63,44803.45,44780.71,44789.15,30.422526,1362599.19
2024-01-01 03:02:00,44750.34,44763.82,44723.37,44735.61,22.826827,1021172.0
2024-01-01 03:03:00,44772.11,44783.29,44748.99,44759.73,1.128442,50508.76
2024-01-01 03:04:00,44735.98,44750.88,44735.89,44748.56,6.436749,288035.23
2024-01-01 03:05:00,44842.54,44854.05,44768.87,44784.26,5.577826,249798.81
2024-01-01 03:06:00,44782.38,44818.62,44770.48,44807.92,6.462181,289556.9
2024-01-01 03:07:00,44782.62,44816.09,44780.18,44804.28,11.363407,509129.28
2024-01-01 03:08:00,44766.61,44779.51,44738.93,44761.94,20.463509,915986.38
2024-01-01 03:09:00,44728.53,44744.99,44673.75,44686.2,16.966499,758168.34
2024-01-01 03:10:00,44647.15,44669.7,44644.6,44663.87,13.713364,612491.95
2024-01-01 03:11:00,44701.38,44706.95,44701.04,44706.69,22.43489,1002989.71
2024-01-01 03:12:00,44738.94,44742.57,44710.41,44717.4,57.606523,2576013.75
2024-01-01 03:13:00,44654.75,44683.26,44643.58,44655.11,12.717828,567916.02
2024-01-01 03:14:00,44657.08,44689.59,44651.85,44663.77,30.422768,1358795.49
2024-01-01 03:15:00,44694.35,44698.46,44679.48,44683.04,29.283669,1308483.19
2024-01-01 03:16:00,44644.29,44646.88,44620.46,44638.84,45.555883,2033561.88
2024-01-01 03:17:00,44667.14,44685.81,44630.51,44646.53,21.210377,946969.71
2024-01-01 03:18:00,44675.27,44710.44,44640.37,44649.44,6.886324,307470.49
2024-01-01 03:19:00,44598.43,44606.11,44588.46,44592.29,16.097638,717830.57
2024-01-01 03:20:00,44616.01,44621.82,44570.33,44610.18,15.022775,670168.69
2024-01-01 03:21:00,44642.5,44647.55,44637.65,44638.22,26.303652,1174148.18
2024-01-01 03:22:00,44702.15,44704.76,44688.75,44692.37,7.467933,333759.65
2024-01-01 03:23:00,44746.17,44767.87,44735.78,44745.06,35.326421,1580682.91
2024-01-01 03:24:00,44676.17,44686.28,44664.85,44676.18,10.104743,451441.3
2024-01-01 03:25:00,44653.22,44667.59,44618.56,44629.29,26.787585,1195510.82
2024-01-01 03:26:00,44685.36,44686.07,44648.49,44655.04,16.193463,723119.72
2024-01-01 03:27:00,44650.58,44701.72,44635.01,44680.73,12.451816,556356.18
2024-01-01 03:28:00,44706.68,44737.88,44691.15,44706.48,14.677128,656162.74
2024-01-01 03:29:00,44885.34,44922.06,44878.54,44899.12,23.43984,1052428.13
2024-01-01 03:30:00,44921.44,44933.06,44920.32,44927.66,49.173096,2209232.2
2024-01-01 03:31:00,44992.49,44992.97,44975.11,44984.44,30.347548,1365167.43
2024-01-01 03:32:00,45045.53,45048.68,45021.23,45032.14,20.800059,936671.16
2024-01-01 03:33:00,45062.47,45070.24,45054.63,45064.71,10.879356,490275.01
2024-01-01 03:34:00,45010.68,45079.12,44991.2,45048.95,6.457869,290920.18
2024-01-01 03:35:00,45067.59,45099.24,45053.63,45086.89,37.265564,1680188.57
2024-01-01 03:36:00,45066.18,45080.1,45016.27,45048.25,21.604154,973229.38
2024-01-01 03:37:00,44981.6,45036.44,44951.16,45036.41,7.500587,337799.54
2024-01-01 03:38:00,45035.89,45036.81,45010.72,45012.14,6.688569,301066.85
2024-01-01 03:39:00,45026.66,45044.31,44999.05,45016.24,10.849599,488408.15
2024-01-01 03:40:00,45158.29,45180.23,45125.96,45131.97,4.144195,187035.7
2024-01-01 03:41:00,45034.64,45042.2,45019.44,45038.61,24.847863,1119113.16
2024-01-01 03:42:00,45031.69,45084.91,45029.05,45072.92,11.763694,530224.06
2024-01-01 03:43:00,45000.89,45006.35,44973.0,44992.28,21.601471,971899.51
2024-01-01 03:44:00,44994.18,44994.29,44915.7,44968.69,0.984668,44279.24
2024-01-01 03:45:00,45041.63,45044.69,45019.1,45023.14,15.234257,685894.0
2024-01-01 03:46:00,45013.1,45036.67,45008.91,45026.35,12.162239,547621.25
2024-01-01 03:47:00,44974.2,44978.79,44952.51,44972.46,30.909844,1390091.81
2024-01-01 03:48:00,44926.04,44945.41,44925.49,44936.7,7.926152,356175.1
2024-01-01 03:49:00,44954.29,44984.2,44939.25,44970.68,26.021837,1170219.62
2024-01-01 03:50:00,44953.27,44954.69,44927.35,44934.16,3.732945,167736.74
2024-01-01 03:51:00,44921.03,44964.45,44915.97,44944.98,49.346439,2217874.8
2024-01-01 03:52:00,44929.38,44958.11,44913.57,44947.26,1.263168,56775.94
2024-01-01 03:53:00,44892.6,44962.67,44855.63,44914.68,3.699982,166183.53
2024-01-01 03:54:00,44992.07,45029.29,44991.88,45021.88,7.990158,359731.9
2024-01-01 03:55:00,45056.5,45057.07,45047.57,45053.57,4.560378,205461.33
2024-01-01 03:56:00,44975.55,44977.59,44931.91,44952.32,14.973129,673076.81
2024-01-01 03:57:00,44957.94,44991.34,44950.02,44961.64,24.552047,1103900.28
2024-01-01 03:58:00,44898.43,44937.17,44890.69,44928.55,51.252974,2302721.8
2024-01-01 03:59:00,44987.97,44995.93,44957.35,44971.17,4.350667,195654.6
2024-01-01 04:00:00,44965.26,44989.91,44909.16,44931.55,16.835278,756435.07
2024-01-01 04:01:00,44912.88,44931.28,44910.79,44925.81,12.843388,576999.59
2024-01-01 04:02:00,44941.49,44958.36,44935.01,44951.06,33.782313,1518550.72
2024-01-01 04:03:00,45004.66,45016.45,44980.15,44994.35,20.957017,942947.26
2024-01-01 04:04:00,44966.77,44978.77,44924.2,44934.33,23.121799,1038962.54
2024-01-01 04:05:00,44907.21,44944.73,44903.71,44917.61,22.652361,1017489.81
2024-01-01 04:06:00,44867.21,44913.0,44851.5,44893.86,13.812054,620076.4
2024-01-01 04:07:00,44873.82,44886.93,44845.62,44861.19,20.321186,911632.61
2024-01-01 04:08:00,44965.45,44967.59,44948.45,44949.46,28.806007,1294814.61
2024-01-01 04:09:00,44969.84,44977.43,44945.44,44969.71,19.378587,871449.5
2024-01-01 04:10:00,44895.51,44906.75,44872.52,44906.67,22.191893,996564.0
2024-01-01 04:11:00,44972.45,44989.96,44946.0,44952.56,40.052984,1800484.29
2024-01-01 04:12:00,45069.23,45069.29,45039.53,45058.67,6.437794,290078.44
2024-01-01 04:13:00,45094.92,45118.4,45067.03,45110.29,0.548084,24724.21
2024-01-01 04:14:00,45035.31,45048.01,45020.27,45034.33,22.66189,1020562.94
2024-01-01 04:15:00,44983.08,45019.39,44983.07,45010.11,13.38402,602416.28
2024-01-01 04:16:00,45087.18,45092.49,45071.07,45073.46,4.683012,211079.54
2024-01-01 04:17:00,45032.83,45066.47,45021.89,45038.08,27.834886,1253629.69
2024-01-01 04:18:00,45051.55,45081.71,45017.95,45060.27,18.422044,830102.23
2024-01-01 04:19:00,45098.34,45107.74,45095.48,45099.0,8.7e-05,3.91
2024-01-01 04:20:00,45053.46,45055.73,45041.35,45052.65,12.534472,564711.22
2024-01-01 04:21:00,45067.57,45088.59,45047.93,45049.68,5.478708,246814.03
2024-01-01 04:22:00,44899.43,44911.35,44885.78,44887.61,33.712972,1513294.79
2024-01-01 04:23:00,44833.26,44870.8,44829.32,44836.39,38.101273,1708323.62
2024-01-01 04:24:00,44839.04,44854.85,44800.34,44823.76,15.156683,679379.57
2024-01-01 04:25:00,44769.39,44774.46,44753.18,44761.38,20.644194,924062.5
2024-01-01 04:26:00,44834.46,44869.8,44827.43,44843.0,20.097098,901214.08
2024-01-01 04:27:00,44768.99,44784.95,44744.01,44771.49,3.44672,154314.76
2024-01-01 04:28:00,44746.52,44759.98,44743.59,44749.49,14.76301,660637.12
2024-01-01 04:29:00,44766.13,44769.97,44749.88,44756.02,15.906168,711896.82
2024-01-01 04:30:00,44820.75,44832.4,44813.49,44828.09,9.17139,411135.86
2024-01-01 04:31:00,44748.49,44760.63,44742.24,44756.29,8.263969,369864.63
2024-01-01 04:32:00,44853.83,44866.21,44811.79,44814.45,11.21942,502792.16
2024-01-01 04:33:00,44833.76,44837.74,44795.43,44814.96,15.454542,692594.73
2024-01-01 04:34:00,44750.68,44771.66,44746.0,44765.89,4.237957,189715.89
2024-01-01 04:35:00,44800.41,44820.65,44785.91,44788.99,32.926675,1474752.61
2024-01-01 04:36:00,44801.31,44816.68,44797.11,44798.95,41.142783,1843153.34
2024-01-01 04:37:00,44776.77,44786.84,44760.43,44768.94,9.348799,418535.8
2024-01-01 04:38:00,44775.17,44791.48,44762.59,44772.43,21.643978,969053.42
2024-01-01 04:39:00,44776.95,44780.15,44750.8,44753.16,1.269882,56831.25
2024-01-01 04:40:00,44765.75,44777.25,44755.38,44758.84,31.312936,1401530.56
2024-01-01 04:41:00,44790.7,44799.83,44764.84,44791.94,7.87045,352532.73
2024-01-01 04:42:00,44892.09,44895.96,44859.26,44871.24,3.833119,171996.83
2024-01-01 04:43:00,44814.02,44818.92,44801.18,44809.35,12.819386,574428.37
2024-01-01 04:44:00,44918.43,44953.11,44913.34,44916.0,7.980478,358451.18
2024-01-01 04:45:00,44824.68,44825.8,44788.01,44818.4,4.367088,195725.88
2024-01-01 04:46:00,44808.94,44820.08,44796.82,44810.81,1.492661,66887.33
2024-01-01 04:47:00,44840.41,44869.54,44830.52,44840.23,16.877251,756779.75
2024-01-01 04:48:00,44842.54,44867.19,44838.42,44854.28,17.277836,774984.81
2024-01-01 04:49:00,44808.12,44839.44,44807.62,44823.14,26.041254,1167250.81
2024-01-01 04:50:00,44792.76,44827.05,44782.92,44812.73,1.727018,77392.39
2024-01-01 04:51:00,44760.25,44794.32,44756.15,44788.08,51.341965,2299508.29
2024-01-01 04:52:00,44741.02,44774.15,44723.63,44758.62,3.693689,165324.42
2024-01-01 04:53:00,44797.61,44806.27,44792.93,44801.1,0.396486,17762.99
2024-01-01 04:54:00,44821.01,44824.41,44815.09,44818.95,1.253724,56190.58
2024-01-01 04:55:00,44778.88,44793.76,44773.72,44784.3,0.595948,26689.11
2024-01-01 04:56:00,44782.17,44845.99,44778.48,44829.28,22.144561,992724.78
2024-01-01 04:57:00,44876.14,44907.21,44825.42,44844.65,9.154476,410529.24
2024-01-01 04:58:00,44907.02,44909.05,44873.23,44885.29,29.741633,1334961.84
2024-01-01 04:59:00,44925.69,44939.78,44896.98,44916.77,19.288429,866373.98
2024-01-01 05:00:00,44913.47,44918.62,44873.61,44875.32,10.629849,477017.9
2024-01-01 05:01:00,44827.77,44858.65,44827.56,44847.31,17.459087,782993.12
2024-01-01 05:02:00,44922.43,44939.9,44852.4,44884.68,33.926938,1522799.66
2024-01-01 05:03:00,44895.89,44922.52,44890.94,44915.2,23.133919,1039064.52
2024-01-01 05:04:00,44918.93,44924.86,44899.41,44914.15,15.61114,701161.09
2024-01-01 05:05:00,44894.54,44938.2,44887.97,44920.02,18.454851,828992.23
2024-01-01 05:06:00,44984.19,44996.47,44976.45,44983.9,13.053697,587206.19
2024-01-01 05:07:00,44962.05,44992.54,44953.22,44954.32,61.433924,2761720.39
2024-01-01 05:08:00,44978.58,44989.15,44975.28,44981.68,20.562514,924936.38
2024-01-01 05:09:00,44985.84,45001.0,44957.33,44971.57,22.558294,1014481.83
2024-01-01 05:10:00,44962.66,44986.42,44947.88,44960.68,9.426152,423806.24
2024-01-01 05:11:00,45005.17,45033.28,45000.06,45015.62,35.951362,1618372.93
2024-01-01 05:12:00,45045.56,45059.23,45037.72,45056.89,4.693128,211457.78
2024-01-01 05:13:00,45113.79,45115.53,45081.16,45097.57,11.518943,519476.31
2024-01-01 05:14:00,45149.77,45171.76,45145.48,45162.84,6.456756,291605.47
2024-01-01 05:15:00,45182.2,45200.63,45147.92,45163.89,6.631064,299484.67
2024-01-01 05:16:00,45222.44,45227.32,45183.52,45197.99,3.214961,145309.76
2024-01-01 05:17:00,45149.1,45200.4,45121.0,45182.48,25.430577,1149016.45
2024-01-01 05:18:00,45221.34,45239.24,45182.44,45198.69,35.115086,1587155.69
2024-01-01 05:19:00,45233.39,45255.54,45179.55,45192.18,13.419259,606445.54
2024-01-01 05:20:00,45202.07,45218.08,45196.84,45197.03,1.347575,60906.36
2024-01-01 05:21:00,45238.77,45251.51,45204.16,45226.79,2.752309,124478.1
2024-01-01 05:22:00,45206.61,45212.21,45169.32,45185.87,11.99068,541809.36
2024-01-01 05:23:00,45284.98,45307.67,45273.69,45290.49,14.360602,650398.78
2024-01-01 05:24:00,45243.84,45251.29,45233.54,45240.19,18.699184,845954.68
2024-01-01 05:25:00,45153.2,45187.66,45149.47,45179.48,1.212802,54793.78
2024-01-01 05:26:00,45240.16,45240.26,45226.5,45237.39,20.585823,931248.87
2024-01-01 05:27:00,45286.93,45303.71,45274.82,45276.97,19.004745,860477.3
2024-01-01 05:28:00,45318.5,45340.04,45301.66,45308.18,2.098145,95063.12
2024-01-01 05:29:00,45360.9,45378.65,45332.17,45339.6,24.38982,1105824.59
2024-01-01 05:30:00,45323.49,45357.83,45293.69,45338.98,7.698734,349052.75
2024-01-01 05:31:00,45283.47,45313.69,45272.02,45294.12,41.351907,1872998.24
2024-01-01 05:32:00,45335.82,45349.31,45282.81,45297.91,23.871432,1081325.99
2024-01-01 05:33:00,45261.05,45280.62,45233.17,45264.05,36.350445,1645368.45
2024-01-01 05:34:00,45316.81,45325.21,45308.49,45312.81,24.571618,1113409.02
2024-01-01 05:35:00,45304.12,45313.63,45284.47,45305.46,5.463005,247503.91
2024-01-01 05:36:00,45247.75,45264.35,45220.61,45264.18,2.50562,113414.85
2024-01-01 05:37:00,45280.58,45301.65,45237.14,45248.11,45.646062,2065398.09
2024-01-01 05:38:00,45258.2,45297.38,45243.38,45268.76,10.522619,476345.9
2024-01-01 05:39:00,45218.03,45244.46,45198.47,45240.57,5.719897,258771.4
2024-01-01 05:40:00,45190.45,45239.35,45167.53,45199.46,8.706921,393548.12
2024-01-01 05:41:00,45171.61,45216.1,45161.07,45211.65,20.439219,924090.72
2024-01-01 05:42:00,45210.87,45237.91,45202.22,45223.89,0.254369,11503.55
2024-01-01 05:43:00,45179.18,45201.92,45176.96,45198.55,5.419922,244972.6
2024-01-01 05:44:00,45187.34,45198.24,45170.59,45174.99,2.83291,127976.69
2024-01-01 05:45:00,45173.13,45191.95,45167.72,45186.6,24.397243,1102428.41
2024-01-01 05:46:00,45131.95,45150.47,45090.93,45114.19,25.235751,1138490.54
2024-01-01 05:47:00,45071.79,45085.08,45004.69,45043.82,7.80777,351691.77
2024-01-01 05:48:00,45023.52,45028.34,45006.34,45007.9,2.54516,114552.29
2024-01-01 05:49:00,44992.92,45013.21,44986.12,44997.23,4.517573,203278.23
2024-01-01 05:50:00,45015.59,45027.08,45011.93,45012.77,13.667041,615191.37
2024-01-01 05:51:00,45056.04,45093.38,45036.78,45086.54,28.133897,1268460.02
2024-01-01 05:52:00,45126.75,45133.98,45114.31,45129.42,13.933307,628802.06
2024-01-01 05:53:00,45104.22,45145.22,45088.22,45121.42,33.812954,1525688.64
2024-01-01 05:54:00,45134.36,45134.99,45111.28,45120.47,25.195064,1136813.2
2024-01-01 05:55:00,45121.8,45148.12,45055.21,45070.35,16.979817,765286.26
2024-01-01 05:56:00,45079.42,45089.12,45029.0,45069.42,4.304808,194015.2
2024-01-01 05:57:00,45015.17,45087.06,45005.64,45054.99,13.968627,629356.34
2024-01-01 05:58:00,45063.9,45081.81,45054.96,45071.12,8.322283,375094.65
2024-01-01 05:59:00,45032.21,45044.03,45019.63,45029.76,27.454704,1236278.81
2024-01-01 06:00:00,45057.48,45073.71,45043.65,45055.73,2.215053,99800.81
2024-01-01 06:01:00,45117.75,45146.66,45104.18,45132.37,9.332276,421187.69
2024-01-01 06:02:00,45131.83,45161.88,45114.96,45126.93,3.767145,169999.71
2024-01-01 06:03:00,45122.16,45151.92,45115.78,45147.01,29.540387,1333660.27
2024-01-01 06:04:00,45162.62,45191.46,45158.04,45181.52,22.593457,1020806.79
2024-01-01 06:05:00,45174.38,45176.75,45159.8,45161.46,11.74296,530329.24
2024-01-01 06:06:00,45152.35,45177.42,45138.31,45172.67,36.519264,1649672.48
2024-01-01 06:07:00,45184.06,45207.57,45159.4,45173.3,32.897125,1486071.53
2024-01-01 06:08:00,45150.79,45193.4,45144.61,45178.18,25.769645,1164225.62
2024-01-01 06:09:00,45174.82,45192.53,45136.58,45139.53,13.559676,612077.4
2024-01-01 06:10:00,45125.27,45142.59,45116.97,45140.75,25.664781,1158527.55
2024-01-01 06:11:00,45161.18,45183.76,45149.32,45165.65,5.952835,268863.69
2024-01-01 06:12:00,45244.82,45268.56,45215.72,45238.21,2.101115,95050.7
2024-01-01 06:13:00,45274.87,45287.45,45263.23,45286.17,3.651029,165341.16
2024-01-01 06:14:00,45396.7,45401.43,45384.38,45393.83,6.565669,298040.87
2024-01-01 06:15:00,45366.97,45367.97,45344.23,45355.47,2.515075,114072.4
2024-01-01 06:16:00,45418.29,45419.72,45394.4,45399.08,13.395086,608124.61
2024-01-01 06:17:00,45424.08,45448.93,45406.42,45408.25,6.541137,297021.57
2024-01-01 06:18:00,45514.3,45541.03,45510.0,45517.74,14.41077,655945.67
2024-01-01 06:19:00,45474.39,45481.01,45442.76,45477.32,21.065431,957999.43
2024-01-01 06:20:00,45482.32,45499.77,45433.77,45435.34,4.112697,186861.76
2024-01-01 06:21:00,45424.37,45455.38,45398.6,45405.37,4.745865,215487.73
2024-01-01 06:22:00,45280.74,45334.09,45276.78,45299.17,30.128053,1364775.9
2024-01-01 06:23:00,45274.89,45286.44,45265.69,45272.89,25.413074,1150523.23
2024-01-01 06:24:00,45228.23,45244.21,45208.7,45234.93,11.575305,523608.12
2024-01-01 06:25:00,45239.74,45249.27,45223.24,45242.45,6.476472,293011.47
2024-01-01 06:26:00,45234.95,45266.86,45223.42,45259.54,33.438328,1513403.24
2024-01-01 06:27:00,45345.11,45361.09,45340.59,45353.35,15.770424,715241.49
2024-01-01 06:28:00,45437.1,45445.3,45387.36,45400.87,11.124795,505075.35
2024-01-01 06:29:00,45383.6,45385.03,45369.32,45372.02,9.281173,421105.57
2024-01-01 06:30:00,45277.28,45328.36,45269.81,45327.1,23.120117,1047967.88
2024-01-01 06:31:00,45376.03,45399.62,45348.37,45351.7,34.522826,1565668.73
2024-01-01 06:32:00,45307.48,45319.77,45266.73,45285.69,26.080313,1181064.86
2024-01-01 06:33:00,45370.07,45386.3,45366.82,45377.26,25.253204,1145921.15
2024-01-01 06:34:00,45450.58,45460.81,45432.68,45436.23,8.460249,384401.81
2024-01-01 06:35:00,45395.58,45430.85,45379.16,45412.77,11.326794,514381.12
2024-01-01 06:36:00,45317.71,45362.31,45315.45,45327.11,8.030467,363997.89
2024-01-01 06:37:00,45424.78,45434.63,45389.8,45394.81,18.551929,842161.27
2024-01-01 06:38:00,45383.65,45411.47,45360.3,45389.08,26.404582,1198479.73
2024-01-01 06:39:00,45413.58,45461.78,45397.06,45450.97,10.099593,459036.34
2024-01-01 06:40:00,45369.98,45379.26,45356.59,45371.25,15.934973,722989.66
2024-01-01 06:41:00,45339.71,45344.28,45339.28,45341.28,31.928743,1447690.14
2024-01-01 06:42:00,45365.51,45395.71,45321.61,45341.54,48.823412,2213728.89
2024-01-01 06:43:00,45344.18,45352.03,45325.68,45343.89,19.888941,901842.02
2024-01-01 06:44:00,45312.96,45336.98,45304.75,45321.39,21.36883,968465.07
2024-01-01 06:45:00,45373.43,45390.45,45338.05,45352.53,3.359188,152347.7
2024-01-01 06:46:00,45301.57,45304.83,45294.8,45299.15,13.60056,616093.83
2024-01-01 06:47:00,45277.03,45307.08,45254.63,45292.03,17.014426,770617.92
2024-01-01 06:48:00,45321.15,45346.26,45291.98,45298.05,6.348541,287576.52
2024-01-01 06:49:00,45327.64,45330.89,45311.18,45323.77,36.99721,1676853.03
2024-01-01 06:50:00,45359.41,45373.98,45351.52,45359.35,13.534895,613934.04
2024-01-01 06:51:00,45306.68,45311.16,45288.54,45303.12,16.112,729923.84
2024-01-01 06:52:00,45205.0,45243.52,45193.52,45226.41,6.760739,305763.97
2024-01-01 06:53:00,45279.74,45309.94,45263.35,45290.3,8.793214,398247.29
2024-01-01 06:54:00,45306.98,45320.6,45306.56,45306.91,34.374205,1557389.09
2024-01-01 06:55:00,45265.59,45274.7,45252.35,45269.49,12.918121,584796.7
2024-01-01 06:56:00,45372.49,45380.29,45338.25,45347.04,13.385901,607011.06
2024-01-01 06:57:00,45357.18,45366.22,45348.97,45352.83,13.644042,618795.88
2024-01-01 06:58:00,45428.89,45451.22,45406.9,45411.79,2.709747,123054.48
2024-01-01 06:59:00,45415.36,45415.36,45414.81,45415.17,18.1588,824684.99
2024-01-01 07:00:00,45539.33,45554.72,45498.91,45518.21,41.451483,1886797.18
2024-01-01 07:01:00,45613.92,45619.95,45602.6,45605.97,31.36588,1430471.52
2024-01-01 07:02:00,45593.79,45600.98,45571.75,45593.53,34.980873,1594901.34
2024-01-01 07:03:00,45641.84,45659.69,45625.45,45642.1,11.450377,522619.32
2024-01-01 07:04:00,45655.28,45688.89,45635.34,45674.37,38.898405,1776660.27
2024-01-01 07:05:00,45752.94,45788.03,45724.07,45742.8,49.337416,2256831.77
2024-01-01 07:06:00,45693.75,45707.08,45653.83,45694.56,30.896448,1411799.56
2024-01-01 07:07:00,45718.82,45731.3,45711.85,45728.86,42.956448,1964349.45
2024-01-01 07:08:00,45803.91,45808.66,45777.73,45781.78,25.956972,1188356.45
2024-01-01 07:09:00,45668.84,45696.98,45667.82,45693.85,6.932152,316756.68
2024-01-01 07:10:00,45626.23,45646.09,45622.82,45634.68,20.152637,919659.21
2024-01-01 07:11:00,45553.28,45557.06,45523.11,45532.72,10.406854,473852.38
2024-01-01 07:12:00,45525.56,45542.64,45511.49,45519.25,1.947483,88647.96
2024-01-01 07:13:00,45554.17,45583.47,45551.81,45555.13,16.325609,743715.18
2024-01-01 07:14:00,45635.27,45638.56,45619.37,45630.25,13.640369,622413.4
2024-01-01 07:15:00,45637.54,45637.86,45628.0,45633.95,19.261508,878978.7
2024-01-01 07:16:00,45685.05,45723.95,45679.75,45715.38,25.84178,1181366.81
2024-01-01 07:17:00,45639.39,45665.62,45624.43,45646.38,6.915241,315655.69
2024-01-01 07:18:00,45593.54,45597.88,45522.06,45561.21,20.97997,955872.75
2024-01-01 07:19:00,45545.24,45573.28,45533.95,45558.43,24.967473,1137478.87
2024-01-01 07:20:00,45571.27,45579.72,45552.22,45577.63,26.27546,1197573.24
2024-01-01 07:21:00,45565.17,45602.47,45528.0,45576.0,15.025165,684786.9
2024-01-01 07:22:00,45470.89,45482.39,45460.57,45472.63,2.415517,109839.9
2024-01-01 07:23:00,45456.51,45488.71,45446.24,45468.17,20.029418,910700.96
2024-01-01 07:24:00,45412.68,45431.8,45395.59,45402.95,4.005738,181872.29
2024-01-01 07:25:00,45440.38,45442.65,45434.77,45436.43,28.021128,1273180.01
2024-01-01 07:26:00,45470.23,45490.86,45445.74,45454.76,18.546159,843011.21
2024-01-01 07:27:00,45386.75,45437.79,45373.19,45407.77,8.765557,398024.36
2024-01-01 07:28:00,45375.27,45390.06,45369.23,45382.07,5.379902,244151.12
2024-01-01 07:29:00,45324.6,45333.93,45309.41,45329.11,32.389509,1468187.67
2024-01-01 07:30:00,45335.09,45341.85,45319.99,45325.98,21.180989,960049.04
2024-01-01 07:31:00,45357.87,45377.68,45337.91,45373.73,52.059394,2362129.13
2024-01-01 07:32:00,45342.76,45343.74,45312.88,45324.45,20.524385,930256.45
2024-01-01 07:33:00,45373.38,45383.31,45340.49,45349.65,22.198338,1006686.87
2024-01-01 07:34:00,45303.36,45330.88,45291.91,45323.14,19.305376,874980.24
2024-01-01 07:35:00,45273.68,45306.44,45257.48,45283.49,16.209688,734031.3
2024-01-01 07:36:00,45267.5,45285.66,45254.85,45278.14,3.669435,166145.2
2024-01-01 07:37:00,45279.03,45294.34,45210.35,45226.38,26.528646,1199794.64
2024-01-01 07:38:00,45190.1,45215.73,45176.21,45198.7,16.693689,754533.01
2024-01-01 07:39:00,45172.36,45185.36,45137.94,45138.8,29.705464,1340869.11
2024-01-01 07:40:00,45211.71,45240.08,45181.11,45237.04,52.651902,2381816.25
2024-01-01 07:41:00,45219.01,45270.9,45204.31,45238.8,5.967246,269951.08
2024-01-01 07:42:00,45190.09,45210.41,45188.81,45203.82,28.934131,1307933.19
2024-01-01 07:43:00,45197.6,45224.18,45184.99,45214.52,23.671863,1070311.86
2024-01-01 07:44:00,45203.54,45235.87,45202.7,45208.9,49.585896,2241723.81
2024-01-01 07:45:00,45183.68,45212.54,45168.4,45197.85,24.107691,1089615.86
2024-01-01 07:46:00,45212.17,45229.76,45181.48,45228.56,22.028208,996304.12
2024-01-01 07:47:00,45289.6,45291.76,45264.35,45266.44,27.029065,1223509.41
2024-01-01 07:48:00,45264.39,45272.18,45208.62,45239.91,28.425322,1285959.03
2024-01-01 07:49:00,45230.11,45232.22,45208.7,45211.12,39.087403,1767185.25
2024-01-01 07:50:00,45207.85,45226.82,45193.82,45197.37,6.387571,288701.37
2024-01-01 07:51:00,45084.13,45088.94,45061.86,45082.27,2.153224,97072.25
2024-01-01 07:52:00,44996.57,45021.26,44985.89,45006.51,44.705722,2012048.6
2024-01-01 07:53:00,45055.79,45090.81,45047.9,45074.86,29.174299,1315027.29
2024-01-01 07:54:00,45164.36,45175.4,45151.01,45157.1,8.305415,375048.49
2024-01-01 07:55:00,45121.18,45145.1,45115.47,45144.65,12.9912,586483.19
2024-01-01 07:56:00,45153.6,45182.99,45145.01,45173.48,6.461762,291900.29
2024-01-01 07:57:00,45212.1,45221.3,45188.56,45189.04,41.618961,1880720.96
2024-01-01 07:58:00,45381.0,45411.3,45323.24,45342.99,19.518756,885038.66
2024-01-01 07:59:00,45406.83,45423.93,45386.53,45398.96,2.253718,102316.46
2024-01-01 08:00:00,45414.7,45430.01,45385.85,45392.57,2.688186,122023.68
2024-01-01 08:01:00,45339.87,45357.03,45335.26,45344.79,15.636512,709034.36
2024-01-01 08:02:00,45237.72,45270.77,45190.34,45264.47,33.319081,1508170.52
2024-01-01 08:03:00,45286.89,45301.87,45265.52,45274.64,12.768162,578073.98
2024-01-01 08:04:00,45248.21,45266.19,45219.84,45236.83,7.311593,330753.27
2024-01-01 08:05:00,45167.15,45171.54,45154.19,45165.71,3.905674,176402.54
2024-01-01 08:06:00,45128.54,45137.15,45116.01,45133.38,17.480777,788966.61
2024-01-01 08:07:00,45098.55,45109.13,45072.2,45079.31,16.37141,738011.83
2024-01-01 08:08:00,45143.95,45165.0,45138.47,45163.66,4.484371,202530.64
2024-01-01 08:09:00,45192.27,45210.78,45170.51,45207.75,30.528324,1380116.68
2024-01-01 08:10:00,45187.18,45219.44,45181.82,45207.35,44.120866,1994587.3
2024-01-01 08:11:00,45283.04,45295.02,45279.72,45281.34,10.979959,497187.32
2024-01-01 08:12:00,45263.45,45319.74,45255.27,45285.21,16.042753,726499.47
2024-01-01 08:13:00,45228.46,45244.44,45227.4,45242.15,12.098692,547370.84
2024-01-01 08:14:00,45304.19,45339.07,45292.74,45318.3,24.743791,1121346.63
2024-01-01 08:15:00,45340.04,45351.82,45325.94,45345.25,19.283484,874414.42
2024-01-01 08:16:00,45263.64,45310.48,45219.96,45293.39,3.47791,157526.34
2024-01-01 08:17:00,45285.61,45290.21,45277.36,45283.87,4.86985,220525.68
2024-01-01 08:18:00,45265.04,45267.66,45212.23,45240.09,46.951405,2124085.78
2024-01-01 08:19:00,45173.66,45190.71,45167.37,45170.95,17.655405,797511.4
2024-01-01 08:20:00,45248.09,45264.57,45212.75,45217.26,8.353426,377719.02
2024-01-01 08:21:00,45339.41,45350.29,45292.39,45312.73,27.110886,1228468.24
2024-01-01 08:22:00,45258.36,45271.58,45239.69,45242.8,14.593146,660234.81
2024-01-01 08:23:00,45272.44,45272.84,45263.67,45270.95,11.177847,506031.73
2024-01-01 08:24:00,45238.87,45257.28,45224.34,45238.42,29.571146,1337751.85
2024-01-01 08:25:00,45229.34,45229.99,45209.29,45214.06,42.255262,1910531.99
2024-01-01 08:26:00,45176.61,45203.3,45169.14,45184.44,26.140792,1181157.1
2024-01-01 08:27:00,45103.59,45167.39,45097.69,45141.24,37.584374,1696605.35
2024-01-01 08:28:00,45153.51,45158.26,45119.47,45143.67,7.421558,335036.34
2024-01-01 08:29:00,45079.5,45127.02,45066.7,45102.12,1.464554,66054.51
2024-01-01 08:30:00,45096.4,45128.25,45087.9,45115.64,16.75514,755918.91
2024-01-01 08:31:00,45113.14,45117.28,45071.87,45113.13,13.876987,626034.34
2024-01-01 08:32:00,45099.28,45115.33,45088.3,45101.18,16.345116,737184.09
2024-01-01 08:33:00,45027.56,45060.02,45016.24,45055.81,38.816293,1748899.36
2024-01-01 08:34:00,45030.28,45043.53,45024.78,45026.97,17.448904,785671.21
2024-01-01 08:35:00,45084.06,45084.93,45042.01,45064.74,3.943842,177728.2
2024-01-01 08:36:00,45067.22,45109.41,45053.09,45089.78,18.113535,816735.36
2024-01-01 08:37:00,45066.35,45068.59,45014.59,45040.91,32.189771,1449856.43
2024-01-01 08:38:00,45014.67,45061.39,44993.08,45045.87,27.824394,1253374.06
2024-01-01 08:39:00,45125.79,45149.62,45081.62,45083.44,22.428696,1011162.79
2024-01-01 08:40:00,44991.75,45011.55,44989.14,44999.97,15.491637,697123.21
2024-01-01 08:41:00,45030.05,45036.2,45013.9,45027.14,1.626544,73238.63
2024-01-01 08:42:00,44956.17,45006.31,44946.85,44994.01,10.655976,479455.08
2024-01-01 08:43:00,45021.29,45039.35,45009.35,45022.54,13.820121,622216.94
2024-01-01 08:44:00,44988.94,45012.25,44962.75,44984.37,17.879326,804290.29
2024-01-01 08:45:00,44892.41,44914.19,44860.69,44894.13,19.965601,896338.31
2024-01-01 08:46:00,44801.49,44847.73,44798.79,44812.75,31.88609,1428903.47
2024-01-01 08:47:00,44796.23,44841.04,44794.53,44815.16,21.234637,951633.61
2024-01-01 08:48:00,44850.75,44852.87,44826.53,44828.14,31.017429,1390453.76
2024-01-01 08:49:00,44783.54,44808.26,44778.18,44782.93,7.389067,330904.07
2024-01-01 08:50:00,44845.67,44846.5,44795.5,44814.86,25.416849,1139052.48
2024-01-01 08:51:00,44721.25,44737.58,44698.12,44731.78,10.02941,448633.39
2024-01-01 08:52:00,44719.78,44747.59,44702.39,44728.48,8.796283,393444.34
2024-01-01 08:53:00,44684.24,44688.6,44666.37,44667.93,26.629712,1189494.03
2024-01-01 08:54:00,44602.88,44647.69,44595.55,44635.33,10.631693,474549.18
2024-01-01 08:55:00,44613.44,44648.43,44604.29,44637.7,34.49573,1539810.2
2024-01-01 08:56:00,44616.63,44619.69,44555.9,44594.68,11.404213,508567.28
2024-01-01 08:57:00,44552.02,44584.08,44546.71,44575.46,24.4365,1089268.13
2024-01-01 08:58:00,44589.39,44656.94,44577.69,44625.77,15.463704,690079.73
2024-01-01 08:59:00,44634.3,44642.33,44594.86,44596.93,1.408516,62815.5
2024-01-01 09:00:00,44610.83,44645.32,44609.54,44638.71,6.267044,279752.76
2024-01-01 09:01:00,44585.91,44588.09,44580.22,44582.23,33.59369,1497681.46
2024-01-01 09:02:00,44610.1,44615.39,44595.92,44608.72,24.333481,1085485.35
2024-01-01 09:03:00,44624.58,44687.23,44617.09,44680.79,2.351916,105085.48
2024-01-01 09:04:00,44551.87,44570.43,44549.37,44557.21,17.749431,790865.16
2024-01-01 09:05:00,44526.34,44530.33,44506.92,44517.37,14.136932,629338.98
2024-01-01 09:06:00,44553.31,44556.68,44525.54,44546.22,1.637596,72948.73
2024-01-01 09:07:00,44554.14,44555.02,44532.63,44536.07,6.4513,287315.53
2024-01-01 09:08:00,44546.88,44556.7,44531.2,44554.63,19.088452,850478.82
2024-01-01 09:09:00,44538.68,44552.35,44523.89,44524.43,30.815057,1372022.75
2024-01-01 09:10:00,44514.97,44529.67,44484.8,44528.76,8.060444,358921.54
2024-01-01 09:11:00,44492.76,44524.59,44478.4,44520.97,11.093199,493880.02
2024-01-01 09:12:00,44553.41,44585.39,44540.12,44579.36,6.658604,296836.33
2024-01-01 09:13:00,44562.84,44594.79,44542.8,44592.08,4.452306,198537.59
2024-01-01 09:14:00,44629.15,44632.65,44603.56,44608.96,12.449196,555345.7
2024-01-01 09:15:00,44558.08,44589.22,44547.57,44588.37,2.265145,100999.1
2024-01-01 09:16:00,44569.47,44577.77,44555.36,44563.99,5.682765,253246.67
2024-01-01 09:17:00,44537.04,44547.06,44531.74,44542.36,37.725828,1680397.45
2024-01-01 09:18:00,44560.03,44565.4,44549.61,44562.08,25.000839,1114089.48
2024-01-01 09:19:00,44568.31,44571.01,44509.93,44541.03,13.691234,609821.72
2024-01-01 09:20:00,44546.75,44570.53,44544.25,44555.52,5.709321,254381.8
2024-01-01 09:21:00,44671.52,44682.17,44641.41,44659.29,36.7298,1640326.88
2024-01-01 09:22:00,44703.6,44712.55,44701.85,44702.85,6.385454,285447.98
2024-01-01 09:23:00,44683.51,44687.05,44679.88,44686.55,10.943091,489008.98
2024-01-01 09:24:00,44792.61,44822.93,44727.6,44746.61,5.687799,254509.73
2024-01-01 09:25:00,44697.38,44729.45,44694.43,44726.2,16.992685,760018.31
2024-01-01 09:26:00,44650.08,44660.51,44618.16,44624.3,65.512449,2923447.08
2024-01-01 09:27:00,44587.02,44587.25,44553.33,44573.89,32.196201,1435110.04
2024-01-01 09:28:00,44470.76,44501.18,44462.55,44480.35,13.982323,621938.67
2024-01-01 09:29:00,44495.37,44503.18,44412.56,44462.78,36.104378,1605300.96
2024-01-01 09:30:00,44426.74,44476.91,44423.4,44463.7,20.179193,897241.57
2024-01-01 09:31:00,44537.09,44554.01,44530.31,44547.52,10.192638,454056.78
2024-01-01 09:32:00,44539.7,44597.17,44531.48,44563.87,0.332702,14826.51
2024-01-01 09:33:00,44561.15,44561.63,44533.69,44552.91,2.808481,125126.01
2024-01-01 09:34:00,44572.12,44610.77,44565.61,44594.38,6.556148,292367.36
2024-01-01 09:35:00,44492.49,44494.47,44483.4,44483.83,3.346346,148858.26
2024-01-01 09:36:00,44491.88,44518.87,44456.1,44495.61,31.141232,1385648.04
2024-01-01 09:37:00,44524.56,44545.69,44500.41,44534.15,36.565894,1628431.03
2024-01-01 09:38:00,44467.99,44491.04,44453.98,44460.22,18.526079,823673.58
2024-01-01 09:39:00,44512.04,44525.83,44510.93,44517.41,5.278549,234987.34
2024-01-01 09:40:00,44512.56,44536.48,44506.23,44534.33,15.169397,675559.01
2024-01-01 09:41:00,44569.6,44585.26,44507.49,44513.57,26.100511,1161826.92
2024-01-01 09:42:00,44535.47,44555.47,44528.69,44545.21,30.033966,1337869.28
2024-01-01 09:43:00,44614.39,44672.65,44608.37,44658.74,17.400937,777103.97
2024-01-01 09:44:00,44650.99,44687.44,44634.97,44667.84,40.553231,1811425.09
2024-01-01 09:45:00,44654.9,44700.74,44635.47,44680.25,2.330241,104115.75
2024-01-01 09:46:00,44673.8,44705.18,44627.2,44657.28,32.799126,1464719.73
2024-01-01 09:47:00,44621.22,44641.77,44602.23,44614.79,24.087197,1074645.18
2024-01-01 09:48:00,44664.28,44682.97,44647.7,44656.3,2.200008,98244.21
2024-01-01 09:49:00,44606.1,44621.0,44600.68,44613.5,14.653718,653753.63
2024-01-01 09:50:00,44611.49,44633.8,44599.8,44617.08,16.028592,715148.92
2024-01-01 09:51:00,44585.78,44616.93,44576.51,44593.2,7.159351,319258.35
2024-01-01 09:52:00,44615.52,44625.37,44608.39,44617.14,6.94129,309700.54
2024-01-01 09:53:00,44650.53,44659.91,44620.31,44633.83,20.496553,914839.59
2024-01-01 09:54:00,44692.43,44692.47,44666.57,44685.7,3.785344,169150.77
2024-01-01 09:55:00,44670.21,44685.86,44657.31,44660.2,5.232557,233687.08
2024-01-01 09:56:00,44656.7,44673.92,44639.76,44646.71,1.451368,64798.8
2024-01-01 09:57:00,44615.46,44640.73,44594.13,44597.77,7.113281,317236.5
2024-01-01 09:58:00,44581.32,44584.72,44575.29,44575.56,31.221827,1391730.33
2024-01-01 09:59:00,44601.6,44603.24,44582.18,44594.42,7.921498,353254.64
2024-01-01 10:00:00,44656.05,44678.68,44618.12,44632.27,53.334834,2380454.8
2024-01-01 10:01:00,44572.86,44592.38,44562.86,44586.16,14.45495,644490.76
2024-01-01 10:02:00,44612.53,44637.3,44600.04,44629.64,30.803104,1374731.54
2024-01-01 10:03:00,44673.71,44702.75,44647.05,44697.43,5.837559,260923.86
2024-01-01 10:04:00,44721.76,44729.37,44717.62,44718.1,3.233495,144595.76
2024-01-01 10:05:00,44774.86,44816.05,44753.03,44811.94,15.256984,683695.01
2024-01-01 10:06:00,44782.49,44789.2,44731.32,44773.25,35.910321,1607821.7
2024-01-01 10:07:00,44708.83,44715.19,44704.51,44711.01,8.218551,367459.77
2024-01-01 10:08:00,44644.77,44651.12,44611.95,44622.08,18.935564,844944.21
2024-01-01 10:09:00,44683.44,44726.39,44656.09,44696.88,15.151209,677211.77
2024-01-01 10:10:00,44725.53,44730.71,44722.33,44729.6,8.039982,359625.15
2024-01-01 10:11:00,44749.26,44754.51,44709.73,44726.82,9.063511,405382.01
2024-01-01 10:12:00,44768.48,44777.04,44725.71,44740.82,9.969493,446043.26
2024-01-01 10:13:00,44670.94,44691.73,44664.9,44684.54,9.778229,436935.72
2024-01-01 10:14:00,44810.47,44817.22,44789.98,44806.83,23.065879,1033508.96
2024-01-01 10:15:00,44819.18,44826.37,44795.2,44813.29,15.914242,713169.6
2024-01-01 10:16:00,44826.24,44826.32,44817.87,44818.76,13.683611,613282.49
2024-01-01 10:17:00,44849.8,44856.99,44816.39,44855.05,24.500229,1098959.01
2024-01-01 10:18:00,44904.73,44936.24,44867.73,44879.1,13.898698,623761.08
2024-01-01 10:19:00,44852.5,44900.09,44837.34,44890.3,10.278319,461396.76
2024-01-01 10:20:00,44842.35,44855.12,44830.39,44850.77,24.703208,1107957.94
2024-01-01 10:21:00,44883.3,44912.3,44863.88,44874.34,12.731992,571339.82
2024-01-01 10:22:00,44977.59,44995.47,44963.78,44968.45,5.268094,236898.01
2024-01-01 10:23:00,45062.77,45075.78,45019.25,45035.72,19.365405,872134.91
2024-01-01 10:24:00,45139.34,45142.38,45102.95,45115.38,9.295632,419375.93
2024-01-01 10:25:00,45084.1,45096.01,45081.19,45089.82,4.369731,197030.36
2024-01-01 10:26:00,45066.33,45095.59,45032.53,45040.34,13.108445,590408.74
2024-01-01 10:27:00,45019.77,45046.48,44982.82,45034.05,13.341817,600836.0
2024-01-01 10:28:00,45055.45,45064.32,45024.24,45036.83,12.072494,543706.91
2024-01-01 10:29:00,45127.75,45141.97,45086.81,45091.54,16.664609,751432.93
2024-01-01 10:30:00,45031.22,45051.77,45005.81,45006.92,46.930257,2112186.26
2024-01-01 10:31:00,45085.51,45092.32,45067.58,45083.4,9.592224,432450.03
2024-01-01 10:32:00,45068.86,45088.99,45033.65,45075.5,0.051514,2322.04
2024-01-01 10:33:00,45023.58,45063.31,44999.52,45054.15,65.600524,2955575.98
2024-01-01 10:34:00,45009.76,45033.87,45002.3,45003.55,6.442654,289942.27
2024-01-01 10:35:00,44898.5,44927.05,44865.79,44920.8,35.727802,1604921.56
2024-01-01 10:36:00,44946.1,44980.87,44936.61,44961.96,5.425877,243958.07
2024-01-01 10:37:00,44941.81,44990.78,44935.35,44965.63,11.2028,503740.93
2024-01-01 10:38:00,44891.92,44914.96,44878.33,44901.13,7.376644,331219.65
2024-01-01 10:39:00,44835.82,44850.45,44829.84,44836.38,18.514012,830101.22
2024-01-01 10:40:00,44825.06,44847.91,44807.02,44819.59,21.595064,967881.83
2024-01-01 10:41:00,44891.03,44909.41,44870.49,44903.04,13.725209,616303.59
2024-01-01 10:42:00,44911.44,44912.51,44877.9,44890.06,1.932763,86761.84
2024-01-01 10:43:00,44810.74,44833.55,44788.41,44814.9,27.261478,1221720.44
2024-01-01 10:44:00,44786.86,44820.2,44761.46,44802.61,32.417781,1452401.31
2024-01-01 10:45:00,44793.5,44802.05,44767.75,44788.98,32.150055,1439968.12
2024-01-01 10:46:00,44693.4,44697.88,44620.85,44654.13,52.968925,2365281.44
2024-01-01 10:47:00,44658.12,44665.75,44642.76,44651.42,22.339064,997470.89
2024-01-01 10:48:00,44632.62,44640.8,44625.01,44639.87,17.219916,768694.84
2024-01-01 10:49:00,44644.13,44675.6,44630.44,44674.68,36.761873,1642325.0
2024-01-01 10:50:00,44762.74,44788.77,44754.03,44767.13,5.007589,224175.4
2024-01-01 10:51:00,44828.16,44851.6,44793.63,44823.46,4.096478,183618.3
2024-01-01 10:52:00,44802.26,44812.14,44797.44,44810.01,26.019406,1165929.96
2024-01-01 10:53:00,44721.38,44758.25,44690.5,44754.69,7.279258,325780.92
2024-01-01 10:54:00,44866.34,44884.58,44850.13,44883.36,4.923375,220977.61
2024-01-01 10:55:00,44915.41,44939.58,44880.49,44886.32,26.362922,1183334.45
2024-01-01 10:56:00,44915.69,44920.74,44856.62,44887.01,33.343877,1496707.06
2024-01-01 10:57:00,44868.07,44909.8,44865.23,44885.81,14.815776,665018.04
2024-01-01 10:58:00,44909.17,44920.41,44866.2,44895.71,15.410799,691878.8
2024-01-01 10:59:00,44864.92,44920.21,44863.04,44888.49,26.805093,1203240.24
2024-01-01 11:00:00,44887.9,44905.48,44844.83,44859.81,15.486895,694739.19
2024-01-01 11:01:00,44837.37,44843.39,44805.68,44832.47,53.241604,2386952.44
2024-01-01 11:02:00,44849.82,44858.23,44804.49,44830.83,25.596249,1147501.05
2024-01-01 11:03:00,44769.36,44817.42,44761.32,44803.66,10.293331,461178.88
2024-01-01 11:04:00,44781.57,44785.55,44761.51,44768.02,24.545504,1098853.53
2024-01-01 11:05:00,44773.18,44794.96,44767.92,44773.34,26.903889,1204576.92
2024-01-01 11:06:00,44777.63,44786.85,44754.14,44760.59,8.822335,394892.9
2024-01-01 11:07:00,44854.09,44870.0,44833.68,44835.79,39.471635,1769741.85
2024-01-01 11:08:00,44704.56,44725.21,44684.83,44703.24,6.311569,282147.57
2024-01-01 11:09:00,44745.8,44775.79,44741.06,44757.82,43.469352,1945593.22
2024-01-01 11:10:00,44835.71,44864.23,44798.78,44820.12,19.373034,868301.68
2024-01-01 11:11:00,44715.25,44716.63,44703.91,44716.45,35.424301,1584048.98
2024-01-01 11:12:00,44681.86,44707.39,44666.7,44699.32,17.416563,778508.42
2024-01-01 11:13:00,44662.34,44701.18,44656.7,44680.74,23.139282,1033880.32
2024-01-01 11:14:00,44580.82,44629.06,44570.54,44610.37,24.202651,1079689.14
2024-01-01 11:15:00,44561.27,44585.29,44529.02,44571.48,32.895731,1466211.31
2024-01-01 11:16:00,44538.0,44546.55,44515.05,44515.95,9.343444,415932.27
2024-01-01 11:17:00,44607.12,44611.42,44603.24,44603.56,7.998077,356742.71
2024-01-01 11:18:00,44639.75,44655.02,44635.79,44650.35,8.421217,376010.27
2024-01-01 11:19:00,44730.02,44740.44,44707.27,44713.92,3.349757,149780.76
2024-01-01 11:20:00,44733.36,44757.63,44718.2,44750.01,2.041442,91354.55
2024-01-01 11:21:00,44695.46,44698.02,44692.29,44693.55,43.095545,1926093.07
2024-01-01 11:22:00,44663.74,44671.34,44658.41,44667.33,22.454558,1002985.11
2024-01-01 11:23:00,44707.38,44726.68,44685.64,44691.8,21.53475,962426.66
2024-01-01 11:24:00,44599.15,44642.01,44598.18,44630.69,31.452871,1403763.35
2024-01-01 11:25:00,44649.34,44688.94,44635.44,44666.34,22.35021,998302.09
2024-01-01 11:26:00,44621.56,44657.53,44621.12,44654.32,47.34155,2114004.92
2024-01-01 11:27:00,44630.39,44649.52,44624.25,44635.58,31.892887,1423557.59
2024-01-01 11:28:00,44695.36,44703.88,44657.23,44671.13,9.951852,444560.5
2024-01-01 11:29:00,44683.24,44707.19,44660.0,44693.34,4.013437,179373.92
2024-01-01 11:30:00,44665.08,44676.82,44643.18,44675.3,17.51433,782457.86
2024-01-01 11:31:00,44750.7,44754.72,44722.78,44733.26,12.258455,548360.71
2024-01-01 11:32:00,44700.58,44701.62,44665.32,44679.21,13.198654,589705.42
2024-01-01 11:33:00,44708.23,44713.14,44701.97,44710.01,49.506725,2213445.97
2024-01-01 11:34:00,44753.36,44762.96,44735.49,44739.66,28.075783,1256101.01
2024-01-01 11:35:00,44702.64,44742.46,44678.07,44724.18,0.150529,6732.27
2024-01-01 11:36:00,44768.05,44798.8,44735.57,44740.49,19.88719,889762.62
2024-01-01 11:37:00,44720.91,44739.92,44638.43,44677.93,26.539602,1185734.63
2024-01-01 11:38:00,44734.56,44742.01,44723.18,44724.14,12.845105,574486.21
2024-01-01 11:39:00,44673.2,44720.33,44642.35,44714.89,11.775746,526551.21
2024-01-01 11:40:00,44677.59,44707.73,44664.18,44688.76,8.041948,359384.64
2024-01-01 11:41:00,44753.46,44772.29,44735.79,44741.21,5.976053,267375.8
2024-01-01 11:42:00,44697.56,44732.02,44673.89,44705.99,3.85075,172151.57
2024-01-01 11:43:00,44661.01,44666.77,44618.73,44635.57,8.650906,386138.1
2024-01-01 11:44:00,44569.5,44573.9,44548.21,44557.73,23.489983,1046660.4
2024-01-01 11:45:00,44573.9,44614.0,44539.14,44588.03,30.678224,1367881.7
2024-01-01 11:46:00,44524.66,44530.05,44516.54,44524.01,20.199911,899381.09
2024-01-01 11:47:00,44593.88,44617.76,44578.95,44611.75,1.237907,55225.18
2024-01-01 11:48:00,44504.0,44519.76,44493.86,44507.66,3.251072,144697.59
2024-01-01 11:49:00,44581.39,44597.48,44555.1,44592.48,1.86,82942.03
2024-01-01 11:50:00,44626.52,44663.15,44581.27,44603.03,5.599842,249769.92
2024-01-01 11:51:00,44640.51,44649.38,44590.32,44598.19,7.441805,331891.07
2024-01-01 11:52:00,44542.32,44581.51,44507.0,44570.95,31.07648,1385108.17
2024-01-01 11:53:00,44552.44,44599.26,44549.35,44590.9,5.954525,265517.67
2024-01-01 11:54:00,44584.12,44591.4,44568.92,44589.02,25.297617,1127996.03
2024-01-01 11:55:00,44613.82,44653.77,44606.41,44644.19,17.998417,803524.71
2024-01-01 11:56:00,44650.82,44689.07,44634.08,44649.9,3.76681,168187.68
2024-01-01 11:57:00,44672.39,44684.98,44633.27,44657.41,27.187868,1214139.9
2024-01-01 11:58:00,44669.12,44677.46,44610.99,44639.23,27.47092,1226280.81
2024-01-01 11:59:00,44640.41,44645.05,44626.13,44636.39,14.050599,627167.97
2024-01-01 12:00:00,44647.91,44664.46,44626.72,44651.78,16.061378,717169.05
2024-01-01 12:01:00,44526.7,44593.34,44523.38,44566.27,16.586286,739188.86
2024-01-01 12:02:00,44499.38,44510.35,44481.9,44498.86,4.164268,185305.16
2024-01-01 12:03:00,44537.45,44547.04,44528.39,44536.02,17.13996,763345.64
2024-01-01 12:04:00,44557.34,44568.39,44538.7,44544.57,21.609034,962565.04
2024-01-01 12:05:00,44521.2,44550.23,44518.09,44535.37,8.537837,380235.7
2024-01-01 12:06:00,44527.59,44553.72,44525.41,44536.29,21.979159,978870.16
2024-01-01 12:07:00,44524.11,44569.19,44511.92,44553.67,10.590005,471823.57
2024-01-01 12:08:00,44480.85,44557.26,44456.54,44526.68,11.628407,517774.33
2024-01-01 12:09:00,44465.59,44506.77,44464.83,44487.76,6.498346,289096.9
2024-01-01 12:10:00,44466.15,44509.49,44451.69,44497.56,20.738052,922792.62
2024-01-01 12:11:00,44455.37,44457.5,44435.11,44448.64,21.701938,964621.58
2024-01-01 12:12:00,44458.69,44474.45,44456.38,44469.05,25.829962,1148633.89
2024-01-01 12:13:00,44373.16,44414.36,44350.57,44383.92,12.513384,555393.05
2024-01-01 12:14:00,44415.69,44451.95,44414.34,44435.38,2.231763,99169.24
2024-01-01 12:15:00,44394.36,44461.84,44393.07,44459.01,1.140328,50697.86
2024-01-01 12:16:00,44501.98,44515.15,44470.98,44471.81,11.136933,495279.58
2024-01-01 12:17:00,44500.94,44539.43,44490.7,44520.94,1.944204,86557.78
2024-01-01 12:18:00,44595.97,44607.97,44581.07,44604.22,2.127686,94903.79
2024-01-01 12:19:00,44625.84,44669.01,44611.0,44654.94,42.031575,1876917.34
2024-01-01 12:20:00,44582.33,44607.66,44557.37,44562.89,10.938752,487462.43
2024-01-01 12:21:00,44501.78,44513.55,44487.55,44498.91,30.747242,1368218.91
2024-01-01 12:22:00,44451.15,44481.3,44439.07,44467.67,4.645241,206563.07
2024-01-01 12:23:00,44461.13,44475.84,44455.46,44468.98,5.870541,261056.96
2024-01-01 12:24:00,44528.42,44531.17,44478.46,44494.86,18.023762,801964.78
2024-01-01 12:25:00,44457.11,44477.57,44452.5,44458.57,18.370751,816737.39
2024-01-01 12:26:00,44464.28,44485.33,44463.22,44467.91,5.999501,266785.3
2024-01-01 12:27:00,44411.32,44444.68,44361.23,44430.14,14.822776,658578.04
2024-01-01 12:28:00,44361.68,44403.07,44349.41,44399.57,2.394834,106329.59
2024-01-01 12:29:00,44326.03,44345.38,44303.22,44329.23,8.183903,362786.15
2024-01-01 12:30:00,44289.58,44305.49,44273.67,44283.07,36.342864,1609373.66
2024-01-01 12:31:00,44237.48,44262.21,44214.06,44215.49,1.666869,73701.45
2024-01-01 12:32:00,44121.72,44177.09,44105.64,44166.69,37.569917,1659339.04
2024-01-01 12:33:00,44196.87,44230.18,44192.31,44219.38,3.311344,146425.58
2024-01-01 12:34:00,44160.29,44209.88,44138.94,44171.91,26.149108,1155055.98
2024-01-01 12:35:00,44303.46,44312.02,44287.8,44303.53,42.605369,1887568.07
2024-01-01 12:36:00,44325.29,44331.88,44314.64,44328.19,5.410136,239821.53
2024-01-01 12:37:00,44335.0,44339.13,44326.9,44337.43,0.338001,14986.11
2024-01-01 12:38:00,44302.68,44322.87,44273.52,44294.52,9.710961,430142.3
2024-01-01 12:39:00,44311.47,44330.86,44302.68,44329.53,18.301123,811280.19
2024-01-01 12:40:00,44319.43,44325.89,44280.91,44300.75,12.57768,557200.66
2024-01-01 12:41:00,44315.52,44324.1,44306.14,44306.85,5.110993,226451.99
2024-01-01 12:42:00,44428.46,44450.74,44424.92,44434.85,9.009309,400327.32
2024-01-01 12:43:00,44462.07,44466.52,44429.09,44430.05,10.916065,485001.33
2024-01-01 12:44:00,44518.64,44528.98,44484.56,44487.51,7.10914,316267.98
2024-01-01 12:45:00,44471.01,44473.2,44445.77,44452.36,8.71564,387430.74
2024-01-01 12:46:00,44390.24,44451.83,44379.13,44450.61,16.774853,745652.4
2024-01-01 12:47:00,44570.73,44572.42,44525.88,44539.15,9.108545,405686.81
2024-01-01 12:48:00,44523.69,44534.99,44504.96,44507.8,9.059909,403236.6
2024-01-01 12:49:00,44638.55,44647.07,44573.38,44598.42,11.650563,519596.71
2024-01-01 12:50:00,44658.56,44679.23,44631.15,44633.81,22.803756,1017818.49
2024-01-01 12:51:00,44637.25,44667.37,44601.38,44605.68,8.958706,399609.21
2024-01-01 12:52:00,44654.88,44678.76,44619.8,44637.31,42.328758,1889441.69
2024-01-01 12:53:00,44712.91,44732.76,44678.41,44685.93,13.585091,607062.48
2024-01-01 12:54:00,44756.91,44778.2,44716.51,44717.02,25.244319,1128850.8
2024-01-01 12:55:00,44642.84,44660.7,44626.26,44638.51,28.163665,1257184.13
2024-01-01 12:56:00,44570.71,44604.17,44552.13,44602.16,35.166134,1568485.39
2024-01-01 12:57:00,44583.63,44631.91,44548.15,44589.78,1.095342,48841.05
2024-01-01 12:58:00,44593.86,44602.69,44575.01,44586.06,35.194011,1569162.23
2024-01-01 12:59:00,44618.59,44639.7,44602.12,44617.09,24.594463,1097333.4
2024-01-01 13:00:00,44601.05,44640.71,44599.19,44625.98,9.563931,426799.75
2024-01-01 13:01:00,44526.59,44566.85,44512.75,44559.21,38.020613,1694168.43
2024-01-01 13:02:00,44563.4,44584.72,44553.43,44578.22,6.656132,296718.51
2024-01-01 13:03:00,44624.9,44633.41,44606.16,44608.75,14.863005,663020.05
2024-01-01 13:04:00,44668.34,44682.37,44623.4,44636.74,4.636109,206940.79
2024-01-01 13:05:00,44709.11,44717.11,44676.48,44690.78,7.478611,334224.93
2024-01-01 13:06:00,44753.62,44757.14,44722.29,44732.47,1.864513,83404.28
2024-01-01 13:07:00,44753.82,44763.92,44748.78,44755.43,14.079051,630113.99
2024-01-01 13:08:00,44717.08,44771.89,44715.52,44751.92,17.748372,794273.78
2024-01-01 13:09:00,44659.77,44672.17,44652.86,44668.88,3.843052,171664.8
2024-01-01 13:10:00,44685.18,44694.8,44664.71,44690.36,7.995048,357301.56
2024-01-01 13:11:00,44690.8,44719.65,44676.49,44700.74,66.474605,2971464.12
2024-01-01 13:12:00,44715.41,44725.11,44713.06,44714.32,1.939004,86701.26
2024-01-01 13:13:00,44659.31,44666.56,44627.94,44650.48,16.275176,726694.45
2024-01-01 13:14:00,44613.49,44623.93,44588.38,44596.43,8.917292,397679.41
2024-01-01 13:15:00,44643.52,44660.61,44640.17,44649.09,33.151885,1480201.41
2024-01-01 13:16:00,44609.03,44676.86,44578.14,44647.11,14.769167,659400.6
2024-01-01 13:17:00,44671.53,44688.19,44650.92,44681.18,4.571546,204262.08
2024-01-01 13:18:00,44683.47,44693.44,44672.09,44682.6,55.850331,2495538.05
2024-01-01 13:19:00,44708.54,44721.9,44680.93,44684.09,7.193693,321443.61
2024-01-01 13:20:00,44719.65,44749.86,44707.83,44731.0,6.123217,273897.61
2024-01-01 13:21:00,44715.45,44719.58,44693.89,44705.2,28.329649,1266482.62
2024-01-01 13:22:00,44715.81,44739.47,44700.96,44710.01,6.36268,284475.45
2024-01-01 13:23:00,44687.77,44695.35,44686.38,44686.89,25.312242,1131125.43
2024-01-01 13:24:00,44683.78,44700.13,44639.33,44665.17,0.41057,18338.19
2024-01-01 13:25:00,44636.49,44659.49,44625.99,44649.71,30.064725,1342381.24
2024-01-01 13:26:00,44649.31,44663.41,44645.98,44660.82,29.54023,1319290.79
2024-01-01 13:27:00,44636.64,44668.67,44628.14,44636.88,8.198329,365947.83
2024-01-01 13:28:00,44686.86,44709.6,44680.88,44699.67,10.009465,447419.74
2024-01-01 13:29:00,44665.1,44697.02,44654.08,44654.94,2.170487,96922.96
2024-01-01 13:30:00,44631.33,44684.6,44600.1,44645.59,9.703674,433226.28
2024-01-01 13:31:00,44628.13,44646.67,44617.8,44623.61,27.765424,1238993.34
2024-01-01 13:32:00,44693.95,44738.68,44667.55,44695.95,16.411602,733532.2
2024-01-01 13:33:00,44710.08,44711.21,44703.56,44705.78,20.758151,928009.37
2024-01-01 13:34:00,44748.18,44772.23,44746.58,44757.37,16.986578,760274.64
2024-01-01 13:35:00,44676.31,44684.68,44661.34,44683.1,26.92438,1203064.68
2024-01-01 13:36:00,44698.37,44719.25,44691.08,44696.45,5.99178,267811.31
2024-01-01 13:37:00,44744.97,44757.43,44729.13,44740.93,13.297799,594955.91
2024-01-01 13:38:00,44744.96,44770.58,44744.61,44745.04,10.567501,472843.32
2024-01-01 13:39:00,44832.43,44849.83,44781.29,44798.32,1.240887,55589.66
2024-01-01 13:40:00,44752.64,44778.5,44749.89,44772.45,30.234146,1353656.93
2024-01-01 13:41:00,44841.64,44843.92,44829.07,44842.92,29.812839,1336894.83
2024-01-01 13:42:00,44926.39,44970.9,44912.47,44957.87,34.115776,1533772.51
2024-01-01 13:43:00,44947.17,44950.63,44932.07,44939.72,5.273989,237011.62
2024-01-01 13:44:00,44895.14,44918.38,44882.77,44917.45,17.016183,764323.54
2024-01-01 13:45:00,44984.55,44991.39,44982.86,44990.12,31.847341,1432815.65
2024-01-01 13:46:00,45061.66,45089.23,45056.18,45069.1,40.057928,1805374.68
2024-01-01 13:47:00,45048.57,45053.52,45024.84,45042.95,20.172632,908634.93
2024-01-01 13:48:00,45010.89,45035.93,45003.07,45021.95,9.942276,447620.62
2024-01-01 13:49:00,44995.95,45020.9,44994.37,45007.86,6.215676,279754.23
2024-01-01 13:50:00,44969.35,44979.18,44920.56,44940.63,41.816811,1879273.99
2024-01-01 13:51:00,44900.39,44921.44,44856.77,44894.7,34.186996,1534814.97
2024-01-01 13:52:00,44833.27,44847.51,44824.05,44844.49,10.946333,490882.74
2024-01-01 13:53:00,44801.09,44826.02,44795.33,44806.1,38.660652,1732233.21
2024-01-01 13:54:00,44837.28,44841.67,44796.95,44804.37,0.605602,27133.61
2024-01-01 13:55:00,44811.38,44817.2,44801.16,44816.08,16.029198,718365.81
2024-01-01 13:56:00,44879.82,44894.14,44874.36,44893.61,40.240743,1806552.03
2024-01-01 13:57:00,44829.99,44859.13,44820.68,44843.69,18.636294,835720.14
2024-01-01 13:58:00,44881.92,44905.76,44873.87,44892.9,30.440721,1366572.36
2024-01-01 13:59:00,44870.31,44885.13,44845.44,44882.2,21.205123,951732.64
2024-01-01 14:00:00,44854.14,44883.8,44844.78,44879.73,18.850626,846011.04
2024-01-01 14:01:00,44890.99,44927.69,44888.02,44913.47,14.002826,628915.56
2024-01-01 14:02:00,44840.75,44858.72,44838.26,44857.34,6.966181,312484.32
2024-01-01 14:03:00,44888.29,44908.58,44858.61,44876.46,15.446701,693193.22
2024-01-01 14:04:00,44877.15,44908.86,44857.11,44884.78,46.040898,2066535.54
2024-01-01 14:05:00,44905.26,44921.33,44887.84,44909.4,6.899722,309862.4
2024-01-01 14:06:00,44949.26,44967.64,44913.33,44923.86,42.555746,1911768.4
2024-01-01 14:07:00,45072.53,45087.39,45037.11,45046.63,16.485835,742631.23
2024-01-01 14:08:00,45009.1,45031.98,44995.05,45014.74,29.117448,1310714.32
2024-01-01 14:09:00,44975.57,44995.96,44971.07,44988.19,37.064657,1667471.75
2024-01-01 14:10:00,44939.74,44977.15,44928.61,44957.03,22.726094,1021697.71
2024-01-01 14:11:00,44943.11,44947.47,44928.08,44929.26,19.655272,883096.76
2024-01-01 14:12:00,44893.29,44908.96,44871.14,44897.39,2.798615,125650.5
2024-01-01 14:13:00,44949.11,44978.04,44948.49,44956.84,47.910618,2153909.94
2024-01-01 14:14:00,45011.59,45031.68,44992.63,45027.86,0.135832,6116.24
2024-01-01 14:15:00,44983.93,45009.08,44982.29,44999.33,22.177484,997971.87
2024-01-01 14:16:00,44964.11,44968.92,44945.97,44957.71,25.639141,1152677.03
2024-01-01 14:17:00,44954.97,44997.38,44953.45,44981.28,18.473526,830962.85
2024-01-01 14:18:00,44973.57,44976.17,44934.8,44953.67,11.531736,518393.85
2024-01-01 14:19:00,44974.64,44985.44,44961.65,44985.32,36.797285,1655337.48
2024-01-01 14:20:00,44992.47,44995.88,44991.54,44995.46,19.969566,898539.85
2024-01-01 14:21:00,44892.93,44921.0,44892.29,44919.67,5.052236,226944.81
2024-01-01 14:22:00,44996.8,45009.57,44969.18,44997.05,2.977475,133977.59
2024-01-01 14:23:00,45080.28,45097.75,45062.12,45086.84,35.306853,1591874.53
2024-01-01 14:24:00,45055.2,45067.41,45050.26,45056.2,14.3983,648732.72
2024-01-01 14:25:00,45066.25,45090.55,45030.82,45036.82,25.501101,1148488.48
2024-01-01 14:26:00,45054.67,45059.79,45042.86,45051.11,53.872175,2427001.41
2024-01-01 14:27:00,45051.94,45081.25,45045.09,45067.83,20.868735,940508.71
2024-01-01 14:28:00,45086.54,45112.71,45069.61,45100.76,5.239632,236311.42
2024-01-01 14:29:00,45213.17,45217.11,45186.51,45201.27,6.798692,307309.53
2024-01-01 14:30:00,45218.4,45230.56,45191.64,45192.42,0.392392,17733.17
2024-01-01 14:31:00,45158.15,45169.31,45143.11,45152.51,3.020901,136401.28
2024-01-01 14:32:00,45097.32,45106.9,45078.52,45083.54,12.355514,557030.36
2024-01-01 14:33:00,45059.19,45062.45,45038.15,45047.0,23.589691,1062644.74
2024-01-01 14:34:00,45073.72,45099.89,45021.42,45045.34,42.21547,1901610.25
2024-01-01 14:35:00,45096.08,45135.47,45085.68,45135.07,29.130799,1314820.65
2024-01-01 14:36:00,45122.53,45126.39,45098.98,45109.19,38.780932,1749376.37
2024-01-01 14:37:00,45140.05,45146.05,45111.3,45120.38,42.601589,1922199.78
2024-01-01 14:38:00,45092.78,45142.97,45056.7,45119.56,11.142735,502755.28
2024-01-01 14:39:00,45161.26,45188.9,45154.68,45178.98,12.190175,550739.64
2024-01-01 14:40:00,45288.31,45306.91,45277.6,45305.32,20.025916,907280.59
2024-01-01 14:41:00,45264.2,45286.43,45253.6,45278.78,6.262806,283572.23
2024-01-01 14:42:00,45244.67,45281.94,45241.74,45254.31,49.503132,2240229.96
2024-01-01 14:43:00,45311.37,45317.23,45294.24,45306.52,19.836574,898726.07
2024-01-01 14:44:00,45357.92,45392.99,45307.67,45340.61,1.047996,47516.76
2024-01-01 14:45:00,45454.57,45461.79,45418.31,45432.95,2.836348,128863.64
2024-01-01 14:46:00,45445.39,45464.65,45445.33,45462.14,7.129379,324116.86
2024-01-01 14:47:00,45427.28,45455.16,45391.27,45444.18,5.542116,251856.91
2024-01-01 14:48:00,45500.03,45505.99,45461.55,45473.71,43.789747,1991282.29
2024-01-01 14:49:00,45542.08,45553.87,45528.97,45529.15,12.479168,568165.86
2024-01-01 14:50:00,45571.83,45586.03,45535.95,45570.17,13.410012,611096.52
2024-01-01 14:51:00,45605.0,45609.52,45585.65,45595.53,18.104041,825463.42
2024-01-01 14:52:00,45648.27,45671.02,45639.04,45648.87,38.78086,1770302.31
2024-01-01 14:53:00,45717.82,45728.65,45701.54,45707.33,31.216327,1426815.04
2024-01-01 14:54:00,45769.72,45777.44,45768.98,45776.44,5.19621,237863.98
2024-01-01 14:55:00,45814.25,45853.62,45802.71,45808.88,12.181426,558017.42
2024-01-01 14:56:00,45770.31,45822.75,45748.71,45800.52,38.546446,1765447.23
2024-01-01 14:57:00,45794.1,45810.22,45769.96,45807.86,22.486207,1030044.92
2024-01-01 14:58:00,45854.64,45886.6,45834.15,45868.18,17.418351,798948.08
2024-01-01 14:59:00,45819.85,45847.76,45806.69,45827.33,1.370506,62806.63
2024-01-01 15:00:00,45827.24,45846.89,45826.37,45845.77,36.272861,1662957.14
2024-01-01 15:01:00,45815.43,45831.74,45811.0,45826.1,11.094685,508426.13
2024-01-01 15:02:00,45797.25,45841.83,45789.45,45827.54,5.929379,271728.83
2024-01-01 15:03:00,45902.43,45920.7,45881.11,45891.46,22.34057,1025241.38
2024-01-01 15:04:00,45899.36,45907.47,45899.29,45901.02,25.910317,1189309.87
2024-01-01 15:05:00,45869.23,45913.14,45859.22,45903.34,37.191936,1707233.97
2024-01-01 15:06:00,45818.65,45838.69,45816.34,45835.34,19.458543,891889.0
2024-01-01 15:07:00,45879.39,45880.42,45862.22,45872.66,16.989692,779362.32
2024-01-01 15:08:00,45894.07,45908.71,45886.0,45904.93,30.982323,1422241.39
2024-01-01 15:09:00,45999.15,46020.26,45976.7,46013.09,17.412186,801188.53
2024-01-01 15:10:00,45996.21,45998.36,45989.46,45997.7,7.593028,349261.86
2024-01-01 15:11:00,46015.53,46017.53,46001.25,46008.66,15.735931,723989.14
2024-01-01 15:12:00,45992.4,46026.48,45991.85,46021.13,43.713764,2011756.89
2024-01-01 15:13:00,46111.01,46112.17,46072.78,46100.0,26.843155,1237469.55
2024-01-01 15:14:00,46079.23,46098.57,46040.04,46095.24,38.593702,1778985.95
2024-01-01 15:15:00,46108.83,46124.03,46101.87,46109.19,21.119899,973821.46
2024-01-01 15:16:00,46138.88,46144.83,46126.38,46139.59,17.601483,812125.12
2024-01-01 15:17:00,46138.37,46164.74,46121.43,46148.92,11.699249,539907.65
2024-01-01 15:18:00,46106.12,46127.19,46101.09,46126.59,11.102877,512137.9
2024-01-01 15:19:00,46130.58,46145.18,46113.55,46136.3,43.904469,2025589.68
2024-01-01 15:20:00,46222.49,46234.05,46184.0,46189.98,40.983699,1893036.26
2024-01-01 15:21:00,46111.42,46148.75,46108.51,46138.65,1.700612,78463.93
2024-01-01 15:22:00,46179.15,46192.99,46142.47,46145.3,32.176047,1484773.43
2024-01-01 15:23:00,46105.1,46110.33,46098.61,46110.3,34.588549,1594888.28
2024-01-01 15:24:00,46170.76,46180.33,46166.88,46170.05,23.007867,1062274.33
2024-01-01 15:25:00,46072.16,46096.52,46053.86,46093.89,17.751614,818240.95
2024-01-01 15:26:00,46050.52,46076.87,46030.98,46065.94,17.065459,786136.48
2024-01-01 15:27:00,46074.75,46101.19,46056.53,46084.8,19.640287,905118.8
2024-01-01 15:28:00,46142.17,46175.89,46114.07,46163.08,21.413667,988520.83
2024-01-01 15:29:00,46155.61,46173.33,46153.44,46159.79,25.665828,1184729.3
2024-01-01 15:30:00,46123.89,46135.15,46118.93,46132.03,12.007586,553934.34
2024-01-01 15:31:00,46263.11,46274.6,46203.35,46226.09,17.785707,822163.73
2024-01-01 15:32:00,46130.37,46198.17,46099.47,46153.69,31.50941,1454275.55
2024-01-01 15:33:00,46045.8,46065.72,46027.29,46043.75,0.485859,22370.76
2024-01-01 15:34:00,46070.71,46073.06,46065.07,46065.75,17.486724,805539.05
2024-01-01 15:35:00,46019.24,46042.77,46010.21,46040.65,19.098416,879303.46
2024-01-01 15:36:00,46003.32,46008.13,45973.97,45989.59,27.011902,1242266.21
2024-01-01 15:37:00,46017.04,46045.94,45996.75,46025.0,2.170027,99875.48
2024-01-01 15:38:00,45987.35,46053.11,45968.86,46037.19,12.145582,559148.53
2024-01-01 15:39:00,46022.19,46044.3,45998.8,46008.99,26.916361,1238394.6
2024-01-01 15:40:00,45922.64,45950.92,45909.3,45944.98,19.279561,885798.93
2024-01-01 15:41:00,45967.64,45997.94,45950.8,45988.6,1.697382,78060.22
2024-01-01 15:42:00,46034.87,46039.8,46012.05,46021.11,15.9929,736010.96
2024-01-01 15:43:00,46009.21,46035.77,45999.91,46016.15,29.684628,1365972.28
2024-01-01 15:44:00,46126.84,46140.79,46087.91,46108.48,10.002461,461198.29
2024-01-01 15:45:00,46079.18,46083.85,46050.66,46054.98,2.36804,109060.04
2024-01-01 15:46:00,45965.8,45999.12,45951.39,45978.7,40.371534,1856230.69
2024-01-01 15:47:00,45959.97,45962.88,45932.39,45944.11,9.544482,438512.7
2024-01-01 15:48:00,45926.72,45948.11,45920.71,45941.83,12.333572,566626.8
2024-01-01 15:49:00,45998.66,46019.48,45921.39,45953.99,1.423345,65408.38
2024-01-01 15:50:00,45928.07,45970.61,45914.41,45941.93,1.164502,53499.45
2024-01-01 15:51:00,45980.06,45980.2,45948.74,45959.53,17.546638,806435.28
2024-01-01 15:52:00,45913.83,45925.12,45892.27,45896.96,1.635933,75084.37
2024-01-01 15:53:00,45975.47,45987.62,45962.02,45969.15,47.03981,2162379.85
2024-01-01 15:54:00,45951.63,45968.85,45935.56,45965.04,29.491858,1355594.37
2024-01-01 15:55:00,46017.87,46029.89,46005.22,46020.9,22.623416,1041150.01
2024-01-01 15:56:00,45994.97,46041.93,45977.66,46038.04,8.304105,382304.7
2024-01-01 15:57:00,46065.36,46088.82,46053.97,46060.88,8.993683,414256.92
2024-01-01 15:58:00,46096.36,46106.85,46065.44,46089.36,16.04245,739386.33
2024-01-01 15:59:00,46114.42,46121.63,46100.5,46111.75,29.955055,1381280.01
2024-01-01 16:00:00,46084.42,46151.22,46063.31,46143.89,15.301461,706068.87
2024-01-01 16:01:00,46185.03,46214.57,46175.8,46210.34,30.026599,1387539.48
2024-01-01 16:02:00,46205.21,46226.35,46190.51,46220.17,10.928041,505095.89
2024-01-01 16:03:00,46261.45,46272.53,46231.9,46255.62,10.682194,494111.51
2024-01-01 16:04:00,46256.92,46270.7,46247.7,46251.13,8.217122,380051.19
2024-01-01 16:05:00,46319.73,46331.51,46311.05,46323.14,33.058519,1531374.38
2024-01-01 16:06:00,46302.02,46303.64,46264.63,46289.32,1.786375,82690.1
2024-01-01 16:07:00,46358.84,46381.47,46357.72,46379.37,11.656072,540601.24
2024-01-01 16:08:00,46389.56,46403.03,46368.27,46377.36,22.38909,1038346.85
2024-01-01 16:09:00,46315.31,46329.25,46294.2,46305.82,16.73223,774799.65
2024-01-01 16:10:00,46319.78,46360.13,46294.3,46312.23,5.417474,250895.26
2024-01-01 16:11:00,46274.53,46282.26,46232.03,46278.17,5.338847,247072.09
2024-01-01 16:12:00,46356.82,46360.18,46298.89,46320.2,6.366581,294901.36
2024-01-01 16:13:00,46297.44,46307.48,46277.73,46287.57,10.127639,468783.82
2024-01-01 16:14:00,46245.9,46266.27,46219.92,46265.26,22.931314,1060923.31
2024-01-01 16:15:00,46175.75,46186.54,46162.79,46170.79,1.895935,87536.8
2024-01-01 16:16:00,46163.22,46179.4,46141.06,46148.17,23.964886,1105935.67
2024-01-01 16:17:00,46015.22,46030.88,46004.45,46026.98,0.669785,30828.19
2024-01-01 16:18:00,45969.57,45983.07,45940.07,45947.78,43.326148,1990740.45
2024-01-01 16:19:00,45993.44,46015.56,45985.17,45985.8,43.757076,2012204.29
2024-01-01 16:20:00,45978.24,46062.8,45948.76,46025.09,7.128126,328072.69
2024-01-01 16:21:00,46052.36,46070.22,46039.06,46046.37,14.510041,668134.68
2024-01-01 16:22:00,45989.9,45998.04,45989.83,45998.02,29.564156,1359892.58
2024-01-01 16:23:00,46006.38,46018.8,45975.99,45995.63,15.157669,697186.58
2024-01-01 16:24:00,46014.34,46016.96,45986.2,45995.45,21.033364,967439.09
2024-01-01 16:25:00,45941.44,45942.69,45925.35,45937.53,3.095104,142181.44
2024-01-01 16:26:00,46046.01,46052.62,45981.8,46012.7,7.35092,338235.72
2024-01-01 16:27:00,46053.0,46079.08,46035.49,46056.57,3.103317,142928.12
2024-01-01 16:28:00,46058.02,46065.16,46032.02,46045.52,16.08402,740597.11
2024-01-01 16:29:00,46062.97,46071.41,46044.91,46046.87,14.9144,686761.42
2024-01-01 16:30:00,46055.34,46076.67,46049.24,46057.29,8.013311,369071.37
2024-01-01 16:31:00,45970.78,45976.98,45952.05,45955.2,15.115569,694638.99
2024-01-01 16:32:00,45930.95,45948.49,45929.35,45942.84,0.311276,14300.88
2024-01-01 16:33:00,45900.29,45919.11,45881.67,45908.74,8.053044,369705.11
2024-01-01 16:34:00,45832.41,45869.96,45819.07,45858.66,20.148675,923991.24
2024-01-01 16:35:00,45849.43,45856.05,45829.66,45844.61,21.806405,999706.05
2024-01-01 16:36:00,45941.0,45962.9,45925.53,45934.49,25.218296,1158389.59
2024-01-01 16:37:00,45990.12,46007.55,45964.98,45966.53,19.655801,903509.03
2024-01-01 16:38:00,45953.8,45956.92,45915.59,45937.97,35.281728,1620771.09
2024-01-01 16:39:00,45960.91,46000.15,45948.03,45966.6,2.895989,133118.78
2024-01-01 16:40:00,46013.01,46074.24,45993.21,46036.57,1.435832,66100.78
2024-01-01 16:41:00,46091.46,46091.76,46069.06,46082.8,15.374951,708520.83
2024-01-01 16:42:00,46108.0,46112.69,46069.84,46085.78,3.259971,150238.31
2024-01-01 16:43:00,46068.54,46076.38,46038.22,46053.44,17.236516,793800.82
2024-01-01 16:44:00,46110.04,46115.68,46088.2,46088.35,20.947851,965451.86
2024-01-01 16:45:00,46103.78,46113.82,46095.4,46108.02,5.263513,242690.19
2024-01-01 16:46:00,46143.45,46167.04,46119.44,46152.78,6.325479,291938.45
2024-01-01 16:47:00,46169.8,46198.43,46168.77,46184.54,6.917661,319488.99
2024-01-01 16:48:00,46235.9,46241.71,46230.47,46237.02,29.165452,1348523.52
2024-01-01 16:49:00,46208.68,46240.71,46195.05,46210.26,0.696743,32196.66
2024-01-01 16:50:00,46280.26,46283.63,46253.92,46276.13,0.173909,8047.85
2024-01-01 16:51:00,46283.42,46288.59,46245.51,46286.01,10.432359,482872.24
2024-01-01 16:52:00,46387.1,46403.89,46369.73,46389.77,8.19028,379945.19
2024-01-01 16:53:00,46339.78,46362.9,46327.23,46355.31,17.012115,788601.86
2024-01-01 16:54:00,46460.94,46476.41,46429.14,46442.11,4.061276,188614.22
2024-01-01 16:55:00,46453.53,46466.65,46451.31,46452.0,41.8713,1945005.79
2024-01-01 16:56:00,46415.94,46423.31,46398.48,46419.43,23.818147,1105624.86
2024-01-01 16:57:00,46380.29,46400.66,46371.18,46395.24,35.546927,1649208.14
2024-01-01 16:58:00,46352.58,46404.3,46346.43,46379.22,9.003015,417552.81
2024-01-01 16:59:00,46426.59,46442.65,46384.27,46400.43,28.954615,1343506.58
2024-01-01 17:00:00,46437.66,46449.43,46410.8,46426.57,16.32764,758036.34
2024-01-01 17:01:00,46365.41,46436.08,46339.42,46397.89,47.071958,2184039.34
2024-01-01 17:02:00,46411.93,46416.38,46390.62,46396.67,0.293285,13607.47
2024-01-01 17:03:00,46522.23,46534.21,46489.75,46503.78,12.036327,559734.73
2024-01-01 17:04:00,46592.65,46608.98,46589.64,46590.16,21.390703,996596.26
2024-01-01 17:05:00,46643.94,46644.07,46609.25,46611.98,10.564128,492414.89
2024-01-01 17:06:00,46618.21,46622.17,46599.75,46613.88,7.500244,349615.45
2024-01-01 17:07:00,46591.54,46621.44,46568.7,46619.88,31.860887,1485350.64
2024-01-01 17:08:00,46657.86,46666.03,46612.55,46650.55,10.746727,501340.77
2024-01-01 17:09:00,46604.31,46623.67,46598.69,46599.41,12.334603,574785.25
2024-01-01 17:10:00,46574.48,46588.76,46547.13,46586.54,21.59453,1006014.55
2024-01-01 17:11:00,46514.59,46527.77,46485.64,46503.12,4.497094,209128.86
2024-01-01 17:12:00,46489.72,46536.84,46484.91,46523.08,20.175407,938622.02
2024-01-01 17:13:00,46575.25,46594.21,46552.72,46555.44,2.663649,124007.35
2024-01-01 17:14:00,46513.71,46550.54,46511.44,46531.28,32.969785,1534126.21
2024-01-01 17:15:00,46590.28,46624.84,46562.61,46609.98,2.744807,127935.38
2024-01-01 17:16:00,46546.41,46569.53,46533.96,46548.69,16.524363,769187.43
2024-01-01 17:17:00,46484.13,46486.5,46463.36,46475.47,19.949594,927166.72
2024-01-01 17:18:00,46489.97,46497.41,46481.42,46486.69,40.677599,1890967.01
2024-01-01 17:19:00,46524.19,46540.31,46512.13,46539.05,4.322199,201151.02
2024-01-01 17:20:00,46613.12,46624.51,46595.49,46623.24,18.84719,878717.13
2024-01-01 17:21:00,46577.64,46610.09,46570.23,46600.3,8.932535,416258.8
2024-01-01 17:22:00,46649.74,46662.54,46629.56,46654.23,44.441914,2073403.39
2024-01-01 17:23:00,46673.81,46679.3,46639.45,46652.31,10.793779,503554.69
2024-01-01 17:24:00,46643.59,46661.23,46632.8,46643.68,17.673525,824358.16
2024-01-01 17:25:00,46705.05,46715.22,46670.45,46687.86,41.189207,1923035.91
2024-01-01 17:26:00,46749.58,46750.37,46715.16,46720.48,13.930434,650836.49
2024-01-01 17:27:00,46629.9,46646.28,46615.17,46641.66,21.901944,1021542.93
2024-01-01 17:28:00,46711.75,46732.14,46698.52,46715.48,9.855599,460409.08
2024-01-01 17:29:00,46827.91,46845.32,46775.83,46784.49,56.567289,2646471.61
2024-01-01 17:30:00,46782.1,46811.13,46751.79,46753.21,27.827422,1301021.3
2024-01-01 17:31:00,46739.55,46782.41,46722.68,46773.0,20.346187,951652.18
2024-01-01 17:32:00,46805.44,46814.6,46779.77,46797.7,12.430431,581715.59
2024-01-01 17:33:00,46810.75,46813.19,46809.49,46810.73,11.786393,551729.71
2024-01-01 17:34:00,46799.75,46841.38,46753.6,46783.22,20.417399,955191.67
2024-01-01 17:35:00,46734.74,46776.52,46710.99,46749.64,45.993605,2150184.4
2024-01-01 17:36:00,46731.57,46758.62,46701.8,46748.36,33.102582,1547491.42
2024-01-01 17:37:00,46793.48,46818.51,46778.02,46807.0,14.678046,687035.24
2024-01-01 17:38:00,46822.74,46834.6,46788.91,46834.18,10.191658,477317.91
2024-01-01 17:39:00,46831.95,46849.19,46810.78,46815.65,2.127246,99588.39
2024-01-01 17:40:00,46830.61,46881.62,46812.44,46854.23,17.82146,835010.79
2024-01-01 17:41:00,46699.35,46725.42,46687.14,46711.8,5.823924,272045.97
2024-01-01 17:42:00,46733.46,46777.09,46717.1,46769.24,13.788218,644864.51
2024-01-01 17:43:00,46702.4,46713.34,46655.93,46682.26,4.818099,224919.72
2024-01-01 17:44:00,46689.55,46690.76,46662.19,46664.13,14.036572,655004.48
2024-01-01 17:45:00,46601.61,46628.71,46599.75,46608.15,10.509387,489823.09
2024-01-01 17:46:00,46537.46,46570.26,46536.22,46543.42,10.067397,468571.03
2024-01-01 17:47:00,46610.52,46616.51,46599.5,46601.46,1.918657,89412.23
2024-01-01 17:48:00,46607.56,46613.24,46544.59,46578.07,5.330202,248270.53
2024-01-01 17:49:00,46603.57,46604.8,46583.25,46595.4,21.168126,986337.25
2024-01-01 17:50:00,46579.1,46607.78,46555.96,46593.05,19.098964,889879.02
2024-01-01 17:51:00,46584.53,46653.24,46566.57,46616.9,47.531003,2215748.22
2024-01-01 17:52:00,46598.44,46641.19,46573.44,46620.75,37.618597,1753807.01
2024-01-01 17:53:00,46558.06,46560.9,46535.49,46556.6,13.87685,646058.87
2024-01-01 17:54:00,46593.3,46630.14,46570.4,46606.41,6.183483,288189.96
2024-01-01 17:55:00,46585.62,46603.8,46567.44,46581.72,17.295374,805648.31
2024-01-01 17:56:00,46492.83,46505.12,46475.9,46503.89,26.784717,1245593.61
2024-01-01 17:57:00,46461.32,46487.38,46453.13,46482.49,53.909782,2505860.7
2024-01-01 17:58:00,46533.98,46580.21,46528.8,46557.52,39.60593,1843954.06
2024-01-01 17:59:00,46631.28,46645.47,46598.93,46600.04,2.596078,120977.34
2024-01-01 18:00:00,46600.38,46625.49,46581.79,46582.6,34.867523,1624219.97
2024-01-01 18:01:00,46599.75,46603.13,46546.03,46565.14,37.834406,1761764.42
2024-01-01 18:02:00,46559.86,46582.73,46537.49,46549.06,28.409283,1322425.39
2024-01-01 18:03:00,46644.3,46652.97,46627.15,46652.9,27.012073,1260191.43
2024-01-01 18:04:00,46698.46,46703.52,46667.86,46671.99,0.166928,7790.86
2024-01-01 18:05:00,46692.83,46694.01,46666.68,46693.49,17.661901,824695.86
2024-01-01 18:06:00,46749.43,46757.4,46740.22,46745.01,70.197244,3281370.78
2024-01-01 18:07:00,46756.09,46761.0,46733.47,46756.95,41.707248,1950103.64
2024-01-01 18:08:00,46685.06,46764.68,46663.5,46744.0,7.435757,347577.02
2024-01-01 18:09:00,46766.27,46800.99,46720.83,46734.18,38.43347,1796156.65
2024-01-01 18:10:00,46740.42,46759.0,46720.06,46730.6,28.442223,1329122.09
2024-01-01 18:11:00,46735.33,46746.22,46714.92,46728.74,20.071457,937913.83
2024-01-01 18:12:00,46763.88,46781.29,46752.67,46765.12,20.549534,961001.42
2024-01-01 18:13:00,46770.98,46793.63,46743.73,46767.72,24.113861,1127750.19
2024-01-01 18:14:00,46792.4,46823.21,46770.53,46804.35,0.169735,7944.33
2024-01-01 18:15:00,46812.64,46821.52,46776.25,46800.31,17.639475,825532.96
2024-01-01 18:16:00,46778.1,46813.81,46769.77,46804.24,27.119454,1269305.54
2024-01-01 18:17:00,46708.06,46728.08,46701.67,46704.33,36.459238,1702804.41
2024-01-01 18:18:00,46761.38,46785.2,46744.11,46750.15,3.676465,171875.27
2024-01-01 18:19:00,46763.5,46799.6,46763.24,46767.47,8.066245,377237.93
2024-01-01 18:20:00,46824.79,46835.06,46804.24,46817.38,23.242791,1088166.47
2024-01-01 18:21:00,46652.74,46676.49,46647.35,46672.56,37.556766,1752870.53
2024-01-01 18:22:00,46757.66,46783.42,46738.54,46776.98,2.237054,104642.63
2024-01-01 18:23:00,46774.74,46790.83,46745.87,46770.0,11.773871,550663.95
2024-01-01 18:24:00,46838.98,46867.86,46802.3,46825.41,12.343279,577979.11
2024-01-01 18:25:00,46735.92,46785.25,46723.46,46773.42,13.06422,611058.2
2024-01-01 18:26:00,46814.49,46832.73,46798.8,46804.05,5.47134,256080.92
2024-01-01 18:27:00,46740.52,46769.74,46711.63,46751.38,3.362356,157194.77
2024-01-01 18:28:00,46716.34,46722.91,46715.42,46720.2,21.602055,1009252.22
2024-01-01 18:29:00,46789.11,46823.71,46786.04,46815.9,16.303912,763282.25
2024-01-01 18:30:00,46789.33,46810.42,46782.86,46806.36,13.227938,619151.68
2024-01-01 18:31:00,46836.56,46853.96,46806.95,46817.23,42.73701,2000828.62
2024-01-01 18:32:00,46861.39,46877.53,46840.74,46860.74,15.394591,721401.87
2024-01-01 18:33:00,46877.87,46887.34,46877.67,46885.52,1.643244,77044.37
2024-01-01 18:34:00,46890.71,46907.37,46887.55,46893.04,4.096192,192082.9
2024-01-01 18:35:00,46921.07,46948.9,46910.72,46911.29,5.286095,247977.54
2024-01-01 18:36:00,47040.27,47049.37,47005.48,47031.46,10.372726,487844.45
2024-01-01 18:37:00,47027.08,47065.34,47019.24,47028.58,17.786848,836490.23
2024-01-01 18:38:00,47060.49,47075.72,47038.34,47038.64,32.684649,1537441.29
2024-01-01 18:39:00,47110.58,47113.13,47083.05,47091.17,4.366141,205606.69
2024-01-01 18:40:00,47154.71,47171.37,47118.75,47146.44,16.31831,769350.27
2024-01-01 18:41:00,47206.89,47225.93,47193.71,47205.8,4.002675,188949.47
2024-01-01 18:42:00,47250.88,47258.08,47230.82,47237.73,9.41552,444767.82
2024-01-01 18:43:00,47186.87,47199.77,47161.51,47180.58,33.076022,1560546.0
2024-01-01 18:44:00,47283.47,47298.24,47257.7,47262.25,13.533129,639606.16
2024-01-01 18:45:00,47222.93,47242.81,47181.63,47204.94,8.453495,399046.7
2024-01-01 18:46:00,47199.7,47222.45,47182.91,47220.07,1.282251,60547.97
2024-01-01 18:47:00,47160.64,47194.98,47153.95,47182.35,27.198921,1283309.11
2024-01-01 18:48:00,47165.12,47185.79,47136.26,47179.15,19.663571,927710.51
2024-01-01 18:49:00,47215.11,47224.57,47188.88,47195.59,28.448266,1342632.6
2024-01-01 18:50:00,47180.13,47226.31,47147.23,47211.65,5.229971,246915.6
2024-01-01 18:51:00,47240.64,47242.18,47228.2,47232.75,17.920876,846452.27
2024-01-01 18:52:00,47320.69,47329.31,47305.01,47313.44,20.13296,952559.49
2024-01-01 18:53:00,47359.36,47366.72,47324.6,47336.11,15.056378,712710.4
2024-01-01 18:54:00,47327.51,47327.63,47318.57,47323.9,15.580178,737314.84
2024-01-01 18:55:00,47345.24,47372.96,47336.67,47372.11,17.634873,835401.11
2024-01-01 18:56:00,47412.39,47432.81,47393.32,47431.58,2.804329,133013.78
2024-01-01 18:57:00,47346.56,47389.66,47346.13,47370.2,8.767365,415311.85
2024-01-01 18:58:00,47389.31,47402.47,47365.1,47400.07,17.987333,852600.87
2024-01-01 18:59:00,47431.47,47443.88,47428.28,47435.13,18.675881,885892.87
2024-01-01 19:00:00,47396.94,47440.46,47395.06,47420.25,9.130242,432958.39
2024-01-01 19:01:00,47518.45,47524.01,47482.01,47489.04,29.351694,1393883.71
2024-01-01 19:02:00,47455.03,47490.71,47451.02,47481.53,39.814233,1890440.89
2024-01-01 19:03:00,47514.74,47518.15,47487.15,47487.81,17.061127,810195.64
2024-01-01 19:04:00,47502.86,47515.58,47469.65,47479.16,23.421421,1112029.37
2024-01-01 19:05:00,47497.9,47512.16,47471.31,47479.94,0.831001,39455.87
2024-01-01 19:06:00,47411.25,47426.51,47405.78,47425.13,4.50857,213819.48
2024-01-01 19:07:00,47359.97,47387.13,47333.64,47353.12,30.194878,1429821.74
2024-01-01 19:08:00,47407.3,47455.84,47375.52,47432.85,7.494845,355501.85
2024-01-01 19:09:00,47408.72,47429.1,47367.16,47390.5,23.941267,1134588.61
2024-01-01 19:10:00,47339.45,47348.65,47337.52,47340.93,44.389423,2101436.59
2024-01-01 19:11:00,47225.07,47253.34,47208.66,47233.26,23.069638,1089654.2
2024-01-01 19:12:00,47176.84,47204.83,47170.89,47201.31,8.381351,395610.76
2024-01-01 19:13:00,47085.61,47153.12,47083.53,47135.16,16.806485,792176.34
2024-01-01 19:14:00,47196.49,47227.95,47193.96,47217.26,13.266056,626386.79
2024-01-01 19:15:00,47290.01,47300.36,47244.98,47267.75,30.181923,1426631.57
2024-01-01 19:16:00,47225.29,47242.84,47208.66,47233.34,6.420801,303275.9
2024-01-01 19:17:00,47342.58,47353.84,47337.67,47345.96,30.429879,1440731.93
2024-01-01 19:18:00,47408.16,47414.69,47382.99,47395.05,17.300481,819957.18
2024-01-01 19:19:00,47414.92,47418.03,47355.34,47378.81,15.826811,749855.48
2024-01-01 19:20:00,47280.34,47308.74,47237.32,47253.84,3.664235,173149.16
2024-01-01 19:21:00,47348.94,47371.11,47346.9,47368.39,19.120877,905725.09
2024-01-01 19:22:00,47260.06,47325.67,47236.2,47298.91,1.497783,70843.51
2024-01-01 19:23:00,47263.83,47277.27,47211.77,47216.64,1.338914,63219.0
2024-01-01 19:24:00,47313.15,47321.9,47257.74,47267.77,21.508817,1016673.74
2024-01-01 19:25:00,47393.52,47411.28,47378.21,47389.76,9.695507,459467.72
2024-01-01 19:26:00,47433.56,47468.15,47433.22,47458.97,31.66336,1502710.43
2024-01-01 19:27:00,47506.43,47524.48,47485.92,47487.16,15.62706,742084.79
2024-01-01 19:28:00,47514.74,47534.61,47493.93,47516.9,0.086996,4133.8
2024-01-01 19:29:00,47557.31,47578.29,47529.51,47559.57,6.297516,299507.15
2024-01-01 19:30:00,47615.41,47622.91,47579.89,47597.52,2.067494,98407.58
2024-01-01 19:31:00,47618.27,47639.77,47610.3,47611.58,13.215379,629205.04
2024-01-01 19:32:00,47593.07,47624.43,47575.86,47616.79,2.544136,121143.58
2024-01-01 19:33:00,47607.16,47620.84,47597.43,47613.66,11.528786,548927.67
2024-01-01 19:34:00,47589.18,47596.26,47574.84,47575.96,30.134317,1433669.09
2024-01-01 19:35:00,47572.13,47575.43,47530.54,47561.93,13.046227,620503.7
2024-01-01 19:36:00,47482.52,47501.06,47466.21,47477.28,15.49439,735631.48
2024-01-01 19:37:00,47491.03,47495.95,47463.3,47472.36,6.452475,306314.24
2024-01-01 19:38:00,47415.7,47441.66,47403.1,47422.93,10.831955,513683.06
2024-01-01 19:39:00,47371.33,47378.17,47363.44,47367.75,6.75528,319982.45
2024-01-01 19:40:00,47309.24,47394.89,47300.85,47376.75,30.564308,1448037.53
2024-01-01 19:41:00,47437.36,47451.22,47423.17,47446.35,25.596266,1214449.35
2024-01-01 19:42:00,47507.54,47509.33,47488.59,47492.26,4.080467,193790.64
2024-01-01 19:43:00,47405.93,47422.05,47398.84,47413.74,4.645905,220279.73
2024-01-01 19:44:00,47354.93,47382.09,47353.35,47364.26,18.538386,878056.89
2024-01-01 19:45:00,47390.47,47436.23,47378.5,47411.3,5.507298,261108.16
2024-01-01 19:46:00,47382.24,47401.19,47358.74,47362.17,13.367489,633113.31
2024-01-01 19:47:00,47361.91,47383.55,47346.26,47350.94,40.114007,1899435.95
2024-01-01 19:48:00,47394.95,47400.33,47378.13,47378.44,20.65164,978442.55
2024-01-01 19:49:00,47295.5,47337.53,47277.75,47330.03,34.730902,1643814.48
2024-01-01 19:50:00,47332.09,47337.64,47305.87,47335.29,27.492007,1301342.22
2024-01-01 19:51:00,47262.99,47269.17,47249.35,47268.59,19.188624,907019.25
2024-01-01 19:52:00,47232.91,47259.99,47198.78,47238.52,35.055657,1655977.53
2024-01-01 19:53:00,47242.19,47272.0,47238.07,47254.51,17.537764,828738.51
2024-01-01 19:54:00,47167.94,47182.94,47161.84,47174.86,15.660075,738761.88
2024-01-01 19:55:00,47213.88,47235.35,47184.96,47196.89,1.380566,65158.42
2024-01-01 19:56:00,47157.65,47221.23,47145.87,47195.91,6.508009,307151.38
2024-01-01 19:57:00,47259.08,47262.68,47191.99,47223.53,2.474917,116874.3
2024-01-01 19:58:00,47244.4,47257.61,47229.4,47234.73,7.544358,356355.66
2024-01-01 19:59:00,47302.09,47304.13,47291.12,47302.93,34.15336,1615554.1
2024-01-01 20:00:00,47327.33,47356.05,47307.67,47309.19,4.854975,229684.97
2024-01-01 20:01:00,47258.69,47303.96,47253.75,47287.72,20.126945,951757.43
2024-01-01 20:02:00,47280.54,47311.96,47278.41,47293.84,30.104155,1423741.03
2024-01-01 20:03:00,47318.58,47330.97,47292.95,47321.0,7.623691,360760.7
2024-01-01 20:04:00,47350.76,47361.29,47323.05,47323.45,17.531828,829666.54
2024-01-01 20:05:00,47324.55,47333.37,47317.88,47325.48,7.877596,372811.0
2024-01-01 20:06:00,47299.38,47305.7,47269.38,47290.38,6.529486,308781.83
2024-01-01 20:07:00,47245.44,47280.45,47222.65,47257.23,0.827301,39095.97
2024-01-01 20:08:00,47196.84,47210.21,47171.07,47187.1,3.90881,184445.42
2024-01-01 20:09:00,47308.12,47334.52,47263.38,47274.58,13.155727,621931.49
2024-01-01 20:10:00,47232.3,47248.37,47182.41,47212.39,14.282337,674303.21
2024-01-01 20:11:00,47176.11,47202.08,47163.67,47177.74,28.584518,1348553.02
2024-01-01 20:12:00,47155.33,47158.44,47135.94,47141.82,11.630754,548294.93
2024-01-01 20:13:00,47198.12,47200.91,47182.71,47186.57,15.341771,723925.52
2024-01-01 20:14:00,47181.95,47210.7,47149.61,47171.82,4.954069,233692.47
2024-01-01 20:15:00,47256.45,47270.15,47222.26,47234.21,2.549953,120445.0
2024-01-01 20:16:00,47222.62,47244.25,47188.8,47200.53,17.111144,807655.12
2024-01-01 20:17:00,47211.94,47218.81,47193.09,47214.48,11.696649,552251.21
2024-01-01 20:18:00,47185.55,47200.21,47157.24,47172.72,22.54721,1063613.1
2024-01-01 20:19:00,47272.31,47281.89,47255.18,47279.97,29.731336,1405696.77
2024-01-01 20:20:00,47202.13,47229.48,47191.84,47220.59,4.453211,210283.26
2024-01-01 20:21:00,47230.69,47246.64,47230.59,47236.08,14.829186,700472.67
2024-01-01 20:22:00,47266.25,47274.86,47255.18,47267.77,54.043104,2554497.16
2024-01-01 20:23:00,47255.23,47295.79,47246.51,47288.46,35.728846,1689562.17
2024-01-01 20:24:00,47296.4,47310.4,47251.85,47279.2,14.210585,671865.08
2024-01-01 20:25:00,47217.36,47288.36,47214.68,47272.71,17.461397,825447.49
2024-01-01 20:26:00,47329.19,47345.93,47254.95,47274.9,17.126699,809662.96
2024-01-01 20:27:00,47297.59,47297.95,47263.92,47267.55,33.240887,1571215.19
2024-01-01 20:28:00,47310.52,47333.41,47303.73,47315.74,1.963685,92913.21
2024-01-01 20:29:00,47426.46,47432.83,47417.51,47426.27,6.631703,314516.91
2024-01-01 20:30:00,47404.45,47418.0,47366.03,47398.39,12.909369,611883.36
2024-01-01 20:31:00,47318.12,47345.34,47308.46,47329.9,18.917025,895340.94
2024-01-01 20:32:00,47329.34,47336.91,47311.78,47325.49,32.828256,1553613.28
2024-01-01 20:33:00,47451.59,47455.55,47448.74,47454.47,40.471003,1920530.15
2024-01-01 20:34:00,47412.41,47417.99,47390.66,47414.29,1.037004,49168.79
2024-01-01 20:35:00,47499.88,47507.36,47474.17,47496.25,22.897569,1087548.59
2024-01-01 20:36:00,47553.86,47591.93,47547.08,47580.13,8.098264,385316.45
2024-01-01 20:37:00,47553.24,47562.1,47547.24,47552.45,27.605571,1312712.61
2024-01-01 20:38:00,47584.17,47601.27,47567.73,47580.9,9.920656,472033.75
2024-01-01 20:39:00,47664.9,47666.12,47638.76,47662.32,6.482522,308972.04
2024-01-01 20:40:00,47639.05,47651.06,47629.26,47643.36,36.403152,1734368.64
2024-01-01 20:41:00,47655.94,47666.18,47631.41,47633.19,11.970783,570206.53
2024-01-01 20:42:00,47597.03,47608.71,47596.98,47604.1,2.970805,141422.5
2024-01-01 20:43:00,47557.91,47563.57,47544.53,47553.36,13.555603,644614.5
2024-01-01 20:44:00,47546.85,47555.38,47494.71,47520.9,4.732806,224907.2
2024-01-01 20:45:00,47458.12,47466.43,47453.56,47459.7,18.305043,868751.88
2024-01-01 20:46:00,47465.7,47475.95,47441.06,47461.41,6.074005,288280.83
2024-01-01 20:47:00,47420.98,47425.89,47418.17,47422.91,5.895898,279600.64
2024-01-01 20:48:00,47459.34,47480.53,47421.82,47434.6,57.537987,2729291.24
2024-01-01 20:49:00,47351.65,47361.35,47338.37,47356.8,10.145847,480474.85
2024-01-01 20:50:00,47399.01,47409.16,47363.36,47373.35,17.065673,808458.07
2024-01-01 20:51:00,47412.95,47423.74,47405.3,47415.02,11.135931,528010.42
2024-01-01 20:52:00,47298.15,47344.17,47277.63,47315.34,10.511946,497376.24
2024-01-01 20:53:00,47347.63,47347.89,47325.2,47334.04,3.253386,153995.91
2024-01-01 20:54:00,47389.33,47418.84,47371.12,47395.42,16.851031,798661.75
2024-01-01 20:55:00,47347.35,47351.57,47324.55,47334.94,51.329784,2429692.3
2024-01-01 20:56:00,47363.98,47419.51,47353.58,47418.57,4.640848,220062.35
2024-01-01 20:57:00,47439.62,47446.36,47432.5,47439.52,6.343734,300943.71
2024-01-01 20:58:00,47395.08,47408.13,47393.39,47404.27,48.90406,2318261.25
2024-01-01 20:59:00,47380.22,47416.65,47377.24,47401.48,6.479537,307139.66
2024-01-01 21:00:00,47418.33,47445.82,47409.11,47429.4,35.88818,1702154.78
2024-01-01 21:01:00,47421.72,47443.0,47401.0,47433.2,21.85053,1036440.49
2024-01-01 21:02:00,47459.18,47468.5,47458.59,47460.14,29.579704,1403856.79
2024-01-01 21:03:00,47386.76,47431.13,47385.78,47414.1,2.578186,122242.35
2024-01-01 21:04:00,47428.9,47439.89,47402.15,47422.57,18.73212,888325.26
2024-01-01 21:05:00,47379.21,47389.1,47340.15,47351.88,10.711437,507206.7
2024-01-01 21:06:00,47351.94,47376.67,47330.3,47346.32,10.765201,509692.7
2024-01-01 21:07:00,47317.31,47328.64,47283.92,47301.13,2.143295,101380.26
2024-01-01 21:08:00,47286.24,47305.83,47244.18,47264.35,4.25745,201225.61
2024-01-01 21:09:00,47350.89,47365.5,47321.64,47326.16,3.831866,181347.46
2024-01-01 21:10:00,47418.12,47430.62,47366.61,47380.72,49.226188,2332372.28
2024-01-01 21:11:00,47401.19,47416.25,47380.81,47411.18,8.153511,386567.58
2024-01-01 21:12:00,47342.19,47358.68,47313.03,47356.56,0.355886,16853.56
2024-01-01 21:13:00,47356.41,47362.72,47333.97,47340.74,10.576929,500719.69
2024-01-01 21:14:00,47415.56,47418.85,47366.73,47401.4,19.263073,913096.58
2024-01-01 21:15:00,47424.0,47425.02,47393.56,47408.48,18.638964,883645.03
2024-01-01 21:16:00,47562.23,47572.94,47498.82,47524.45,15.760092,748989.72
2024-01-01 21:17:00,47544.34,47550.69,47524.75,47544.12,11.744844,558398.23
2024-01-01 21:18:00,47562.24,47564.67,47542.82,47553.72,12.705084,604173.96
2024-01-01 21:19:00,47518.65,47539.09,47516.57,47538.26,22.811621,1084424.8
2024-01-01 21:20:00,47587.65,47594.15,47524.6,47544.94,35.366559,1681500.89
2024-01-01 21:21:00,47530.58,47547.33,47530.01,47537.32,20.431775,971271.75
2024-01-01 21:22:00,47566.56,47595.51,47545.98,47572.72,28.447745,1353336.61
2024-01-01 21:23:00,47613.62,47636.72,47612.51,47620.56,26.625261,1267909.72
2024-01-01 21:24:00,47568.36,47597.87,47561.25,47581.26,6.637796,315834.68
2024-01-01 21:25:00,47500.11,47515.61,47496.65,47514.69,9.409583,447093.45
2024-01-01 21:26:00,47412.41,47429.25,47403.03,47422.88,30.274251,1435692.33
2024-01-01 21:27:00,47420.97,47452.24,47417.35,47448.28,42.768582,2029295.84
2024-01-01 21:28:00,47377.41,47397.07,47370.64,47393.12,15.161813,718565.55
2024-01-01 21:29:00,47324.45,47332.82,47283.84,47285.47,60.399271,2856008.0
2024-01-01 21:30:00,47319.61,47336.23,47298.37,47304.9,16.313024,771685.97
2024-01-01 21:31:00,47448.07,47448.44,47422.5,47429.55,0.760899,36089.1
2024-01-01 21:32:00,47452.79,47456.48,47427.57,47429.25,11.481366,544552.53
2024-01-01 21:33:00,47507.85,47513.8,47470.07,47471.17,13.318094,632225.53
2024-01-01 21:34:00,47439.83,47478.61,47433.87,47475.26,49.276642,2339421.51
2024-01-01 21:35:00,47445.72,47478.06,47430.22,47470.32,30.238141,1435414.19
2024-01-01 21:36:00,47500.2,47524.86,47478.75,47516.27,18.256698,867490.22
2024-01-01 21:37:00,47492.36,47515.89,47488.62,47501.76,30.709866,1458772.64
2024-01-01 21:38:00,47509.12,47551.98,47507.25,47515.13,16.915045,803720.55
2024-01-01 21:39:00,47522.27,47535.73,47521.61,47531.21,3.508302,166753.85
2024-01-01 21:40:00,47502.19,47504.96,47488.02,47497.81,19.712769,936313.34
2024-01-01 21:41:00,47548.12,47558.28,47542.32,47547.41,11.351065,539713.75
2024-01-01 21:42:00,47524.21,47562.6,47523.46,47538.66,6.857116,325978.12
2024-01-01 21:43:00,47457.36,47509.04,47435.63,47500.88,35.255805,1674681.58
2024-01-01 21:44:00,47507.84,47542.68,47459.79,47527.7,8.910889,423514.07
2024-01-01 21:45:00,47471.79,47501.41,47453.15,47482.78,12.410013,589261.9
2024-01-01 21:46:00,47479.24,47508.08,47465.44,47484.19,9.253103,439376.05
2024-01-01 21:47:00,47461.14,47499.3,47433.6,47483.73,20.699921,982909.45
2024-01-01 21:48:00,47528.21,47538.44,47514.27,47538.03,30.988646,1473139.02
2024-01-01 21:49:00,47539.14,47576.42,47523.26,47561.76,19.633046,933782.21
2024-01-01 21:50:00,47557.99,47582.23,47549.57,47560.51,19.724628,938113.36
2024-01-01 21:51:00,47579.94,47605.78,47556.55,47601.4,6.206469,295436.58
2024-01-01 21:52:00,47653.93,47684.97,47643.69,47670.91,11.857691,565266.89
2024-01-01 21:53:00,47672.62,47709.17,47657.52,47698.8,3.397794,162070.68
2024-01-01 21:54:00,47696.25,47729.41,47687.66,47699.32,6.100676,290998.09
2024-01-01 21:55:00,47616.39,47640.1,47609.78,47633.72,7.764155,369835.61
2024-01-01 21:56:00,47598.6,47612.58,47575.17,47580.47,3.198715,152196.35
2024-01-01 21:57:00,47573.32,47585.69,47551.93,47565.21,25.033331,1190715.58
2024-01-01 21:58:00,47533.33,47536.24,47528.63,47534.73,10.182319,484013.78
2024-01-01 21:59:00,47509.43,47531.98,47500.73,47525.38,15.972559,759101.98
2024-01-01 22:00:00,47535.83,47539.56,47527.63,47528.22,5.704054,271103.52
2024-01-01 22:01:00,47568.51,47571.04,47534.57,47554.7,27.667902,1315738.78
2024-01-01 22:02:00,47554.03,47562.56,47549.1,47551.17,16.783171,798059.51
2024-01-01 22:03:00,47607.57,47609.52,47570.07,47575.5,25.664838,1221017.5
2024-01-01 22:04:00,47587.92,47598.51,47565.67,47578.72,21.945474,1044137.63
2024-01-01 22:05:00,47498.22,47500.79,47476.22,47479.95,9.029838,428736.28
2024-01-01 22:06:00,47435.65,47440.68,47411.49,47432.98,1.652347,78375.73
2024-01-01 22:07:00,47439.29,47458.33,47405.5,47425.78,5.1604,244735.97
2024-01-01 22:08:00,47349.36,47400.56,47327.82,47365.29,16.672579,789701.6
2024-01-01 22:09:00,47386.12,47409.38,47384.43,47395.29,13.464816,638168.87
2024-01-01 22:10:00,47478.82,47505.88,47460.55,47471.83,15.35103,728741.47
2024-01-01 22:11:00,47539.61,47544.25,47524.79,47532.77,2.999879,142592.57
2024-01-01 22:12:00,47532.25,47543.89,47519.04,47522.09,3.025792,143791.99
2024-01-01 22:13:00,47618.64,47650.51,47592.45,47596.63,25.398188,1208868.2
2024-01-01 22:14:00,47575.56,47619.19,47571.0,47604.06,10.794885,513880.4
2024-01-01 22:15:00,47567.72,47607.53,47554.84,47587.21,24.119821,1147794.97
2024-01-01 22:16:00,47561.13,47564.17,47541.19,47556.54,13.914852,661742.21
2024-01-01 22:17:00,47526.93,47577.75,47523.07,47541.42,7.843997,372914.73
2024-01-01 22:18:00,47589.56,47596.47,47506.22,47522.01,20.606329,979254.11
2024-01-01 22:19:00,47540.84,47566.28,47526.16,47530.53,34.845983,1656247.96
2024-01-01 22:20:00,47536.99,47542.37,47534.56,47538.56,12.78371,607719.11
2024-01-01 22:21:00,47528.4,47559.18,47517.63,47538.71,6.819027,324167.73
2024-01-01 22:22:00,47550.95,47591.65,47533.03,47560.56,20.10574,956240.15
2024-01-01 22:23:00,47620.69,47622.33,47618.06,47620.09,42.231866,2011085.18
2024-01-01 22:24:00,47669.81,47677.89,47664.32,47667.57,15.717596,749219.56
2024-01-01 22:25:00,47584.19,47613.09,47582.93,47593.32,12.199214,580601.13
2024-01-01 22:26:00,47460.16,47470.26,47453.5,47465.63,11.808883,560516.03
2024-01-01 22:27:00,47539.23,47540.46,47511.26,47512.34,12.696904,603259.65
2024-01-01 22:28:00,47471.69,47502.15,47442.79,47444.0,17.151533,813737.26
2024-01-01 22:29:00,47437.8,47457.22,47416.77,47432.76,5.574528,264415.24
2024-01-01 22:30:00,47347.43,47375.15,47326.15,47374.25,11.581414,548660.83
2024-01-01 22:31:00,47294.92,47322.14,47265.38,47284.15,32.028305,1514431.3
2024-01-01 22:32:00,47342.31,47348.71,47299.57,47311.23,3.025604,143145.03
2024-01-01 22:33:00,47376.58,47381.25,47312.95,47349.19,20.539303,972519.27
2024-01-01 22:34:00,47335.05,47342.74,47307.21,47320.36,25.463359,1204935.29
2024-01-01 22:35:00,47219.26,47228.09,47162.84,47190.81,34.023088,1605577.0
2024-01-01 22:36:00,47164.56,47170.52,47156.98,47163.5,3.696203,174325.86
2024-01-01 22:37:00,47195.65,47204.35,47173.53,47183.09,36.893688,1740758.01
2024-01-01 22:38:00,47095.52,47109.83,47088.68,47109.14,22.25475,1048402.15
2024-01-01 22:39:00,47124.15,47139.87,47104.0,47118.31,18.574799,875213.11
2024-01-01 22:40:00,47144.13,47171.91,47097.87,47117.54,14.910535,702547.76
2024-01-01 22:41:00,47134.72,47154.71,47131.52,47146.51,43.130655,2033459.72
2024-01-01 22:42:00,47135.26,47154.51,47134.85,47152.49,1.958347,92340.93
2024-01-01 22:43:00,47105.78,47124.59,47093.65,47103.83,43.166511,2033308.09
2024-01-01 22:44:00,47159.13,47165.17,47150.69,47163.66,17.714671,835488.73
2024-01-01 22:45:00,47168.72,47171.67,47143.09,47155.73,36.807155,1735668.43
2024-01-01 22:46:00,47145.3,47160.15,47138.26,47154.37,13.189715,621952.71
2024-01-01 22:47:00,47142.07,47146.12,47095.73,47107.71,7.520482,354272.63
2024-01-01 22:48:00,47059.75,47097.7,47054.7,47085.54,46.743257,2200931.57
2024-01-01 22:49:00,47066.38,47096.07,47028.2,47041.3,24.428038,1149126.71
2024-01-01 22:50:00,47017.36,47065.52,47011.01,47032.65,5.293559,248970.15
2024-01-01 22:51:00,47082.32,47119.7,47068.04,47118.24,18.477738,870638.51
2024-01-01 22:52:00,47054.4,47059.46,47044.97,47049.64,1.296909,61019.11
2024-01-01 22:53:00,46963.87,46992.65,46948.33,46968.97,12.157678,571033.58
2024-01-01 22:54:00,47020.33,47044.77,47011.17,47042.53,33.912436,1595326.64
2024-01-01 22:55:00,46998.43,47042.25,46997.07,47032.06,6.762927,318074.39
2024-01-01 22:56:00,46998.44,47015.63,46991.58,46998.61,7.490422,352039.4
2024-01-01 22:57:00,47070.12,47074.78,47037.35,47050.6,9.337653,439342.2
2024-01-01 22:58:00,47032.02,47049.36,47003.25,47020.32,11.472362,539434.12
2024-01-01 22:59:00,47112.75,47123.53,47109.83,47111.62,6.151062,289786.51
2024-01-01 23:00:00,47155.09,47157.01,47137.6,47145.52,18.654821,879491.18
2024-01-01 23:01:00,47120.58,47144.73,47104.34,47121.12,13.971765,658365.21
2024-01-01 23:02:00,47200.39,47259.07,47172.31,47228.99,33.501994,1582265.22
2024-01-01 23:03:00,47170.28,47217.65,47166.95,47198.7,7.152552,337591.16
2024-01-01 23:04:00,47231.74,47238.63,47211.07,47235.81,11.155277,526928.47
2024-01-01 23:05:00,47247.56,47258.38,47236.88,47250.77,9.332184,440952.88
2024-01-01 23:06:00,47332.88,47338.82,47315.41,47315.86,1.629881,77119.21
2024-01-01 23:07:00,47409.08,47429.84,47370.56,47393.93,2.275093,107825.6
2024-01-01 23:08:00,47407.64,47415.42,47392.19,47395.53,4.464617,211602.91
2024-01-01 23:09:00,47352.26,47368.85,47341.36,47357.86,23.167977,1097185.84
2024-01-01 23:10:00,47353.25,47397.02,47325.05,47380.86,31.793499,1506403.36
2024-01-01 23:11:00,47355.22,47373.45,47334.88,47346.97,9.671497,457916.13
2024-01-01 23:12:00,47458.15,47492.04,47428.16,47447.64,14.041722,666246.62
2024-01-01 23:13:00,47406.7,47463.46,47400.58,47454.47,28.286768,1342333.6
2024-01-01 23:14:00,47419.52,47451.49,47394.41,47436.2,26.754851,1269148.59
2024-01-01 23:15:00,47431.62,47447.68,47422.45,47445.44,1.501619,71244.95
2024-01-01 23:16:00,47380.45,47410.69,47372.23,47378.08,22.089348,1046550.98
2024-01-01 23:17:00,47313.43,47360.19,47299.27,47329.5,21.883577,1035738.79
2024-01-01 23:18:00,47388.76,47422.07,47375.15,47389.52,16.319619,773378.94
2024-01-01 23:19:00,47352.47,47365.94,47328.75,47356.68,31.222414,1478589.78
2024-01-01 23:20:00,47301.15,47306.15,47292.12,47304.33,25.990643,1229470.02
2024-01-01 23:21:00,47316.84,47336.62,47311.19,47331.16,24.547392,1161856.67
2024-01-01 23:22:00,47377.67,47392.65,47363.83,47390.45,37.305622,1767930.24
2024-01-01 23:23:00,47404.79,47441.36,47404.3,47426.4,10.573189,501448.28
2024-01-01 23:24:00,47483.8,47493.29,47474.22,47476.2,11.155378,529614.96
2024-01-01 23:25:00,47449.78,47452.58,47412.04,47438.36,26.38407,1251617.04
2024-01-01 23:26:00,47351.86,47370.68,47342.05,47367.27,6.430923,304615.29
2024-01-01 23:27:00,47472.75,47488.45,47420.75,47442.34,19.632153,931395.23
2024-01-01 23:28:00,47419.91,47445.36,47416.25,47426.2,1.202146,57013.23
2024-01-01 23:29:00,47444.26,47450.95,47402.93,47413.66,35.589934,1687449.07
2024-01-01 23:30:00,47467.23,47495.33,47465.42,47480.07,21.95748,1042542.68
2024-01-01 23:31:00,47467.35,47509.61,47439.04,47507.88,20.973607,996411.64
2024-01-01 23:32:00,47538.72,47563.22,47528.75,47530.68,3.982323,189282.49
2024-01-01 23:33:00,47643.9,47659.52,47623.3,47638.93,26.400235,1257678.85
2024-01-01 23:34:00,47607.44,47623.71,47588.97,47606.75,26.635252,1268017.8
2024-01-01 23:35:00,47640.3,47666.73,47629.09,47653.14,33.505438,1596639.41
2024-01-01 23:36:00,47655.3,47657.99,47629.77,47655.99,30.394439,1448477.19
2024-01-01 23:37:00,47659.2,47692.55,47658.9,47669.42,15.920268,758910.01
2024-01-01 23:38:00,47739.8,47769.74,47731.63,47745.85,4.846295,231390.47
2024-01-01 23:39:00,47788.07,47822.72,47766.56,47771.24,29.764319,1421878.39
2024-01-01 23:40:00,47801.84,47805.58,47761.07,47798.15,39.527198,1889327.08
2024-01-01 23:41:00,47863.98,47912.17,47844.38,47851.78,16.178299,774160.39
2024-01-01 23:42:00,47828.89,47845.46,47820.22,47833.53,10.317653,493529.76
2024-01-01 23:43:00,47784.73,47808.34,47781.66,47791.57,26.652643,1273771.66
2024-01-01 23:44:00,47716.26,47739.93,47704.94,47739.33,3.240033,154677.01
2024-01-01 23:45:00,47633.61,47642.27,47611.99,47641.01,44.913894,2139743.38
2024-01-01 23:46:00,47677.4,47744.93,47660.94,47743.82,1.970609,94084.41
2024-01-01 23:47:00,47676.86,47700.43,47665.49,47688.66,3.995965,190562.24
2024-01-01 23:48:00,47675.96,47684.07,47671.39,47677.6,11.466149,546678.46
2024-01-01 23:49:00,47675.03,47678.5,47638.23,47663.76,13.078413,623366.32
2024-01-01 23:50:00,47673.76,47693.08,47667.14,47679.13,50.363967,2401310.06
2024-01-01 23:51:00,47726.87,47728.57,47709.26,47719.92,5.044713,240733.28
2024-01-01 23:52:00,47719.34,47775.85,47711.68,47762.94,35.37939,1689823.65
2024-01-01 23:53:00,47732.65,47756.82,47725.81,47733.79,17.935327,856121.05
2024-01-01 23:54:00,47691.84,47753.39,47678.66,47725.43,22.366054,1067429.52
2024-01-01 23:55:00,47715.39,47759.25,47689.42,47739.56,32.324467,1543155.78
2024-01-01 23:56:00,47723.38,47733.99,47715.08,47727.12,35.034057,1672074.79
2024-01-01 23:57:00,47833.02,47838.1,47789.52,47807.49,17.11375,818165.47
2024-01-01 23:58:00,47839.46,47866.21,47808.19,47832.04,44.654921,2135935.94
2024-01-01 23:59:00,47869.15,47877.59,47863.23,47868.78,18.649035,892706.64
2024-01-02 00:00:00,47901.54,47911.34,47891.53,47901.93,30.974877,1483756.34
2024-01-02 00:01:00,47946.33,47962.58,47938.06,47960.6,5.837397,279965.05
2024-01-02 00:02:00,47958.77,47970.09,47953.84,47969.65,39.78118,1908289.37
2024-01-02 00:03:00,47913.36,47941.67,47884.97,47904.81,4.639675,222262.75
2024-01-02 00:04:00,47897.09,47948.28,47891.32,47924.8,3.759302,180163.76
2024-01-02 00:05:00,47904.09,47913.4,47873.68,47892.23,19.647558,940965.34
2024-01-02 00:06:00,47858.03,47887.54,47850.99,47865.8,2.159497,103366.07
2024-01-02 00:07:00,47911.63,47914.3,47889.74,47895.12,20.414125,977736.86
2024-01-02 00:08:00,47976.25,47980.74,47949.14,47957.03,12.63535,605953.84
2024-01-02 00:09:00,47924.63,47962.62,47919.03,47958.09,3.635139,174334.35
2024-01-02 00:10:00,47961.9,47992.89,47955.3,47973.53,5.358226,257053.02
2024-01-02 00:11:00,48041.53,48076.7,48029.68,48058.65,34.810543,1672947.54
2024-01-02 00:12:00,48034.43,48078.66,48030.01,48070.68,57.846534,2780722.37
2024-01-02 00:13:00,48180.12,48201.04,48168.34,48200.77,8.382504,404043.11
2024-01-02 00:14:00,48277.87,48277.9,48216.34,48229.04,13.948822,672738.31
2024-01-02 00:15:00,48153.19,48175.79,48121.88,48141.0,2.031208,97784.4
2024-01-02 00:16:00,48217.02,48231.68,48167.94,48178.67,55.767988,2686827.55
2024-01-02 00:17:00,48214.31,48219.35,48192.52,48197.73,19.834696,955987.3
2024-01-02 00:18:00,48247.38,48270.15,48231.71,48262.22,28.539114,1377360.92
2024-01-02 00:19:00,48288.24,48299.14,48276.99,48295.88,33.636651,1624511.53
2024-01-02 00:20:00,48300.72,48302.29,48264.34,48288.95,12.603077,608589.4
2024-01-02 00:21:00,48236.49,48246.73,48220.5,48227.74,6.272333,302500.44
2024-01-02 00:22:00,48205.74,48231.81,48196.73,48217.29,40.378646,1946948.78
2024-01-02 00:23:00,48144.56,48198.95,48113.7,48174.76,25.557768,1231239.35
2024-01-02 00:24:00,48211.49,48213.69,48137.0,48145.73,6.91799,333071.72
2024-01-02 00:25:00,48172.34,48184.44,48170.02,48175.16,4.484227,216028.38
2024-01-02 00:26:00,48252.14,48283.31,48251.28,48258.66,2.206937,106503.8
2024-01-02 00:27:00,48280.66,48281.02,48275.7,48278.39,33.184371,1602088.1
2024-01-02 00:28:00,48213.74,48222.82,48210.19,48218.6,39.46895,1903137.43
2024-01-02 00:29:00,48243.28,48258.13,48220.19,48240.83,53.034566,2558431.41
2024-01-02 00:30:00,48326.4,48347.73,48276.26,48300.66,4.174066,201610.14
2024-01-02 00:31:00,48267.68,48275.96,48267.35,48270.17,12.80413,618057.57
2024-01-02 00:32:00,48240.22,48264.99,48237.46,48263.47,1.995964,96332.17
2024-01-02 00:33:00,48260.97,48266.62,48229.8,48264.2,6.353086,306626.67
2024-01-02 00:34:00,48215.67,48251.52,48205.42,48224.96,28.597577,1379117.0
2024-01-02 00:35:00,48285.85,48300.98,48247.54,48257.37,9.08242,438293.73
2024-01-02 00:36:00,48274.75,48289.08,48239.44,48251.33,36.317153,1752350.82
2024-01-02 00:37:00,48274.45,48278.0,48267.49,48272.3,0.325969,15735.27
2024-01-02 00:38:00,48202.35,48236.89,48199.33,48227.93,24.828327,1197418.78
2024-01-02 00:39:00,48181.54,48227.97,48169.68,48206.06,1.144868,55189.55
2024-01-02 00:40:00,48242.48,48258.68,48224.05,48242.17,26.744486,1290212.16
2024-01-02 00:41:00,48230.26,48236.96,48214.84,48223.53,10.429369,502941.04
2024-01-02 00:42:00,48302.39,48330.62,48281.14,48309.88,12.482595,603032.66
2024-01-02 00:43:00,48280.3,48296.85,48257.98,48289.9,48.429956,2338677.72
2024-01-02 00:44:00,48289.28,48311.2,48285.53,48301.13,0.808249,39039.35
2024-01-02 00:45:00,48347.3,48363.53,48347.2,48347.76,6.616231,319879.99
2024-01-02 00:46:00,48229.19,48282.53,48221.77,48276.84,19.793395,955562.67
2024-01-02 00:47:00,48166.78,48191.32,48162.2,48188.8,1.988426,95819.89
2024-01-02 00:48:00,48099.98,48125.39,48081.93,48112.52,0.324819,15627.84
2024-01-02 00:49:00,48199.8,48224.92,48163.99,48175.65,11.44229,551239.74
2024-01-02 00:50:00,48131.78,48155.72,48101.03,48148.06,1.268673,61084.15
2024-01-02 00:51:00,48279.58,48299.89,48265.51,48275.97,25.659858,1238754.48
2024-01-02 00:52:00,48252.29,48253.17,48247.06,48247.76,3.003401,144907.35
2024-01-02 00:53:00,48282.94,48303.56,48237.49,48256.98,22.298394,1076053.21
2024-01-02 00:54:00,48359.34,48362.03,48325.91,48334.09,22.920062,1107820.3
2024-01-02 00:55:00,48433.24,48445.86,48426.83,48434.39,36.724674,1778737.3
2024-01-02 00:56:00,48527.96,48556.63,48526.74,48537.47,35.11072,1704185.47
2024-01-02 00:57:00,48584.61,48601.07,48570.43,48597.89,8.003752,388965.46
2024-01-02 00:58:00,48644.27,48663.52,48638.63,48649.09,4.908329,238785.74
2024-01-02 00:59:00,48670.04,48694.74,48657.58,48678.72,4.025622,195962.1
2024-01-02 01:00:00,48728.71,48744.29,48709.37,48717.63,6.958768,339014.69
2024-01-02 01:01:00,48698.48,48714.51,48674.86,48690.07,2.465402,120040.62
2024-01-02 01:02:00,48661.0,48665.35,48643.66,48649.16,6.509459,316679.76
2024-01-02 01:03:00,48674.18,48686.29,48641.68,48649.0,7.44394,362140.2
2024-01-02 01:04:00,48677.74,48678.43,48640.03,48640.49,25.688109,1249482.11
2024-01-02 01:05:00,48620.32,48629.49,48613.07,48617.83,8.961273,435677.59
2024-01-02 01:06:00,48674.63,48678.15,48634.02,48652.64,9.951438,484163.8
2024-01-02 01:07:00,48693.38,48709.43,48681.58,48700.41,20.404582,993711.53
2024-01-02 01:08:00,48728.53,48743.71,48694.62,48704.83,24.445999,1190638.26
2024-01-02 01:09:00,48799.94,48809.66,48761.53,48778.71,5.497552,268163.5
2024-01-02 01:10:00,48741.79,48759.12,48696.01,48721.62,27.379763,1333986.48
2024-01-02 01:11:00,48713.82,48714.38,48688.2,48711.94,25.935752,1263380.79
2024-01-02 01:12:00,48662.73,48681.04,48655.94,48676.1,47.982776,2335614.32
2024-01-02 01:13:00,48554.88,48594.56,48545.2,48582.77,24.658523,1197979.38
2024-01-02 01:14:00,48577.84,48594.76,48553.26,48578.64,44.144062,2144458.37
2024-01-02 01:15:00,48603.21,48618.52,48569.71,48572.55,11.238583,545886.66
2024-01-02 01:16:00,48642.03,48668.53,48641.62,48648.22,37.992524,1848268.74
2024-01-02 01:17:00,48695.47,48695.47,48666.64,48679.76,38.415328,1870049.06
2024-01-02 01:18:00,48645.43,48646.34,48626.65,48628.55,7.147725,347583.54
2024-01-02 01:19:00,48715.58,48732.77,48698.33,48721.26,3.770808,183718.49
2024-01-02 01:20:00,48808.64,48816.78,48771.06,48782.31,0.253517,12367.12
2024-01-02 01:21:00,48753.24,48817.54,48741.78,48811.42,18.302483,893370.11
2024-01-02 01:22:00,48775.64,48821.74,48769.13,48800.09,12.99414,634115.22
2024-01-02 01:23:00,48733.81,48753.2,48720.05,48752.12,0.925383,45114.37
2024-01-02 01:24:00,48717.11,48753.34,48714.81,48733.51,33.944607,1654239.79
2024-01-02 01:25:00,48794.67,48798.5,48767.41,48787.95,23.336679,1138548.65
2024-01-02 01:26:00,48887.98,48900.37,48864.65,48882.18,37.05278,1811220.5
2024-01-02 01:27:00,48967.22,48967.6,48939.61,48959.34,16.652941,815316.97
2024-01-02 01:28:00,48946.82,48968.85,48925.87,48934.9,53.177728,2602246.52
2024-01-02 01:29:00,48859.91,48890.58,48856.92,48878.91,33.591348,1641908.62
2024-01-02 01:30:00,48861.59,48901.7,48846.51,48885.96,1.658544,81079.53
2024-01-02 01:31:00,48805.46,48813.73,48789.64,48797.54,19.768643,964661.1
2024-01-02 01:32:00,48801.09,48817.09,48787.19,48813.69,14.990141,731724.18
2024-01-02 01:33:00,48774.91,48831.31,48772.47,48806.31,20.183221,985068.63
2024-01-02 01:34:00,48802.44,48807.49,48779.8,48783.01,49.538567,2416640.56
2024-01-02 01:35:00,48731.18,48757.6,48696.27,48703.28,48.26515,2350671.02
2024-01-02 01:36:00,48760.1,48775.45,48725.71,48728.96,21.51371,1048340.66
2024-01-02 01:37:00,48706.06,48719.67,48684.27,48702.32,4.084574,198928.26
2024-01-02 01:38:00,48656.35,48663.92,48618.0,48643.83,7.140954,347363.35
2024-01-02 01:39:00,48527.61,48537.75,48468.13,48500.21,12.739006,617844.52
2024-01-02 01:40:00,48486.01,48501.39,48484.45,48498.84,16.621216,806109.68
2024-01-02 01:41:00,48609.66,48617.36,48584.84,48587.45,0.916368,44523.96
2024-01-02 01:42:00,48676.02,48691.48,48658.78,48670.51,7.345222,357495.74
2024-01-02 01:43:00,48665.93,48671.01,48634.19,48647.66,20.472092,995919.33
2024-01-02 01:44:00,48621.27,48631.74,48609.55,48617.55,0.297177,14448.04
2024-01-02 01:45:00,48666.91,48667.57,48599.19,48640.99,2.576446,125320.88
2024-01-02 01:46:00,48595.54,48617.3,48582.56,48591.07,20.218369,982432.15
2024-01-02 01:47:00,48576.48,48617.64,48572.26,48606.16,42.850417,2082794.1
2024-01-02 01:48:00,48673.5,48683.38,48641.91,48644.46,52.31551,2544859.8
2024-01-02 01:49:00,48686.86,48729.94,48683.87,48705.81,19.120254,931267.39
2024-01-02 01:50:00,48725.86,48730.14,48691.13,48700.8,8.22852,400735.52
2024-01-02 01:51:00,48688.81,48706.58,48677.69,48690.62,36.324946,1768684.02
2024-01-02 01:52:00,48670.24,48672.98,48642.25,48646.72,33.343291,1622041.65
2024-01-02 01:53:00,48628.07,48638.47,48580.69,48605.37,27.636219,1343268.73
2024-01-02 01:54:00,48602.65,48608.32,48564.69,48594.05,21.586809,1048990.45
2024-01-02 01:55:00,48622.59,48638.51,48610.95,48612.42,34.163508,1660770.72
2024-01-02 01:56:00,48666.55,48673.68,48656.38,48658.1,17.164027,835168.9
2024-01-02 01:57:00,48577.66,48633.04,48564.47,48617.94,7.874046,382819.89
2024-01-02 01:58:00,48694.94,48718.95,48688.74,48692.57,3.437521,167381.75
2024-01-02 01:59:00,48656.69,48679.89,48638.79,48679.02,21.640646,1053445.35
2024-01-02 02:00:00,48681.37,48695.87,48648.85,48677.95,40.232773,1958448.82
2024-01-02 02:01:00,48617.73,48663.18,48604.38,48640.59,7.490537,364344.1
2024-01-02 02:02:00,48495.68,48542.6,48489.34,48519.38,3.101251,150470.77
2024-01-02 02:03:00,48595.68,48600.95,48541.96,48563.58,5.138818,249559.4
2024-01-02 02:04:00,48621.81,48637.32,48599.61,48600.42,0.856137,41608.64
2024-01-02 02:05:00,48586.27,48589.24,48568.07,48586.35,19.588007,951709.85
2024-01-02 02:06:00,48593.4,48607.05,48576.5,48589.7,31.049601,1508690.88
2024-01-02 02:07:00,48610.54,48638.75,48597.81,48615.5,32.557897,1582818.43
2024-01-02 02:08:00,48548.77,48563.0,48531.28,48537.37,13.385751,649709.18
2024-01-02 02:09:00,48497.4,48536.25,48480.59,48510.92,6.951158,337207.05
2024-01-02 02:10:00,48570.51,48571.38,48532.65,48550.63,49.671574,2411586.35
2024-01-02 02:11:00,48482.86,48501.36,48480.27,48487.92,10.453729,506879.55
2024-01-02 02:12:00,48494.2,48521.51,48491.45,48502.6,32.466656,1574717.13
2024-01-02 02:13:00,48435.2,48439.07,48422.8,48434.77,20.936422,1014050.71
2024-01-02 02:14:00,48446.27,48470.77,48420.62,48458.09,11.851534,574302.7
2024-01-02 02:15:00,48462.88,48462.92,48429.48,48456.31,29.697781,1439044.8
2024-01-02 02:16:00,48364.8,48399.71,48329.97,48375.55,22.354453,1081408.98
2024-01-02 02:17:00,48443.16,48448.95,48406.25,48433.79,39.45191,1910805.42
2024-01-02 02:18:00,48421.38,48422.2,48370.11,48397.06,13.740635,665006.31
2024-01-02 02:19:00,48342.16,48358.89,48341.91,48356.55,26.382976,1275789.56
2024-01-02 02:20:00,48363.96,48374.78,48347.07,48366.57,10.855083,525023.18
2024-01-02 02:21:00,48433.23,48434.53,48413.76,48424.01,1.793076,86827.91
2024-01-02 02:22:00,48364.5,48380.86,48352.9,48373.21,31.315099,1514811.98
2024-01-02 02:23:00,48385.58,48421.44,48356.31,48376.3,14.609679,706762.21
2024-01-02 02:24:00,48408.85,48410.53,48389.75,48397.74,9.273856,448833.64
2024-01-02 02:25:00,48454.06,48476.73,48419.25,48432.39,1.371311,66415.9
2024-01-02 02:26:00,48429.1,48446.58,48416.84,48441.22,26.841881,1300253.39
2024-01-02 02:27:00,48404.01,48424.36,48399.78,48422.87,8.933613,432591.13
2024-01-02 02:28:00,48375.33,48383.71,48353.96,48381.49,1.823348,88216.29
2024-01-02 02:29:00,48366.44,48404.12,48330.55,48385.79,10.87827,526353.72
2024-01-02 02:30:00,48343.48,48348.06,48327.07,48332.19,39.754461,1921420.0
2024-01-02 02:31:00,48162.88,48216.0,48158.96,48186.12,0.650326,31336.69
2024-01-02 02:32:00,48254.61,48267.55,48181.07,48207.95,1.982159,95555.79
2024-01-02 02:33:00,48279.06,48280.71,48245.2,48253.14,16.964034,818567.95
2024-01-02 02:34:00,48135.25,48153.16,48119.33,48135.0,9.659895,464979.02
2024-01-02 02:35:00,48101.86,48123.32,48073.95,48084.51,18.259625,878005.12
2024-01-02 02:36:00,48082.73,48119.02,48060.47,48115.47,10.64137,512014.5
2024-01-02 02:37:00,48268.81,48271.15,48201.38,48218.34,10.962063,528572.51
2024-01-02 02:38:00,48207.58,48234.15,48200.91,48219.38,44.824299,2161399.98
2024-01-02 02:39:00,48180.57,48202.92,48179.54,48182.98,23.445558,1129676.91
2024-01-02 02:40:00,48136.72,48179.91,48135.24,48173.84,56.356433,2714905.62
2024-01-02 02:41:00,48252.31,48264.73,48227.16,48242.58,33.565494,1619286.04
2024-01-02 02:42:00,48188.16,48212.86,48183.74,48210.28,3.48414,167971.37
2024-01-02 02:43:00,48172.36,48179.24,48160.64,48170.32,17.824656,858619.43
2024-01-02 02:44:00,48135.3,48152.72,48124.91,48146.19,3.656902,176065.87
2024-01-02 02:45:00,48076.96,48106.77,48048.2,48098.52,16.384664,788078.09
2024-01-02 02:46:00,48088.57,48118.02,48079.24,48104.65,52.996868,2549395.95
2024-01-02 02:47:00,48190.4,48195.63,48169.37,48185.89,2.925764,140980.54
2024-01-02 02:48:00,48176.41,48204.62,48173.04,48202.04,5.359888,258357.53
2024-01-02 02:49:00,48174.45,48217.23,48161.13,48189.42,5.135324,247468.32
2024-01-02 02:50:00,48188.1,48210.96,48169.8,48174.83,1.922272,92605.14
2024-01-02 02:51:00,48148.72,48174.16,48095.31,48096.67,1.946119,93601.87
2024-01-02 02:52:00,48150.38,48154.73,48114.54,48140.83,11.897712,572765.7
2024-01-02 02:53:00,48118.59,48145.5,48114.22,48136.94,4.727759,227579.82
2024-01-02 02:54:00,48120.57,48132.8,48115.31,48127.91,11.084648,533480.97
2024-01-02 02:55:00,48288.2,48298.74,48259.52,48287.57,1.937002,93533.11
2024-01-02 02:56:00,48295.52,48309.77,48285.17,48302.51,35.981907,1738016.27
2024-01-02 02:57:00,48282.98,48298.61,48254.27,48264.92,6.913646,333686.54
2024-01-02 02:58:00,48247.95,48255.04,48241.39,48243.6,9.054568,436824.92
2024-01-02 02:59:00,48319.18,48327.31,48296.3,48301.02,47.950834,2316074.22
2024-01-02 03:00:00,48300.4,48360.85,48293.71,48306.68,10.536374,508977.31
2024-01-02 03:01:00,48261.28,48279.26,48233.0,48234.77,28.711721,1384903.29
2024-01-02 03:02:00,48277.4,48294.73,48276.79,48280.73,1.486006,71745.45
2024-01-02 03:03:00,48227.9,48252.62,48210.26,48247.32,35.963487,1735142.02
2024-01-02 03:04:00,48384.54,48393.91,48318.19,48340.99,8.890863,429793.11
2024-01-02 03:05:00,48358.49,48399.19,48348.73,48394.99,20.099784,972728.88
2024-01-02 03:06:00,48357.85,48388.85,48338.78,48372.63,26.807308,1296739.86
2024-01-02 03:07:00,48424.14,48451.54,48411.32,48436.68,23.872123,1156286.28
2024-01-02 03:08:00,48490.24,48506.26,48432.65,48440.07,53.282996,2581032.03
2024-01-02 03:09:00,48518.85,48526.94,48460.88,48482.71,1.687293,81804.54
2024-01-02 03:10:00,48536.82,48541.61,48487.32,48506.94,38.275666,1856635.62
2024-01-02 03:11:00,48458.01,48476.18,48447.75,48464.63,33.112902,1604804.46
2024-01-02 03:12:00,48480.97,48497.34,48420.14,48432.45,10.989328,532240.08
2024-01-02 03:13:00,48491.31,48512.88,48479.43,48483.95,46.785221,2268332.18
2024-01-02 03:14:00,48486.75,48492.11,48456.92,48467.21,7.068837,342606.79
2024-01-02 03:15:00,48450.62,48471.07,48430.3,48447.03,10.446331,506093.68
2024-01-02 03:16:00,48398.28,48418.67,48390.74,48399.27,9.890327,478684.62
2024-01-02 03:17:00,48415.41,48425.87,48406.61,48420.45,15.463714,748759.98
2024-01-02 03:18:00,48519.38,48534.57,48514.18,48523.58,25.230281,1224263.45
2024-01-02 03:19:00,48482.37,48491.29,48467.19,48470.2,22.107963,1071577.37
2024-01-02 03:20:00,48478.75,48495.73,48446.19,48471.41,7.906414,383235.02
2024-01-02 03:21:00,48541.39,48564.38,48530.71,48542.02,45.250691,2196560.02
2024-01-02 03:22:00,48568.23,48571.59,48536.84,48538.04,1.255599,60944.31
2024-01-02 03:23:00,48501.32,48582.05,48485.15,48560.66,24.595948,1194395.44
2024-01-02 03:24:00,48517.74,48537.73,48496.71,48507.54,48.044119,2330501.97
2024-01-02 03:25:00,48543.31,48548.69,48512.64,48528.95,30.222186,1466651.07
2024-01-02 03:26:00,48542.54,48577.76,48515.92,48519.6,22.520833,1092701.74
2024-01-02 03:27:00,48567.59,48578.02,48561.21,48568.88,3.211093,155959.18
2024-01-02 03:28:00,48632.41,48648.05,48617.95,48628.25,16.841832,818988.86
2024-01-02 03:29:00,48777.45,48778.12,48746.43,48757.73,15.207566,741486.4
2024-01-02 03:30:00,48816.54,48828.25,48779.09,48786.71,5.49714,268187.4
2024-01-02 03:31:00,48796.99,48816.13,48795.29,48803.0,8.073951,394033.04
2024-01-02 03:32:00,48818.06,48820.78,48811.85,48812.72,15.237625,743789.96
2024-01-02 03:33:00,48828.63,48831.81,48776.44,48795.06,28.469369,1389164.66
2024-01-02 03:34:00,48769.51,48838.52,48767.21,48811.99,10.952504,534613.47
2024-01-02 03:35:00,48783.42,48812.6,48780.64,48797.22,24.498254,1195446.6
2024-01-02 03:36:00,48834.96,48839.73,48804.11,48805.64,13.994965,683033.24
2024-01-02 03:37:00,48893.37,48904.28,48865.52,48871.52,23.677048,1157133.31
2024-01-02 03:38:00,48831.64,48831.88,48810.77,48821.19,5.155505,251697.89
2024-01-02 03:39:00,48869.21,48879.27,48852.74,48878.19,24.080308,1177001.79
2024-01-02 03:40:00,48926.41,48958.85,48923.16,48944.04,3.916131,191671.3
2024-01-02 03:41:00,48926.31,48938.49,48918.58,48938.14,23.645042,1157144.35
2024-01-02 03:42:00,48863.01,48882.79,48828.02,48832.05,19.07864,931649.04
2024-01-02 03:43:00,48789.09,48803.99,48774.7,48801.66,0.055326,2700.02
2024-01-02 03:44:00,48868.53,48891.14,48865.15,48866.5,22.25047,1087302.69
2024-01-02 03:45:00,48850.29,48884.13,48820.96,48865.36,41.007451,2003843.94
2024-01-02 03:46:00,48832.25,48841.08,48802.81,48815.4,8.343377,407285.24
2024-01-02 03:47:00,48779.38,48793.52,48777.63,48790.16,28.385452,1384930.66
2024-01-02 03:48:00,48830.24,48833.31,48803.69,48832.19,25.741367,1257007.3
2024-01-02 03:49:00,48825.86,48868.72,48822.07,48859.53,10.128343,494866.02
2024-01-02 03:50:00,48815.31,48855.13,48796.29,48847.58,80.730633,3943495.96
2024-01-02 03:51:00,48829.39,48833.9,48817.94,48829.24,68.552905,3347386.07
2024-01-02 03:52:00,48783.15,48812.45,48782.61,48809.65,37.83785,1846852.18
2024-01-02 03:53:00,48805.63,48818.4,48749.67,48763.53,8.103772,395168.53
2024-01-02 03:54:00,48803.07,48858.12,48790.9,48844.3,38.659337,1888288.19
2024-01-02 03:55:00,48812.18,48831.5,48805.3,48828.18,24.970649,1219271.38
2024-01-02 03:56:00,48889.37,48898.49,48885.5,48889.04,37.934928,1854602.22
2024-01-02 03:57:00,48957.8,48983.01,48939.12,48965.11,41.122436,2013564.41
2024-01-02 03:58:00,48992.94,49041.03,48980.3,49015.02,3.620869,177476.98
2024-01-02 03:59:00,48974.28,49012.6,48961.42,48993.44,34.182485,1674717.52
2024-01-02 04:00:00,48993.81,49042.27,48982.62,49013.63,17.704,867737.23
2024-01-02 04:01:00,49006.68,49024.45,48981.47,49012.42,19.5715,959246.52
2024-01-02 04:02:00,49006.27,49013.43,48966.52,48967.23,13.405974,656453.42
2024-01-02 04:03:00,48985.01,49004.8,48979.7,48983.45,17.712478,867618.29
2024-01-02 04:04:00,48948.16,48950.13,48908.96,48924.5,14.095709,689625.48
2024-01-02 04:05:00,48994.02,49000.42,48980.39,48983.88,1.854399,90835.66
2024-01-02 04:06:00,48982.93,48985.7,48952.62,48960.65,27.101629,1326913.4
2024-01-02 04:07:00,48914.71,48978.79,48906.83,48970.71,32.898232,1611049.73
2024-01-02 04:08:00,48978.78,48995.27,48960.32,48984.87,6.916199,338789.11
2024-01-02 04:09:00,48998.07,49031.73,48967.05,48971.93,40.393097,1978127.82
2024-01-02 04:10:00,48989.83,49015.99,48978.17,49001.26,6.874785,336873.17
2024-01-02 04:11:00,49012.77,49027.4,48965.89,48977.52,0.203713,9977.35
2024-01-02 04:12:00,49050.76,49088.31,49014.62,49021.08,37.138201,1820554.79
2024-01-02 04:13:00,48944.4,48986.89,48931.49,48953.78,36.40846,1782331.89
2024-01-02 04:14:00,48950.04,48971.36,48934.19,48960.1,2.402176,117610.78
2024-01-02 04:15:00,49036.78,49086.58,49034.73,49057.05,5.305018,260248.52
2024-01-02 04:16:00,48994.44,49033.38,48992.39,49007.03,45.287698,2219415.68
2024-01-02 04:17:00,48948.49,48980.46,48926.4,48973.15,7.946761,389177.87
2024-01-02 04:18:00,49007.42,49021.7,48996.99,48998.84,10.065715,493208.35
2024-01-02 04:19:00,48978.7,49019.52,48969.49,49007.82,4.955051,242836.26
2024-01-02 04:20:00,49037.43,49045.72,49013.64,49025.35,36.432217,1786102.21
2024-01-02 04:21:00,49062.37,49066.88,49049.18,49049.81,52.88343,2593922.21
2024-01-02 04:22:00,49048.32,49084.64,49046.22,49081.55,11.399733,559516.5
2024-01-02 04:23:00,49168.03,49194.19,49134.92,49137.03,58.354441,2867364.01
2024-01-02 04:24:00,49167.79,49195.02,49157.2,49157.52,1.090151,53589.12
2024-01-02 04:25:00,49160.45,49169.41,49143.57,49145.46,4.343959,213485.87
2024-01-02 04:26:00,49163.91,49194.96,49156.7,49179.09,23.461752,1153827.56
2024-01-02 04:27:00,49286.53,49291.85,49256.55,49274.08,6.339815,312388.55
2024-01-02 04:28:00,49289.98,49311.17,49233.47,49267.45,23.204246,1143214.06
2024-01-02 04:29:00,49216.75,49229.17,49200.05,49218.72,0.369894,18205.69
2024-01-02 04:30:00,49314.12,49349.16,49248.42,49274.08,20.882512,1028966.51
2024-01-02 04:31:00,49268.94,49274.31,49263.43,49268.06,24.85006,1224314.25
2024-01-02 04:32:00,49182.24,49197.24,49124.09,49159.43,3.524194,173247.33
2024-01-02 04:33:00,49207.66,49210.84,49201.16,49201.8,18.352234,902962.88
2024-01-02 04:34:00,49186.74,49194.84,49172.33,49175.03,17.223795,846980.64
2024-01-02 04:35:00,49137.08,49170.91,49132.42,49170.5,13.571828,667333.64
2024-01-02 04:36:00,49194.52,49198.52,49177.09,49187.1,13.628434,670343.2
2024-01-02 04:37:00,49181.93,49219.03,49176.49,49196.63,6.647159,327017.79
2024-01-02 04:38:00,49215.17,49247.15,49205.03,49232.1,8.52494,419700.68
2024-01-02 04:39:00,49245.21,49255.83,49208.61,49210.33,14.804738,728546.01
2024-01-02 04:40:00,49231.71,49241.69,49214.93,49235.98,7.153283,352198.92
2024-01-02 04:41:00,49202.94,49223.39,49201.15,49223.0,29.634867,1458717.16
2024-01-02 04:42:00,49252.76,49263.47,49246.47,49259.94,15.85613,781072.1
2024-01-02 04:43:00,49264.7,49295.41,49262.66,49290.71,12.279299,605255.38
2024-01-02 04:44:00,49272.62,49289.82,49233.29,49243.94,15.436862,760171.9
2024-01-02 04:45:00,49284.33,49314.72,49281.11,49298.24,5.25852,259235.79
2024-01-02 04:46:00,49282.03,49290.58,49271.31,49271.44,11.9016,586408.98
2024-01-02 04:47:00,49338.97,49350.29,49310.67,49311.84,8.345585,411536.17
2024-01-02 04:48:00,49320.21,49345.0,49316.09,49330.21,9.923077,489507.46
2024-01-02 04:49:00,49432.76,49453.95,49419.51,49422.12,1.312526,64867.81
2024-01-02 04:50:00,49390.34,49414.77,49378.54,49410.94,39.333897,1943525.0
2024-01-02 04:51:00,49442.39,49468.14,49392.25,49393.48,33.583296,1658795.82
2024-01-02 04:52:00,49411.24,49412.72,49389.83,49392.51,26.095046,1288899.75
2024-01-02 04:53:00,49373.5,49384.6,49358.13,49377.35,25.699109,1268953.89
2024-01-02 04:54:00,49401.89,49429.05,49384.63,49417.35,12.605278,622919.39
2024-01-02 04:55:00,49334.25,49351.91,49313.67,49336.53,36.095921,1780847.49
2024-01-02 04:56:00,49277.05,49311.35,49267.79,49283.85,4.119144,203007.28
2024-01-02 04:57:00,49269.52,49277.01,49218.19,49230.46,52.387439,2579057.52
2024-01-02 04:58:00,49253.46,49285.76,49233.27,49277.97,8.84383,435805.99
2024-01-02 04:59:00,49366.2,49391.13,49354.81,49363.5,12.576512,620820.67
2024-01-02 05:00:00,49357.91,49370.2,49344.47,49358.28,17.899483,883487.71
2024-01-02 05:01:00,49347.49,49357.44,49333.25,49349.84,14.417333,711493.05
2024-01-02 05:02:00,49351.17,49377.7,49347.62,49353.34,22.587117,1114749.68
2024-01-02 05:03:00,49409.11,49416.1,49406.32,49411.44,14.281931,705690.69
2024-01-02 05:04:00,49382.53,49397.34,49356.51,49365.07,27.076438,1336630.18
2024-01-02 05:05:00,49389.17,49399.4,49362.16,49376.99,10.682748,527481.91
2024-01-02 05:06:00,49434.12,49441.7,49408.39,49425.75,17.705818,875123.27
2024-01-02 05:07:00,49390.12,49467.58,49359.68,49450.8,0.60641,29987.48
2024-01-02 05:08:00,49466.28,49485.63,49440.42,49460.28,26.829719,1327005.41
2024-01-02 05:09:00,49477.22,49530.25,49468.97,49510.33,3.161424,156523.17
2024-01-02 05:10:00,49388.1,49391.03,49365.84,49375.17,5.967627,294652.61
2024-01-02 05:11:00,49438.55,49444.45,49396.1,49409.06,20.275687,1001802.7
2024-01-02 05:12:00,49357.84,49403.59,49342.12,49376.36,1.545125,76292.66
2024-01-02 05:13:00,49279.59,49295.27,49277.87,49284.83,4.051252,199665.28
2024-01-02 05:14:00,49298.4,49335.19,49294.82,49310.39,8.272537,407922.01
2024-01-02 05:15:00,49403.78,49413.34,49375.53,49379.07,19.527588,964254.18
2024-01-02 05:16:00,49374.1,49375.85,49359.6,49372.2,4.350574,214797.4
2024-01-02 05:17:00,49454.41,49460.92,49412.4,49419.84,13.696144,676861.29
2024-01-02 05:18:00,49508.73,49534.6,49498.56,49500.46,19.440103,962293.99
2024-01-02 05:19:00,49571.05,49574.05,49555.3,49566.2,14.596179,723477.17
2024-01-02 05:20:00,49649.57,49652.5,49644.13,49648.2,47.720826,2369253.16
2024-01-02 05:21:00,49701.67,49704.36,49676.1,49685.31,4.828552,239908.1
2024-01-02 05:22:00,49654.33,49710.45,49639.33,49689.08,20.331125,1010234.88
2024-01-02 05:23:00,49610.69,49632.39,49585.54,49608.98,12.719685,631010.63
2024-01-02 05:24:00,49595.28,49608.8,49590.81,49596.68,12.202852,605220.93
2024-01-02 05:25:00,49569.02,49584.22,49540.71,49554.52,12.934639,640969.77
2024-01-02 05:26:00,49659.31,49668.09,49656.12,49663.06,43.181986,2144549.69
2024-01-02 05:27:00,49633.49,49662.21,49619.45,49654.27,5.34762,265532.15
2024-01-02 05:28:00,49660.58,49668.78,49654.04,49660.43,35.989391,1787248.58
2024-01-02 05:29:00,49666.35,49690.07,49665.06,49688.0,15.809165,785525.85
2024-01-02 05:30:00,49651.68,49715.71,49624.87,49690.18,47.04214,2337532.56
2024-01-02 05:31:00,49789.48,49791.75,49765.55,49774.94,25.601986,1274337.2
2024-01-02 05:32:00,49755.38,49767.18,49742.51,49743.8,19.643384,977136.61
2024-01-02 05:33:00,49762.88,49763.25,49738.53,49753.53,43.457896,2162183.89
2024-01-02 05:34:00,49742.47,49768.79,49707.29,49716.41,8.838611,439423.99
2024-01-02 05:35:00,49637.11,49657.95,49635.31,49650.41,30.419849,1510357.96
2024-01-02 05:36:00,49591.2,49637.54,49585.86,49619.82,38.912338,1930823.2
2024-01-02 05:37:00,49616.57,49625.48,49593.72,49617.97,24.772491,1229160.68
2024-01-02 05:38:00,49589.55,49598.43,49557.01,49596.5,4.188756,207747.64
2024-01-02 05:39:00,49545.04,49572.21,49539.95,49561.88,20.902577,1035971.05
2024-01-02 05:40:00,49489.97,49506.67,49474.33,49491.57,60.327517,2985703.32
2024-01-02 05:41:00,49475.18,49503.1,49464.58,49487.41,11.507574,569480.04
2024-01-02 05:42:00,49375.45,49426.44,49366.64,49412.18,29.220729,1443859.76
2024-01-02 05:43:00,49441.35,49455.03,49435.56,49450.18,1.412954,69870.84
2024-01-02 05:44:00,49431.57,49464.57,49421.3,49454.3,31.408556,1553288.15
2024-01-02 05:45:00,49386.06,49404.96,49365.3,49381.42,28.121119,1388660.86
2024-01-02 05:46:00,49352.84,49375.07,49329.59,49365.96,2.210273,109112.27
2024-01-02 05:47:00,49350.59,49359.48,49314.29,49328.35,25.546122,1260148.17
2024-01-02 05:48:00,49376.39,49390.52,49334.39,49344.31,26.495678,1307411.01
2024-01-02 05:49:00,49424.92,49432.85,49406.93,49411.34,24.798854,1225344.51
2024-01-02 05:50:00,49286.56,49331.13,49274.11,49317.58,9.177081,452591.4
2024-01-02 05:51:00,49353.43,49373.51,49279.57,49323.33,34.581845,1705691.69
2024-01-02 05:52:00,49346.84,49351.42,49308.71,49315.32,8.698506,428969.62
2024-01-02 05:53:00,49349.26,49367.08,49346.49,49348.89,10.194961,503109.99
2024-01-02 05:54:00,49386.01,49403.72,49331.25,49359.55,12.22805,603571.03
2024-01-02 05:55:00,49310.92,49349.52,49304.82,49321.95,33.427459,1648707.44
2024-01-02 05:56:00,49268.67,49312.88,49259.81,49306.0,9.329505,460000.52
2024-01-02 05:57:00,49250.99,49271.96,49223.18,49266.2,14.821903,730218.77
2024-01-02 05:58:00,49354.58,49366.4,49302.19,49320.0,0.153339,7562.68
2024-01-02 05:59:00,49291.24,49321.32,49260.27,49321.06,12.189053,601177.05
2024-01-02 06:00:00,49416.11,49423.48,49413.32,49416.12,17.845867,881873.53
2024-01-02 06:01:00,49413.77,49415.51,49398.45,49413.09,15.568527,769288.99
2024-01-02 06:02:00,49367.41,49393.25,49350.51,49377.67,35.281209,1742103.83
2024-01-02 06:03:00,49293.11,49317.36,49287.2,49301.98,18.556627,914878.48
2024-01-02 06:04:00,49213.27,49225.06,49196.57,49211.83,7.17192,352943.29
2024-01-02 06:05:00,49121.38,49149.72,49089.68,49132.62,3.176416,156065.63
2024-01-02 06:06:00,49117.53,49158.24,49114.08,49145.97,39.883929,1960134.58
2024-01-02 06:07:00,49175.71,49184.32,49125.2,49171.41,18.317019,900673.65
2024-01-02 06:08:00,49113.82,49139.67,49066.16,49092.35,9.297595,456440.79
2024-01-02 06:09:00,49154.49,49167.32,49128.91,49137.1,5.670102,278612.38
2024-01-02 06:10:00,49096.76,49124.07,49086.77,49112.95,22.49584,1104837.05
2024-01-02 06:11:00,49095.27,49125.9,49094.64,49120.29,24.895909,1222894.26
2024-01-02 06:12:00,49195.22,49203.71,49194.91,49200.9,17.257309,849075.14
2024-01-02 06:13:00,49277.1,49285.9,49243.74,49245.74,4.170735,205390.96
2024-01-02 06:14:00,49245.23,49251.91,49229.7,49232.32,26.19367,1289575.07
2024-01-02 06:15:00,49201.84,49202.58,49182.76,49187.76,3.762181,185053.25
2024-01-02 06:16:00,49097.96,49104.33,49065.78,49080.17,7.093828,348166.25
2024-01-02 06:17:00,49052.62,49058.81,49033.34,49044.21,41.732291,2046727.18
2024-01-02 06:18:00,49036.06,49037.84,49033.1,49033.65,19.775923,969685.72
2024-01-02 06:19:00,48997.54,49024.62,48983.97,48984.29,5.695818,279005.63
2024-01-02 06:20:00,48966.81,48986.53,48950.58,48977.73,12.685105,621287.63
2024-01-02 06:21:00,48953.28,48995.42,48937.06,48981.57,10.545889,516554.22
2024-01-02 06:22:00,48984.79,48991.95,48959.46,48970.33,3.00165,146991.8
2024-01-02 06:23:00,48962.58,48963.31,48924.93,48937.83,14.670998,717966.78
2024-01-02 06:24:00,48923.9,48965.75,48920.77,48946.26,8.570553,419496.55
2024-01-02 06:25:00,48984.8,49005.96,48938.22,48968.36,27.472803,1345298.07
2024-01-02 06:26:00,48947.45,48953.4,48911.43,48913.84,9.876777,483111.06
2024-01-02 06:27:00,48984.34,48998.39,48978.41,48984.39,22.189086,1086918.78
2024-01-02 06:28:00,48963.1,48995.38,48953.96,48979.46,5.436956,266299.14
2024-01-02 06:29:00,48982.86,48986.65,48975.7,48980.4,2.31733,113503.73
2024-01-02 06:30:00,49004.8,49050.37,48982.13,49015.81,49.808126,2441385.64
2024-01-02 06:31:00,49015.14,49035.56,49013.44,49027.47,6.883716,337491.17
2024-01-02 06:32:00,49083.79,49107.7,49074.06,49075.13,30.735557,1508351.37
2024-01-02 06:33:00,49057.41,49100.37,49057.29,49089.48,7.8437,385043.2
2024-01-02 06:34:00,49029.98,49068.22,48991.8,49058.86,24.162881,1185403.44
2024-01-02 06:35:00,49077.32,49089.65,49076.34,49076.94,10.1699,499107.56
2024-01-02 06:36:00,49019.3,49025.57,49006.85,49019.75,0.872584,42773.86
2024-01-02 06:37:00,49032.05,49037.59,49015.35,49025.18,4.63203,227086.08
2024-01-02 06:38:00,49061.02,49071.25,49011.81,49023.52,15.655895,767507.04
2024-01-02 06:39:00,49015.2,49031.58,48991.68,49013.11,28.515309,1397623.99
2024-01-02 06:40:00,49018.65,49026.51,48999.93,49006.68,24.614974,1206298.27
2024-01-02 06:41:00,48893.08,48941.9,48882.22,48912.59,4.434166,216886.56
2024-01-02 06:42:00,48900.51,48916.37,48857.27,48885.16,30.485308,1490279.04
2024-01-02 06:43:00,48879.27,48892.17,48864.57,48889.8,19.441679,950499.76
2024-01-02 06:44:00,48899.22,48901.43,48897.38,48897.79,8.095542,395854.1
2024-01-02 06:45:00,48844.23,48859.33,48823.3,48846.41,12.877647,629026.81
2024-01-02 06:46:00,48930.35,48931.0,48895.99,48909.69,20.824938,1018541.33
2024-01-02 06:47:00,48840.18,48867.14,48835.78,48866.38,11.83998,578576.99
2024-01-02 06:48:00,48869.19,48918.42,48854.61,48914.86,7.373658,360681.44
2024-01-02 06:49:00,48931.95,48940.04,48926.6,48936.22,38.194344,1869086.67
2024-01-02 06:50:00,48913.28,48914.58,48881.91,48903.9,42.359174,2071529.01
2024-01-02 06:51:00,48995.72,49012.6,48992.35,48992.67,3.48611,170793.86
2024-01-02 06:52:00,48957.63,48958.89,48910.4,48932.99,4.814558,235590.73
2024-01-02 06:53:00,48987.69,48988.15,48967.08,48978.95,20.693539,1013547.76
2024-01-02 06:54:00,49017.7,49029.48,49005.61,49028.98,8.986648,440606.15
2024-01-02 06:55:00,48948.94,49014.91,48935.74,48995.44,17.2796,846621.67
2024-01-02 06:56:00,49060.32,49081.69,49058.14,49065.07,12.887652,632333.5
2024-01-02 06:57:00,49073.12,49099.76,49050.52,49052.57,7.156369,351038.25
2024-01-02 06:58:00,49059.16,49084.65,49046.08,49067.0,28.186344,1383019.33
2024-01-02 06:59:00,49080.58,49090.4,49061.34,49080.02,5.247057,257525.62
2024-01-02 07:00:00,49081.73,49092.9,49064.31,49073.3,38.901358,1909018.03
2024-01-02 07:01:00,49093.54,49129.3,49073.78,49113.84,20.11973,988157.24
2024-01-02 07:02:00,49165.98,49187.03,49141.86,49153.52,2.985034,146724.93
2024-01-02 07:03:00,49098.83,49115.22,49050.15,49066.09,32.478628,1593599.26
2024-01-02 07:04:00,49127.85,49135.47,49117.81,49131.31,10.158936,499121.77
2024-01-02 07:05:00,49025.6,49083.35,49007.31,49048.18,19.323492,947782.14
2024-01-02 07:06:00,49098.48,49118.5,49074.87,49099.81,17.669515,867569.8
2024-01-02 07:07:00,49111.66,49159.87,49095.16,49156.14,2.037361,100148.83
2024-01-02 07:08:00,49108.33,49144.62,49080.02,49101.6,32.883395,1614627.19
2024-01-02 07:09:00,49090.1,49091.33,49075.87,49081.05,14.831178,727929.84
2024-01-02 07:10:00,49059.28,49064.72,49022.84,49025.77,35.129511,1722251.29
2024-01-02 07:11:00,49011.14,49020.76,49006.46,49015.02,27.579582,1351813.85
2024-01-02 07:12:00,49007.79,49020.55,48990.57,48999.62,8.173211,400484.25
2024-01-02 07:13:00,49021.38,49040.99,48982.01,49038.6,13.245864,649558.71
2024-01-02 07:14:00,49096.99,49118.25,49088.19,49104.12,10.552375,518165.11
2024-01-02 07:15:00,49143.4,49201.99,49123.64,49173.9,35.812658,1761048.23
2024-01-02 07:16:00,49141.9,49168.55,49130.78,49145.8,4.38299,215405.55
2024-01-02 07:17:00,49129.23,49145.2,49105.28,49135.34,18.745515,921067.17
2024-01-02 07:18:00,49057.15,49058.49,49020.98,49051.16,16.558027,812190.47
2024-01-02 07:19:00,48998.4,49020.77,48992.61,49010.87,6.435866,315427.38
2024-01-02 07:20:00,49060.78,49061.09,49054.81,49059.11,34.968745,1715535.61
2024-01-02 07:21:00,49133.22,49164.48,49118.88,49139.89,8.938662,439244.88
2024-01-02 07:22:00,49071.54,49091.2,49055.41,49078.17,24.987148,1226323.62
2024-01-02 07:23:00,49050.16,49053.21,49044.08,49048.55,11.615323,569714.78
2024-01-02 07:24:00,49048.04,49061.9,49025.36,49047.23,8.038221,394252.46
2024-01-02 07:25:00,49076.46,49084.65,49053.02,49061.24,9.820495,481805.62
2024-01-02 07:26:00,49018.35,49026.7,48985.23,49020.76,29.432802,1442818.28
2024-01-02 07:27:00,49034.96,49056.67,49025.81,49041.96,4.036287,197947.44
2024-01-02 07:28:00,49014.65,49026.02,49011.21,49018.27,22.371506,1096612.49
2024-01-02 07:29:00,49003.25,49030.43,48999.77,49017.55,32.882706,1611829.56
2024-01-02 07:30:00,49037.66,49047.28,49036.14,49044.86,5.422972,265968.89
2024-01-02 07:31:00,49085.81,49089.62,49014.52,49045.18,20.503312,1005588.67
2024-01-02 07:32:00,49005.11,49031.59,48995.82,49023.36,2.88969,141662.33
2024-01-02 07:33:00,49012.31,49027.89,49009.31,49017.88,35.46177,1738260.87
2024-01-02 07:34:00,49005.71,49037.54,49004.27,49013.46,6.253142,306488.16
2024-01-02 07:35:00,48990.02,49008.64,48980.48,48994.96,30.298995,1484498.15
2024-01-02 07:36:00,48975.4,48996.14,48964.05,48982.02,4.749989,232664.09
2024-01-02 07:37:00,49067.54,49075.15,49058.35,49061.96,45.124242,2213883.57
2024-01-02 07:38:00,49055.8,49113.44,49041.36,49090.0,54.908441,2695455.49
2024-01-02 07:39:00,49095.97,49098.33,49052.0,49075.23,30.62925,1503137.44
2024-01-02 07:40:00,49122.73,49126.35,49089.74,49110.08,22.932056,1126195.02
2024-01-02 07:41:00,49068.53,49097.48,49059.6,49093.38,38.064572,1868718.67
2024-01-02 07:42:00,49106.66,49175.85,49093.91,49152.04,11.223545,551660.13
2024-01-02 07:43:00,49150.98,49179.16,49139.78,49170.52,28.133,1383314.34
2024-01-02 07:44:00,49160.3,49168.5,49140.55,49165.16,20.0202,984296.3
2024-01-02 07:45:00,49239.15,49240.74,49184.94,49187.54,4.471859,219959.75
2024-01-02 07:46:00,49119.87,49136.91,49105.55,49109.0,19.719714,968415.43
2024-01-02 07:47:00,49016.51,49072.82,49010.08,49052.66,28.595819,1402701.05
2024-01-02 07:48:00,48979.17,49000.08,48952.11,48992.97,47.171969,2311094.65
2024-01-02 07:49:00,48999.05,49018.61,48972.44,49000.11,3.401117,166655.12
2024-01-02 07:50:00,49091.81,49094.48,49075.58,49086.74,26.504253,1301007.33
2024-01-02 07:51:00,49172.01,49200.89,49166.36,49198.3,62.058681,3053181.81
2024-01-02 07:52:00,49227.51,49247.89,49221.94,49230.21,6.205592,305502.57
2024-01-02 07:53:00,49240.9,49262.56,49236.0,49255.25,6.610287,325591.3
2024-01-02 07:54:00,49143.12,49176.23,49132.01,49165.2,21.194641,1042038.65
2024-01-02 07:55:00,49143.25,49158.21,49129.31,49138.06,4.31297,211930.99
2024-01-02 07:56:00,49114.15,49117.28,49066.29,49098.67,36.78466,1806077.96
2024-01-02 07:57:00,49084.45,49089.41,49065.72,49067.63,1.919851,94202.56
2024-01-02 07:58:00,49070.71,49084.11,49058.82,49059.22,9.379019,460127.4
2024-01-02 07:59:00,49025.67,49036.95,49022.95,49035.62,18.848888,924266.9
2024-01-02 08:00:00,48950.94,48956.78,48928.36,48936.65,5.28833,258793.16
2024-01-02 08:01:00,48980.23,48990.16,48973.57,48974.05,10.151593,497164.62
2024-01-02 08:02:00,48923.09,48934.83,48920.21,48920.41,16.92128,827795.98
2024-01-02 08:03:00,48920.14,48938.15,48919.87,48932.37,23.284644,1139372.9
2024-01-02 08:04:00,49026.14,49056.32,49024.12,49036.08,29.597752,1451357.68
2024-01-02 08:05:00,48991.59,49005.93,48980.98,48990.11,7.423461,363676.15
2024-01-02 08:06:00,48912.39,48919.14,48857.32,48863.59,45.682574,2232214.78
2024-01-02 08:07:00,48855.32,48867.76,48845.02,48849.29,37.415148,1827703.57
2024-01-02 08:08:00,48892.12,48919.66,48882.91,48904.34,20.712909,1012951.21
2024-01-02 08:09:00,48985.61,49017.44,48983.95,49002.26,20.759797,1017276.95
2024-01-02 08:10:00,48930.95,48946.1,48925.15,48940.78,2.557777,125179.62
2024-01-02 08:11:00,49009.16,49042.31,48942.14,48965.62,7.925786,388091.0
2024-01-02 08:12:00,48934.37,48958.95,48932.83,48942.35,5.422529,265391.3
2024-01-02 08:13:00,48955.19,48965.8,48927.71,48937.05,41.535711,2032635.33
2024-01-02 08:14:00,49061.75,49079.03,49051.25,49069.27,6.947124,340890.32
2024-01-02 08:15:00,48999.35,49014.11,48963.74,48994.12,3.157276,154687.99
2024-01-02 08:16:00,49022.64,49037.58,48998.3,49006.81,4.95819,242985.06
2024-01-02 08:17:00,49018.76,49033.11,48986.69,49030.19,0.636755,31220.23
2024-01-02 08:18:00,49071.66,49090.23,49068.11,49084.48,20.65239,1013711.9
2024-01-02 08:19:00,49122.56,49128.56,49067.35,49089.38,22.541808,1106563.43
2024-01-02 08:20:00,49124.48,49131.45,49091.21,49104.79,11.963572,587468.65
2024-01-02 08:21:00,49101.02,49119.49,49053.61,49085.2,18.470937,906649.68
2024-01-02 08:22:00,49114.41,49120.73,49076.16,49098.66,24.707293,1213094.98
2024-01-02 08:23:00,49090.69,49091.51,49074.37,49081.5,18.350539,900671.95
2024-01-02 08:24:00,49152.93,49165.24,49112.34,49112.58,9.045853,444265.17
2024-01-02 08:25:00,49094.98,49121.78,49082.27,49094.1,38.819653,1905815.84
2024-01-02 08:26:00,49124.5,49136.18,49105.11,49112.95,34.054562,1672520.13
2024-01-02 08:27:00,49082.47,49111.88,49071.21,49111.49,2.169396,106542.25
2024-01-02 08:28:00,49151.29,49168.51,49137.79,49167.79,38.185769,1877509.94
2024-01-02 08:29:00,49141.21,49180.02,49115.01,49165.22,3.607466,177361.87
2024-01-02 08:30:00,49102.05,49104.83,49055.36,49076.57,3.435863,168620.35
2024-01-02 08:31:00,49088.62,49156.12,49071.05,49139.67,11.88031,583794.48
2024-01-02 08:32:00,49086.33,49094.39,49074.61,49094.38,26.789298,1315204.0
2024-01-02 08:33:00,49001.82,49062.13,48991.73,49061.69,2.179964,106952.72
2024-01-02 08:34:00,49015.28,49035.02,48996.34,49031.91,2.039014,99976.75
2024-01-02 08:35:00,49090.81,49119.18,49084.74,49100.63,14.963352,734710.04
2024-01-02 08:36:00,49021.54,49030.92,48988.61,48993.85,17.02053,833901.26
2024-01-02 08:37:00,49158.67,49177.5,49136.67,49150.73,28.666784,1408993.49
2024-01-02 08:38:00,49186.87,49217.63,49171.08,49203.54,29.892495,1470816.52
2024-01-02 08:39:00,49236.02,49251.76,49209.92,49214.7,17.33161,852969.97
2024-01-02 08:40:00,49212.31,49214.94,49199.84,49211.95,2.34207,115257.85
2024-01-02 08:41:00,49226.98,49232.27,49217.14,49226.23,34.909358,1718456.2
2024-01-02 08:42:00,49228.24,49252.31,49195.44,49252.29,14.643383,721220.15
2024-01-02 08:43:00,49264.75,49298.13,49235.68,49284.55,10.682095,526462.24
2024-01-02 08:44:00,49295.83,49327.41,49281.7,49312.33,10.210664,503511.62
2024-01-02 08:45:00,49317.74,49330.25,49309.39,49316.81,20.829171,1027228.24
2024-01-02 08:46:00,49308.5,49311.11,49293.46,49306.94,15.718319,775022.22
2024-01-02 08:47:00,49330.26,49337.44,49299.21,49299.38,1.507718,74329.58
2024-01-02 08:48:00,49297.33,49306.02,49289.38,49289.63,27.62119,1361438.32
2024-01-02 08:49:00,49292.17,49350.97,49273.03,49346.32,14.057701,693695.83
2024-01-02 08:50:00,49381.25,49402.26,49337.74,49376.0,36.442488,1799384.28
2024-01-02 08:51:00,49199.98,49243.37,49192.09,49228.98,7.919084,389848.44
2024-01-02 08:52:00,49242.46,49274.68,49219.0,49261.77,20.957799,1032418.36
2024-01-02 08:53:00,49255.27,49276.04,49252.7,49271.51,6.704741,330352.72
2024-01-02 08:54:00,49257.31,49295.09,49254.64,49270.58,0.472444,23277.59
2024-01-02 08:55:00,49223.65,49255.64,49209.05,49251.15,37.151418,1829750.09
2024-01-02 08:56:00,49311.43,49316.85,49299.34,49307.36,24.858122,1225688.27
2024-01-02 08:57:00,49326.52,49360.85,49300.07,49354.73,8.820973,435356.78
2024-01-02 08:58:00,49323.22,49328.01,49304.46,49316.09,44.903428,2214461.39
2024-01-02 08:59:00,49381.18,49391.08,49329.66,49336.44,29.594984,1460111.17
2024-01-02 09:00:00,49261.27,49291.92,49226.89,49287.86,6.109545,301126.4
2024-01-02 09:01:00,49213.19,49219.31,49195.23,49218.88,35.206966,1732847.32
2024-01-02 09:02:00,49137.07,49195.19,49124.88,49187.54,12.13721,596999.51
2024-01-02 09:03:00,49224.64,49249.43,49222.98,49230.66,37.669961,1854517.08
2024-01-02 09:04:00,49291.17,49319.62,49255.35,49278.32,22.213013,1094619.91
2024-01-02 09:05:00,49318.38,49335.88,49277.12,49303.97,41.479274,2045092.96
2024-01-02 09:06:00,49341.77,49350.15,49337.48,49340.23,1.966257,97015.56
2024-01-02 09:07:00,49383.82,49395.25,49354.19,49366.04,7.655517,377922.51
2024-01-02 09:08:00,49384.88,49412.73,49327.24,49333.96,8.141168,401636.06
2024-01-02 09:09:00,49389.8,49401.21,49353.37,49355.56,14.824425,731667.73
2024-01-02 09:10:00,49385.13,49404.36,49380.56,49395.58,25.348856,1252121.37
2024-01-02 09:11:00,49404.27,49439.18,49386.14,49433.29,42.647393,2108201.05
2024-01-02 09:12:00,49484.61,49502.13,49463.07,49492.74,46.853884,2318927.02
2024-01-02 09:13:00,49509.21,49543.07,49476.41,49528.15,43.331415,2146124.97
2024-01-02 09:14:00,49554.75,49559.03,49525.43,49545.73,23.381622,1158459.44
2024-01-02 09:15:00,49575.61,49615.74,49550.14,49599.23,3.15555,156512.87
2024-01-02 09:16:00,49596.45,49625.26,49583.78,49597.91,14.517969,720060.86
2024-01-02 09:17:00,49570.57,49589.33,49541.96,49553.81,23.104655,1144923.77
2024-01-02 09:18:00,49543.65,49548.31,49536.66,49545.66,12.701361,629297.33
2024-01-02 09:19:00,49489.49,49513.72,49479.51,49508.41,8.275886,409726.02
2024-01-02 09:20:00,49498.15,49518.52,49463.68,49474.66,0.752567,37232.99
2024-01-02 09:21:00,49429.85,49469.33,49405.68,49467.43,27.36084,1353470.43
2024-01-02 09:22:00,49421.25,49445.12,49411.11,49427.81,5.069988,250598.37
2024-01-02 09:23:00,49411.58,49413.44,49391.06,49412.41,10.483464,518013.21
2024-01-02 09:24:00,49318.05,49332.13,49314.89,49317.73,8.431572,415826.01
2024-01-02 09:25:00,49332.0,49340.89,49308.54,49328.39,7.843987,386931.29
2024-01-02 09:26:00,49340.66,49352.81,49298.74,49328.45,6.574585,324314.14
2024-01-02 09:27:00,49286.89,49300.33,49283.33,49287.6,0.843655,41581.72
2024-01-02 09:28:00,49313.2,49326.1,49280.07,49320.56,3.836144,189200.78
2024-01-02 09:29:00,49359.29,49385.23,49355.41,49367.44,11.16618,551245.72
2024-01-02 09:30:00,49274.83,49299.08,49255.97,49287.06,7.987935,393701.88
2024-01-02 09:31:00,49264.68,49288.15,49236.32,49248.93,22.363402,1101373.56
2024-01-02 09:32:00,49197.54,49224.34,49163.33,49210.47,32.411602,1594990.16
2024-01-02 09:33:00,49180.41,49194.43,49138.72,49163.47,17.882954,879188.15
2024-01-02 09:34:00,49205.33,49212.5,49183.0,49204.95,42.128076,2072909.81
2024-01-02 09:35:00,49184.83,49195.3,49179.37,49195.26,15.85891,780183.15
2024-01-02 09:36:00,49194.4,49198.82,49155.16,49182.03,12.540574,616770.93
2024-01-02 09:37:00,49067.29,49113.35,49054.75,49081.84,1.926043,94533.75
2024-01-02 09:38:00,49126.37,49148.31,49087.33,49113.61,27.547715,1352967.73
2024-01-02 09:39:00,49055.9,49057.2,49047.18,49051.65,22.435168,1100481.93
2024-01-02 09:40:00,49042.72,49065.51,49031.86,49054.64,44.4285,2179424.23
2024-01-02 09:41:00,49079.08,49094.03,49068.0,49068.51,3.986019,195588.01
2024-01-02 09:42:00,49147.48,49171.57,49128.14,49136.54,20.737848,1018986.18
2024-01-02 09:43:00,49094.25,49102.73,49069.72,49071.1,7.776178,381585.63
2024-01-02 09:44:00,48939.45,48960.09,48908.97,48920.13,10.356195,506626.36
2024-01-02 09:45:00,48939.15,48944.43,48924.35,48929.32,17.360543,849439.56
2024-01-02 09:46:00,48996.79,49035.31,48993.49,49019.35,31.680413,1552953.12
2024-01-02 09:47:00,49130.27,49158.8,49077.75,49081.29,36.370843,1785128.01
2024-01-02 09:48:00,49063.7,49111.87,49058.81,49091.78,8.0258,394000.79
2024-01-02 09:49:00,49086.18,49088.01,49056.16,49067.19,0.085609,4200.62
2024-01-02 09:50:00,49116.18,49142.08,49099.67,49107.55,19.360129,950728.54
2024-01-02 09:51:00,49035.39,49082.87,49024.9,49058.87,4.422376,216956.78
2024-01-02 09:52:00,49080.21,49088.71,49068.47,49082.69,14.164239,695218.99
2024-01-02 09:53:00,49106.39,49110.02,49089.32,49107.96,6.692017,328631.36
2024-01-02 09:54:00,49187.09,49209.2,49157.06,49160.98,24.220202,1190688.76
2024-01-02 09:55:00,49284.69,49301.17,49273.4,49298.96,5.721074,282042.99
2024-01-02 09:56:00,49313.34,49321.87,49301.34,49318.58,10.600405,522796.91
2024-01-02 09:57:00,49246.41,49295.11,49239.34,49293.13,17.246837,850150.61
2024-01-02 09:58:00,49326.55,49335.0,49258.84,49291.85,4.58771,226136.7
2024-01-02 09:59:00,49181.99,49210.79,49178.72,49203.4,26.419945,1299951.08
2024-01-02 10:00:00,49175.2,49178.42,49150.93,49168.66,13.953126,686056.54
2024-01-02 10:01:00,49146.17,49160.35,49130.95,49148.2,0.748875,36805.87
2024-01-02 10:02:00,49120.03,49126.15,49119.86,49121.99,16.915133,830905.05
2024-01-02 10:03:00,49145.81,49147.52,49120.37,49129.61,7.101053,348871.99
2024-01-02 10:04:00,49121.92,49142.92,49072.99,49088.49,14.127671,693506.06
2024-01-02 10:05:00,49149.57,49172.04,49144.24,49144.54,33.602486,1651378.8
2024-01-02 10:06:00,49157.65,49167.58,49128.78,49144.55,26.86296,1320168.14
2024-01-02 10:07:00,49150.67,49165.47,49139.18,49144.09,9.868408,484973.92
2024-01-02 10:08:00,49148.04,49150.68,49114.92,49127.69,18.755342,921406.67
2024-01-02 10:09:00,49126.19,49154.85,49099.15,49135.45,26.208293,1287756.36
2024-01-02 10:10:00,49198.22,49217.0,49159.13,49176.71,9.796206,481745.16
2024-01-02 10:11:00,49155.56,49159.38,49131.01,49133.35,14.170126,696225.76
2024-01-02 10:12:00,49122.1,49142.13,49089.82,49100.45,15.989386,785085.99
2024-01-02 10:13:00,49072.06,49088.0,49058.0,49085.26,30.044434,1474738.81
2024-01-02 10:14:00,49014.6,49028.53,49003.47,49017.97,21.863628,1071710.54
2024-01-02 10:15:00,48981.79,49008.23,48973.92,48977.0,11.186077,547860.51
2024-01-02 10:16:00,48925.77,48960.69,48919.69,48953.19,21.305821,1042987.93
2024-01-02 10:17:00,49028.81,49047.9,48963.08,48996.91,5.535101,271202.87
2024-01-02 10:18:00,49009.79,49015.66,49002.25,49010.04,30.883504,1513601.75
2024-01-02 10:19:00,49025.4,49032.47,49008.91,49019.72,36.943612,1810965.44
2024-01-02 10:20:00,49050.72,49071.33,49022.54,49062.26,15.923651,781250.36
2024-01-02 10:21:00,49028.86,49068.35,49000.59,49055.39,32.318688,1585406.02
2024-01-02 10:22:00,49062.84,49087.77,49053.82,49074.92,54.745688,2686640.14
2024-01-02 10:23:00,49074.14,49087.42,49066.35,49069.76,20.511767,1006507.41
2024-01-02 10:24:00,49096.49,49116.14,49064.28,49083.03,29.675146,1456545.93
2024-01-02 10:25:00,49057.12,49072.33,49050.17,49053.89,2.941931,144313.13
2024-01-02 10:26:00,48938.88,48944.04,48919.97,48931.95,0.074137,3627.66
2024-01-02 10:27:00,48918.49,48957.11,48915.87,48925.23,5.809808,284246.19
2024-01-02 10:28:00,49006.29,49015.03,48986.19,48996.37,1.951014,95592.59
2024-01-02 10:29:00,49072.34,49074.22,49035.18,49042.68,16.236478,796280.41
2024-01-02 10:30:00,49105.05,49119.72,49072.08,49090.95,6.546772,321387.28
2024-01-02 10:31:00,49168.95,49177.29,49138.21,49152.76,26.727661,1313738.23
2024-01-02 10:32:00,49163.07,49184.59,49143.77,49157.19,15.970476,785063.7
2024-01-02 10:33:00,49136.99,49184.12,49132.01,49167.06,13.582638,667818.31
2024-01-02 10:34:00,49115.28,49143.2,49107.73,49136.17,12.969012,637247.62
2024-01-02 10:35:00,49129.47,49132.74,49104.95,49120.37,3.973685,195188.86
2024-01-02 10:36:00,49150.94,49156.52,49144.86,49151.16,19.930509,979607.59
2024-01-02 10:37:00,49220.15,49229.82,49186.09,49211.35,18.053185,888421.65
2024-01-02 10:38:00,49237.91,49262.39,49202.48,49204.38,2.551343,125537.25
2024-01-02 10:39:00,49196.39,49200.83,49167.69,49181.87,31.217812,1535350.4
2024-01-02 10:40:00,49207.07,49210.72,49146.39,49181.9,21.212209,1043256.65
2024-01-02 10:41:00,49213.85,49223.18,49195.41,49211.96,41.469502,2040795.37
2024-01-02 10:42:00,49123.62,49153.54,49110.06,49139.76,8.671428,426111.94
2024-01-02 10:43:00,49023.8,49026.87,49013.19,49024.96,3.56471,174759.73
2024-01-02 10:44:00,48981.33,49002.01,48964.41,48997.43,5.830679,285688.27
2024-01-02 10:45:00,48967.56,49000.82,48919.46,48936.39,33.566338,1642615.48
2024-01-02 10:46:00,48926.79,48938.46,48908.87,48910.99,7.026059,343651.49
2024-01-02 10:47:00,48914.01,48931.1,48889.63,48903.6,8.247124,403314.04
2024-01-02 10:48:00,48905.65,48915.92,48871.83,48880.93,49.219462,2405893.32
2024-01-02 10:49:00,48913.16,48957.22,48906.55,48953.56,16.889572,826804.64
2024-01-02 10:50:00,48981.66,48985.9,48958.8,48969.9,17.136403,839167.83
2024-01-02 10:51:00,48958.71,48985.05,48946.52,48984.92,8.770885,429641.09
2024-01-02 10:52:00,49015.88,49029.08,48979.45,49016.03,4.987821,244483.17
2024-01-02 10:53:00,48952.85,48982.39,48951.55,48959.09,9.067253,443924.41
2024-01-02 10:54:00,49024.28,49043.75,49010.03,49011.04,3.278388,160677.22
2024-01-02 10:55:00,49011.82,49036.09,48995.29,49007.25,1.838186,90084.45
2024-01-02 10:56:00,49067.68,49077.93,49035.37,49040.78,19.91481,976637.81
2024-01-02 10:57:00,48975.15,48987.63,48954.19,48987.19,27.048822,1325045.69
2024-01-02 10:58:00,48923.68,48947.9,48909.14,48909.5,25.57619,1250918.6
2024-01-02 10:59:00,48953.64,48963.85,48930.44,48950.39,14.031299,686837.6
2024-01-02 11:00:00,48936.51,48982.28,48902.94,48969.21,20.957777,1026285.86
2024-01-02 11:01:00,48905.74,48933.13,48867.78,48924.11,22.645184,1107895.48
2024-01-02 11:02:00,48877.63,48888.47,48859.81,48880.63,19.273196,942085.91
2024-01-02 11:03:00,48959.14,48970.58,48919.15,48936.9,27.485774,1345068.55
2024-01-02 11:04:00,48886.7,48889.03,48870.76,48877.43,9.720572,475116.57
2024-01-02 11:05:00,48936.21,48983.59,48934.28,48959.56,24.941438,1221121.88
2024-01-02 11:06:00,48911.72,48921.75,48887.92,48914.53,7.034742,344101.11
2024-01-02 11:07:00,48986.81,49009.56,48937.04,48946.45,17.800474,871270.04
2024-01-02 11:08:00,48932.24,48946.23,48911.97,48930.02,3.826927,187251.61
2024-01-02 11:09:00,48953.63,48978.44,48944.46,48960.18,4.714488,230822.17
2024-01-02 11:10:00,48942.81,48960.51,48932.34,48932.97,3.596442,175984.58
2024-01-02 11:11:00,48940.1,48945.72,48902.5,48924.83,2.196054,107441.57
2024-01-02 11:12:00,48917.76,48931.01,48917.55,48926.88,43.857784,2145824.54
2024-01-02 11:13:00,48886.82,48894.79,48858.94,48876.77,23.99613,1172853.36
2024-01-02 11:14:00,48907.23,48925.41,48882.47,48913.81,6.897481,337382.09
2024-01-02 11:15:00,48902.54,48907.97,48873.95,48888.15,1.628326,79605.85
2024-01-02 11:16:00,48880.11,48902.82,48870.56,48876.72,10.479701,512213.44
2024-01-02 11:17:00,48836.64,48840.43,48820.94,48827.0,24.220278,1182603.6
2024-01-02 11:18:00,48683.7,48699.62,48682.25,48698.89,27.307238,1329832.07
2024-01-02 11:19:00,48672.91,48703.34,48658.04,48689.34,31.530472,1535197.74
2024-01-02 11:20:00,48828.88,48852.41,48796.68,48809.97,19.629086,958095.01
2024-01-02 11:21:00,48847.61,48858.3,48844.54,48849.2,24.600417,1201710.58
2024-01-02 11:22:00,48853.93,48864.31,48847.24,48848.23,23.287357,1137546.27
2024-01-02 11:23:00,48828.96,48842.4,48827.02,48835.09,32.945799,1608911.04
2024-01-02 11:24:00,48854.19,48854.21,48834.0,48836.21,31.65253,1545789.68
2024-01-02 11:25:00,48851.41,48872.98,48818.8,48863.57,22.720421,1110200.86
2024-01-02 11:26:00,48801.82,48806.82,48784.78,48804.53,6.405397,312612.38
2024-01-02 11:27:00,48875.96,48899.99,48854.28,48860.24,3.549571,173432.9
2024-01-02 11:28:00,48919.47,48922.53,48877.77,48896.01,2.022711,98902.5
2024-01-02 11:29:00,48921.45,48939.49,48900.03,48931.92,10.494627,513522.25
2024-01-02 11:30:00,48993.04,49002.55,48945.0,48953.85,15.180973,743166.99
2024-01-02 11:31:00,48961.09,48980.06,48953.21,48954.83,53.109393,2599961.11
2024-01-02 11:32:00,48967.61,49002.33,48952.26,48988.47,0.087457,4284.38
2024-01-02 11:33:00,49025.44,49044.95,49014.76,49018.06,35.935486,1761487.81
2024-01-02 11:34:00,48992.7,49009.94,48972.67,49000.36,7.706794,377635.68
2024-01-02 11:35:00,48980.36,48990.08,48966.4,48971.68,20.733262,1015342.64
2024-01-02 11:36:00,48975.91,48983.92,48950.55,48976.77,29.749915,1457054.76
2024-01-02 11:37:00,49055.71,49069.32,49042.55,49054.22,5.623718,275867.1
2024-01-02 11:38:00,48974.03,48994.57,48954.27,48992.27,35.424975,1735549.82
2024-01-02 11:39:00,48938.69,48956.69,48884.91,48918.89,39.417869,1928278.41
2024-01-02 11:40:00,48904.01,48940.58,48887.5,48927.13,4.431841,216837.24
2024-01-02 11:41:00,48907.5,48940.6,48903.03,48929.67,36.860325,1803563.62
2024-01-02 11:42:00,48945.69,48974.11,48932.33,48938.34,7.521098,368070.04
2024-01-02 11:43:00,48982.59,48999.51,48949.42,48950.54,7.835983,383575.56
2024-01-02 11:44:00,48932.33,48941.03,48931.7,48939.38,31.445489,1538922.63
2024-01-02 11:45:00,49027.89,49044.92,48996.01,49013.87,20.956146,1027141.84
2024-01-02 11:46:00,48955.29,48977.13,48917.09,48933.83,9.968823,487812.62
2024-01-02 11:47:00,48908.69,48919.21,48888.92,48892.4,34.993069,1710895.14
2024-01-02 11:48:00,48881.01,48891.0,48871.02,48887.24,36.33581,1776357.39
2024-01-02 11:49:00,48783.26,48817.46,48763.14,48805.08,1.346644,65723.07
2024-01-02 11:50:00,48752.13,48826.56,48749.26,48796.29,30.184612,1472896.93
2024-01-02 11:51:00,48874.1,48899.83,48863.32,48879.36,12.458622,608969.45
2024-01-02 11:52:00,48903.97,48910.69,48873.76,48880.4,3.347394,163621.97
2024-01-02 11:53:00,48869.46,48905.41,48860.44,48891.94,14.608191,714222.76
2024-01-02 11:54:00,48842.93,48848.13,48799.23,48828.93,17.555022,857192.96
2024-01-02 11:55:00,48779.11,48800.22,48761.33,48798.11,10.954538,534560.77
2024-01-02 11:56:00,48781.47,48811.62,48764.67,48779.35,47.245533,2304606.5
2024-01-02 11:57:00,48777.62,48796.67,48757.41,48763.47,27.549257,1343397.26
2024-01-02 11:58:00,48814.36,48830.9,48812.1,48827.55,11.084078,541208.34
2024-01-02 11:59:00,48858.84,48860.63,48854.67,48855.43,13.91815,679977.24
2024-01-02 12:00:00,48791.56,48816.85,48777.13,48799.86,24.939193,1217029.15
2024-01-02 12:01:00,48826.29,48845.0,48812.1,48812.19,36.482588,1780794.86
2024-01-02 12:02:00,48841.8,48859.12,48835.19,48837.1,4.809528,234883.38
2024-01-02 12:03:00,48895.23,48898.94,48878.83,48894.1,11.969104,585218.61
2024-01-02 12:04:00,49004.3,49019.35,48964.12,48973.13,16.560766,811032.56
2024-01-02 12:05:00,48935.62,48950.46,48911.34,48922.38,19.085159,933691.34
2024-01-02 12:06:00,48868.03,48902.31,48850.82,48881.83,11.442766,559343.37
2024-01-02 12:07:00,48817.24,48848.16,48804.88,48818.95,41.260557,2014297.24
2024-01-02 12:08:00,48805.74,48807.67,48805.0,48807.25,8.683367,423811.3
2024-01-02 12:09:00,48832.18,48848.09,48811.88,48830.57,43.94115,2145671.46
2024-01-02 12:10:00,48930.43,48948.91,48878.58,48879.94,3.961567,193641.15
2024-01-02 12:11:00,48883.56,48902.72,48874.2,48876.14,9.341962,456599.06
2024-01-02 12:12:00,48819.43,48862.25,48781.29,48860.15,14.387413,702971.13
2024-01-02 12:13:00,48856.88,48867.83,48835.79,48867.74,29.977555,1464935.24
2024-01-02 12:14:00,48787.33,48844.52,48744.05,48825.98,9.413828,459639.35
2024-01-02 12:15:00,48923.86,48935.8,48918.7,48930.46,6.653041,325536.36
2024-01-02 12:16:00,48810.33,48870.59,48794.22,48850.07,14.420691,704451.8
2024-01-02 12:17:00,48841.88,48868.15,48813.52,48859.31,20.12672,983377.66
2024-01-02 12:18:00,48930.08,48961.31,48910.24,48960.49,17.999883,881283.08
2024-01-02 12:19:00,48968.51,48974.19,48958.37,48960.83,38.079465,1864402.23
2024-01-02 12:20:00,48951.34,48970.66,48935.37,48951.33,53.811403,2634139.65
2024-01-02 12:21:00,48939.52,48944.02,48917.43,48933.46,12.67207,620088.2
2024-01-02 12:22:00,48922.35,48930.66,48914.22,48924.44,2.360393,115480.9
2024-01-02 12:23:00,48965.19,48997.84,48957.77,48993.08,24.861235,1218028.44
2024-01-02 12:24:00,48892.76,48895.26,48860.19,48882.49,7.464078,364862.67
2024-01-02 12:25:00,48997.6,49009.48,48927.84,48959.16,44.455721,2176514.65
2024-01-02 12:26:00,48896.14,48903.41,48854.83,48887.96,6.149066,300615.28
2024-01-02 12:27:00,48866.11,48902.53,48849.18,48874.63,34.68294,1695115.75
2024-01-02 12:28:00,48824.6,48868.03,48817.83,48853.16,17.894829,874219.02
2024-01-02 12:29:00,48864.43,48896.63,48863.11,48882.59,14.41009,704402.57
2024-01-02 12:30:00,48811.75,48828.35,48795.36,48802.69,28.147229,1373660.4
2024-01-02 12:31:00,48847.26,48847.9,48818.14,48825.79,27.400593,1337855.73
2024-01-02 12:32:00,48932.23,48936.76,48914.2,48927.01,14.831286,725650.47
2024-01-02 12:33:00,48874.85,48882.81,48850.7,48858.85,1.361676,66529.9
2024-01-02 12:34:00,48882.49,48890.57,48861.51,48868.34,1.641009,80193.4
2024-01-02 12:35:00,48845.37,48851.23,48813.43,48835.24,19.981361,975794.54
2024-01-02 12:36:00,48843.36,48877.78,48832.24,48856.53,30.152641,1473153.5
2024-01-02 12:37:00,48860.97,48861.01,48838.98,48857.49,5.987016,292510.56
2024-01-02 12:38:00,48808.45,48839.93,48803.76,48825.42,20.005975,976800.06
2024-01-02 12:39:00,48850.16,48864.52,48840.46,48849.81,9.238207,451284.67
2024-01-02 12:40:00,48946.64,48950.41,48910.95,48940.03,53.968055,2641198.05
2024-01-02 12:41:00,48964.06,48967.62,48929.4,48930.48,41.193295,2015607.74
2024-01-02 12:42:00,48940.27,48973.73,48934.59,48966.47,51.474892,2520543.72
2024-01-02 12:43:00,48911.44,48913.3,48897.31,48901.81,53.810585,2631434.74
2024-01-02 12:44:00,48883.61,48896.24,48842.33,48853.98,2.690417,131437.6
2024-01-02 12:45:00,48892.78,48899.14,48858.95,48877.6,7.682625,375508.32
2024-01-02 12:46:00,48968.47,48979.48,48942.33,48951.81,50.52269,2473177.13
2024-01-02 12:47:00,48981.34,48998.54,48949.9,48969.59,7.178581,351532.15
2024-01-02 12:48:00,48979.9,48986.89,48939.63,48953.94,26.664359,1305325.35
2024-01-02 12:49:00,48932.15,48962.86,48921.53,48953.9,2.413626,118156.39
2024-01-02 12:50:00,48863.66,48904.51,48845.62,48891.38,2.084662,101922.0
2024-01-02 12:51:00,48921.48,48924.5,48920.77,48921.61,26.599167,1301273.99
2024-01-02 12:52:00,48922.5,48971.89,48913.96,48965.72,29.397476,1439468.68
2024-01-02 12:53:00,48967.73,48987.56,48935.63,48943.12,25.663499,1256051.73
2024-01-02 12:54:00,48944.03,48951.92,48919.45,48919.62,20.489476,1002337.33
2024-01-02 12:55:00,48924.24,48952.69,48909.2,48932.91,0.603088,29510.87
2024-01-02 12:56:00,48903.66,48949.55,48901.25,48911.08,10.483665,512767.33
2024-01-02 12:57:00,48906.32,48913.57,48894.46,48907.77,13.617091,665981.52
2024-01-02 12:58:00,49013.8,49014.56,49005.74,49012.75,14.740553,722475.11
2024-01-02 12:59:00,49002.95,49016.74,48987.23,49000.4,23.802861,1166349.8
2024-01-02 13:00:00,48993.65,49021.83,48969.3,48982.49,6.29965,308572.51
2024-01-02 13:01:00,48946.66,48952.76,48939.9,48950.11,63.954513,3130580.4
2024-01-02 13:02:00,49006.18,49041.44,48967.27,48987.32,5.888119,288443.17
2024-01-02 13:03:00,48987.18,49006.24,48970.55,48978.26,7.386116,361759.08
2024-01-02 13:04:00,48933.65,48962.54,48910.95,48945.79,48.893785,2393144.91
2024-01-02 13:05:00,49038.56,49042.24,49011.38,49011.85,26.580943,1302781.29
2024-01-02 13:06:00,49055.67,49088.23,49044.17,49082.83,48.685125,2389603.94
2024-01-02 13:07:00,49050.97,49089.17,49022.23,49052.81,11.869202,582217.76
2024-01-02 13:08:00,48978.82,48990.26,48945.53,48959.49,0.603529,29548.48
2024-01-02 13:09:00,48995.4,49018.55,48980.97,49009.86,12.393047,607381.51
2024-01-02 13:10:00,48981.82,48992.35,48957.19,48975.63,15.382034,753344.84
2024-01-02 13:11:00,49026.03,49030.88,49005.24,49015.16,3.163529,155060.87
2024-01-02 13:12:00,48899.45,48922.01,48897.5,48916.66,15.559666,761126.82
2024-01-02 13:13:00,48959.84,48972.05,48947.36,48961.29,22.449931,1099177.49
2024-01-02 13:14:00,48897.6,48900.94,48893.09,48900.73,15.320324,749174.98
2024-01-02 13:15:00,48926.23,48945.64,48908.44,48937.27,0.204156,9990.84
2024-01-02 13:16:00,48984.01,48985.52,48902.02,48937.98,36.79025,1800440.49
2024-01-02 13:17:00,48875.02,48912.59,48866.51,48890.28,63.476062,3103362.63
2024-01-02 13:18:00,48890.03,48893.24,48853.66,48869.93,39.8925,1949543.71
2024-01-02 13:19:00,48896.39,48920.69,48889.96,48904.25,2.814178,137625.26
2024-01-02 13:20:00,48887.81,48919.16,48880.91,48909.54,20.041575,980224.23
2024-01-02 13:21:00,48940.82,48942.97,48936.0,48938.76,21.323497,1043545.54
2024-01-02 13:22:00,49050.57,49074.63,49012.18,49037.58,42.073528,2063184.19
2024-01-02 13:23:00,48977.78,48990.12,48953.28,48959.37,3.236385,158451.36
2024-01-02 13:24:00,49071.48,49080.01,49034.85,49040.23,9.298349,455993.19
2024-01-02 13:25:00,49104.36,49125.55,49033.64,49045.45,32.677026,1602659.46
2024-01-02 13:26:00,49005.52,49032.19,48995.07,49000.51,18.127542,888258.83
2024-01-02 13:27:00,48920.73,48952.06,48914.86,48934.0,12.175226,595782.47
2024-01-02 13:28:00,48933.6,48941.02,48923.45,48924.54,24.111473,1179642.73
2024-01-02 13:29:00,48965.3,48982.43,48949.59,48970.62,46.765109,2290116.5
2024-01-02 13:30:00,48982.76,48985.79,48958.49,48964.24,3.875191,189745.79
2024-01-02 13:31:00,49013.86,49061.51,48999.52,49039.8,7.820032,383492.81
2024-01-02 13:32:00,49014.61,49044.64,48960.08,48967.24,10.601275,519115.22
2024-01-02 13:33:00,48983.76,48990.65,48966.33,48966.64,23.60599,1155905.99
2024-01-02 13:34:00,48870.34,48906.03,48850.26,48904.02,8.501733,415768.94
2024-01-02 13:35:00,48908.02,48923.62,48900.92,48922.2,32.688506,1599193.65
2024-01-02 13:36:00,48982.87,48992.09,48940.56,48966.55,15.214146,744984.17
2024-01-02 13:37:00,48969.03,48988.14,48938.9,48945.51,30.233073,1479773.12
2024-01-02 13:38:00,48789.85,48837.72,48778.52,48815.3,4.416494,215592.48
2024-01-02 13:39:00,48839.5,48856.58,48805.96,48825.24,14.554432,710623.7
2024-01-02 13:40:00,48808.13,48854.38,48807.85,48847.08,3.199326,156277.74
2024-01-02 13:41:00,48865.51,48884.72,48850.92,48867.3,16.928933,827271.2
2024-01-02 13:42:00,48951.33,48969.33,48920.48,48929.09,18.186489,889848.29
2024-01-02 13:43:00,48864.5,48877.38,48857.05,48875.53,30.334078,1482594.22
2024-01-02 13:44:00,48879.4,48925.35,48869.18,48909.54,0.945456,46241.81
2024-01-02 13:45:00,48972.09,48974.09,48957.29,48969.17,4.280851,209629.72
2024-01-02 13:46:00,48868.14,48890.74,48857.16,48880.24,10.93273,534394.44
2024-01-02 13:47:00,48908.81,48921.74,48879.41,48896.22,3.872926,189371.46
2024-01-02 13:48:00,48853.31,48902.55,48838.53,48871.01,10.085432,492885.26
2024-01-02 13:49:00,48851.48,48869.03,48839.62,48866.94,35.384656,1729139.74
2024-01-02 13:50:00,48843.9,48903.03,48833.89,48884.32,10.814719,528670.18
2024-01-02 13:51:00,48863.36,48865.88,48845.6,48859.96,17.146746,837789.3
2024-01-02 13:52:00,48822.96,48833.86,48790.97,48826.17,21.115176,1030973.23
2024-01-02 13:53:00,48804.11,48830.98,48787.97,48827.88,9.576629,467606.5
2024-01-02 13:54:00,48777.39,48779.64,48758.53,48773.52,0.039166,1910.27
2024-01-02 13:55:00,48739.77,48742.67,48696.43,48719.23,12.779837,622623.8
2024-01-02 13:56:00,48748.89,48764.11,48747.24,48753.2,47.971309,2338754.66
2024-01-02 13:57:00,48701.12,48719.76,48684.21,48695.76,11.45281,557703.25
2024-01-02 13:58:00,48734.54,48762.25,48717.85,48729.07,3.68888,179755.71
2024-01-02 13:59:00,48728.12,48755.6,48724.18,48752.2,52.431002,2556126.78
2024-01-02 14:00:00,48707.04,48719.59,48649.7,48665.91,14.445732,703014.7
2024-01-02 14:01:00,48622.62,48639.18,48604.62,48632.03,60.869955,2960229.69
2024-01-02 14:02:00,48704.86,48719.48,48664.16,48691.74,18.326377,892343.16
2024-01-02 14:03:00,48658.06,48670.19,48637.25,48642.68,5.257223,255725.4
2024-01-02 14:04:00,48616.67,48634.56,48607.94,48619.46,17.400385,845997.32
2024-01-02 14:05:00,48654.7,48663.69,48613.04,48642.56,7.557534,367617.85
2024-01-02 14:06:00,48686.65,48697.75,48661.0,48681.73,7.461842,363255.38
2024-01-02 14:07:00,48640.8,48672.98,48638.78,48669.16,0.839362,40851.02
2024-01-02 14:08:00,48632.63,48643.24,48615.21,48639.28,11.077772,538814.86
2024-01-02 14:09:00,48698.15,48745.92,48696.33,48710.4,1.814058,88363.47
2024-01-02 14:10:00,48788.11,48802.04,48785.18,48797.34,7.792533,380254.93
2024-01-02 14:11:00,48820.21,48858.45,48808.36,48846.29,5.115844,249890.01
2024-01-02 14:12:00,48873.08,48894.98,48841.56,48850.55,38.856429,1898158.06
2024-01-02 14:13:00,48842.18,48846.32,48797.37,48810.14,12.174988,594262.87
2024-01-02 14:14:00,48788.18,48789.96,48749.81,48768.62,14.247275,694819.9
2024-01-02 14:15:00,48820.15,48853.31,48771.95,48794.74,13.852903,675948.85
2024-01-02 14:16:00,48808.77,48826.37,48804.67,48815.66,6.698901,327011.29
2024-01-02 14:17:00,48873.02,48890.2,48834.57,48885.74,4.565293,223177.74
2024-01-02 14:18:00,48902.69,48926.25,48901.42,48918.27,7.364393,360253.31
2024-01-02 14:19:00,48855.99,48870.52,48817.12,48843.11,13.508436,659794.06
2024-01-02 14:20:00,48900.25,48923.63,48891.47,48895.71,12.134542,593327.02
2024-01-02 14:21:00,48844.26,48855.96,48841.48,48845.81,1.729871,84496.93
2024-01-02 14:22:00,48852.51,48866.22,48825.59,48826.61,9.822908,479619.28
2024-01-02 14:23:00,48847.22,48861.56,48832.57,48839.12,10.706195,522881.13
2024-01-02 14:24:00,48922.13,48962.39,48919.06,48938.9,32.671193,1598892.24
2024-01-02 14:25:00,49080.78,49099.11,49076.38,49094.4,17.839707,875829.63
2024-01-02 14:26:00,49138.37,49148.4,49097.27,49124.73,11.493694,564624.64
2024-01-02 14:27:00,49136.41,49157.5,49109.67,49115.57,43.961467,2159192.64
2024-01-02 14:28:00,49153.33,49159.54,49130.72,49142.3,34.123169,1676890.91
2024-01-02 14:29:00,49224.62,49238.19,49170.58,49186.68,18.507171,910306.3
2024-01-02 14:30:00,49203.35,49217.16,49160.63,49170.65,9.674921,475722.11
2024-01-02 14:31:00,49269.23,49276.92,49229.47,49260.41,24.732841,1218349.85
2024-01-02 14:32:00,49255.14,49289.2,49252.65,49271.91,17.387878,856733.99
2024-01-02 14:33:00,49270.6,49307.66,49270.49,49296.8,38.452515,1895585.88
2024-01-02 14:34:00,49322.35,49335.81,49312.6,49330.09,7.325622,361373.6
2024-01-02 14:35:00,49366.24,49367.32,49347.33,49351.17,30.022034,1481622.62
2024-01-02 14:36:00,49429.65,49444.75,49382.15,49393.12,3.485483,172158.88
2024-01-02 14:37:00,49370.61,49380.97,49352.1,49362.26,47.869926,2362967.68
2024-01-02 14:38:00,49357.72,49358.49,49320.66,49334.34,6.763072,333651.7
2024-01-02 14:39:00,49274.43,49283.25,49273.32,49279.34,22.378698,1102807.38
2024-01-02 14:40:00,49313.77,49340.37,49292.92,49301.31,11.554103,569632.41
2024-01-02 14:41:00,49356.72,49376.1,49338.0,49340.26,25.292036,1247915.58
2024-01-02 14:42:00,49323.55,49369.85,49310.12,49363.15,42.573625,2101568.06
2024-01-02 14:43:00,49438.6,49470.19,49428.12,49446.87,9.92303,490662.76
2024-01-02 14:44:00,49465.59,49468.53,49445.31,49446.59,24.888446,1230648.79
2024-01-02 14:45:00,49485.52,49515.9,49436.94,49480.03,19.934264,986347.92
2024-01-02 14:46:00,49401.51,49434.54,49386.76,49425.44,19.315401,954672.26
2024-01-02 14:47:00,49357.49,49427.57,49336.47,49406.09,18.221439,900250.0
2024-01-02 14:48:00,49433.55,49450.08,49411.28,49440.86,3.408046,168496.76
2024-01-02 14:49:00,49481.89,49485.86,49474.0,49483.32,4.304932,213022.35
2024-01-02 14:50:00,49450.94,49481.73,49439.18,49468.62,26.462401,1309058.48
2024-01-02 14:51:00,49467.9,49473.56,49453.37,49465.04,1.725887,85371.09
2024-01-02 14:52:00,49399.28,49419.78,49385.25,49389.15,1.289782,63701.23
2024-01-02 14:53:00,49384.71,49384.8,49352.77,49371.3,12.292528,606898.06
2024-01-02 14:54:00,49368.7,49419.38,49362.31,49415.82,17.562225,867851.68
2024-01-02 14:55:00,49418.29,49459.64,49417.32,49444.58,48.015639,2374112.9
2024-01-02 14:56:00,49463.52,49498.71,49460.71,49469.61,28.681364,1418855.87
2024-01-02 14:57:00,49483.54,49484.49,49454.48,49472.1,4.03596,199667.42
2024-01-02 14:58:00,49482.24,49494.49,49455.62,49472.45,12.352772,611121.91
2024-01-02 14:59:00,49448.87,49473.32,49429.69,49439.44,10.803188,534103.51
2024-01-02 15:00:00,49466.71,49475.28,49465.71,49474.38,21.73483,1075317.14
2024-01-02 15:01:00,49488.87,49499.33,49483.52,49495.43,10.20761,505230.0
2024-01-02 15:02:00,49505.46,49531.77,49495.06,49520.03,5.013455,248266.42
2024-01-02 15:03:00,49509.09,49511.24,49477.2,49493.72,23.81645,1178764.8
2024-01-02 15:04:00,49367.65,49403.96,49354.23,49386.06,20.825325,1028480.71
2024-01-02 15:05:00,49457.92,49482.98,49419.15,49440.91,21.57499,1066687.22
2024-01-02 15:06:00,49421.13,49427.66,49398.44,49416.97,6.308623,311753.03
2024-01-02 15:07:00,49372.93,49377.65,49362.12,49373.83,13.871158,684872.26
2024-01-02 15:08:00,49395.37,49410.98,49389.31,49408.51,25.91482,1280412.6
2024-01-02 15:09:00,49361.8,49396.02,49359.91,49388.91,13.333534,658528.67
2024-01-02 15:10:00,49428.95,49463.34,49385.49,49441.9,25.61706,1266556.24
2024-01-02 15:11:00,49466.15,49475.12,49459.53,49472.75,13.359533,660932.88
2024-01-02 15:12:00,49459.55,49513.68,49431.62,49506.93,17.573885,870029.14
2024-01-02 15:13:00,49434.69,49446.24,49417.06,49438.64,13.869028,685665.8
2024-01-02 15:14:00,49517.72,49528.82,49493.43,49499.23,34.039699,1684938.97
2024-01-02 15:15:00,49523.64,49532.71,49509.28,49512.3,10.607457,525199.55
2024-01-02 15:16:00,49483.91,49518.77,49473.82,49493.83,8.052783,398563.1
2024-01-02 15:17:00,49501.94,49520.4,49498.07,49501.0,1.142654,56562.51
2024-01-02 15:18:00,49401.07,49461.62,49398.33,49412.19,39.824573,1967819.32
2024-01-02 15:19:00,49435.6,49452.95,49422.94,49432.62,37.123666,1835120.14
2024-01-02 15:20:00,49411.96,49413.06,49373.53,49381.15,20.22341,998655.33
2024-01-02 15:21:00,49332.89,49343.51,49312.0,49313.52,9.592351,473032.59
2024-01-02 15:22:00,49247.82,49262.92,49202.26,49237.4,6.327756,311562.24
2024-01-02 15:23:00,49283.18,49307.27,49261.56,49293.04,3.413551,168264.3
2024-01-02 15:24:00,49276.57,49286.77,49236.52,49261.57,8.8829,437585.62
2024-01-02 15:25:00,49304.52,49355.17,49299.6,49338.26,19.570925,965595.39
2024-01-02 15:26:00,49306.42,49331.79,49298.55,49311.47,5.900783,290976.26
2024-01-02 15:27:00,49237.78,49253.38,49200.66,49226.1,12.700545,625198.29
2024-01-02 15:28:00,49185.08,49189.93,49169.43,49170.27,17.015217,836642.92
2024-01-02 15:29:00,49245.46,49246.21,49217.29,49232.07,9.075017,446781.81
2024-01-02 15:30:00,49230.17,49238.5,49184.68,49224.27,20.077432,988296.96
2024-01-02 15:31:00,49192.94,49197.85,49164.56,49196.86,17.178455,845125.97
2024-01-02 15:32:00,49215.62,49235.22,49191.55,49204.86,5.9793,294210.61
2024-01-02 15:33:00,49210.89,49237.36,49203.45,49229.95,13.761616,677483.63
2024-01-02 15:34:00,49268.92,49300.89,49246.85,49285.82,6.242258,307654.76
2024-01-02 15:35:00,49359.48,49369.18,49345.62,49358.24,12.707538,627221.72
2024-01-02 15:36:00,49343.72,49361.21,49337.06,49340.25,8.481369,418472.9
2024-01-02 15:37:00,49237.44,49284.26,49231.93,49273.95,37.878468,1866421.76
2024-01-02 15:38:00,49262.38,49267.8,49222.46,49253.28,2.657419,130886.6
2024-01-02 15:39:00,49281.75,49291.86,49246.56,49266.29,7.781976,383389.08
2024-01-02 15:40:00,49216.56,49220.74,49215.88,49218.1,23.140413,1138927.21
2024-01-02 15:41:00,49217.73,49218.03,49139.29,49170.25,9.600502,472059.06
2024-01-02 15:42:00,49173.78,49215.72,49168.81,49187.43,5.816692,286108.18
2024-01-02 15:43:00,49177.78,49212.56,49157.66,49185.0,5.554902,273217.87
2024-01-02 15:44:00,49178.74,49202.22,49162.2,49186.64,49.947064,2456728.38
2024-01-02 15:45:00,49147.19,49164.94,49142.83,49148.72,21.337333,1048702.56
2024-01-02 15:46:00,49130.62,49163.76,49109.59,49137.2,28.79962,1415132.61
2024-01-02 15:47:00,49062.85,49101.78,49031.31,49090.99,28.333732,1390930.83
2024-01-02 15:48:00,49124.56,49145.81,49109.89,49135.5,47.708567,2344184.1
2024-01-02 15:49:00,49185.31,49196.13,49181.71,49187.26,40.140612,1974406.64
2024-01-02 15:50:00,49119.52,49124.52,49088.63,49094.95,3.320667,163027.96
2024-01-02 15:51:00,49092.52,49118.36,49041.0,49048.47,32.184807,1578615.66
2024-01-02 15:52:00,49000.36,49012.3,48959.76,48973.65,8.047194,394100.42
2024-01-02 15:53:00,48925.64,48948.07,48908.6,48941.15,1.480605,72462.49
2024-01-02 15:54:00,48923.06,48946.61,48879.15,48936.97,5.111555,250144.03
2024-01-02 15:55:00,48861.3,48889.62,48857.07,48864.49,4.647521,227098.76
2024-01-02 15:56:00,48854.09,48860.91,48799.05,48818.4,16.579445,809381.95
2024-01-02 15:57:00,48764.89,48784.5,48745.4,48768.2,41.62276,2029867.1
2024-01-02 15:58:00,48752.01,48785.24,48732.52,48778.56,24.572902,1198630.85
2024-01-02 15:59:00,48772.01,48813.76,48763.84,48782.03,5.426167,264699.43
2024-01-02 16:00:00,48761.09,48780.27,48735.09,48745.94,10.882571,530481.19
2024-01-02 16:01:00,48768.58,48779.61,48745.38,48754.79,21.370881,1041932.72
2024-01-02 16:02:00,48723.45,48740.49,48721.87,48727.45,28.047487,1366682.57
2024-01-02 16:03:00,48727.54,48753.69,48703.12,48713.87,34.549521,1683040.85
2024-01-02 16:04:00,48752.08,48820.23,48735.74,48797.54,4.624977,225687.52
2024-01-02 16:05:00,48866.64,48878.24,48851.12,48864.56,19.390057,947486.69
2024-01-02 16:06:00,48816.8,48824.44,48785.25,48799.59,27.116533,1323275.57
2024-01-02 16:07:00,48824.41,48851.61,48824.21,48841.07,17.021185,831332.92
2024-01-02 16:08:00,48864.91,48895.85,48845.84,48881.64,15.55543,760374.97
2024-01-02 16:09:00,48786.9,48826.93,48779.09,48824.23,28.086945,1371323.44
2024-01-02 16:10:00,48896.97,48904.19,48841.07,48865.17,20.207829,987458.94
2024-01-02 16:11:00,48927.66,48943.2,48915.39,48942.06,8.387067,410480.35
2024-01-02 16:12:00,48890.76,48892.18,48874.55,48885.94,62.198903,3040651.65
2024-01-02 16:13:00,48852.14,48866.34,48838.25,48840.06,48.610373,2374133.62
2024-01-02 16:14:00,48921.19,48948.37,48845.81,48890.94,10.187915,498096.78
2024-01-02 16:15:00,48901.44,48926.47,48899.75,48904.52,6.205464,303475.24
2024-01-02 16:16:00,48921.3,48938.28,48891.7,48932.09,24.005573,1174642.93
2024-01-02 16:17:00,48952.58,48958.23,48945.1,48949.12,8.849423,433171.51
2024-01-02 16:18:00,48994.34,49011.65,48953.92,48968.66,35.430848,1735001.07
2024-01-02 16:19:00,48898.93,48923.16,48883.68,48902.33,15.345068,750409.65
2024-01-02 16:20:00,48935.6,48956.76,48924.72,48954.7,5.186007,253879.42
2024-01-02 16:21:00,48982.36,49021.14,48979.49,49013.18,23.704921,1161853.53
2024-01-02 16:22:00,48977.28,49028.18,48963.97,49001.71,30.074965,1473724.7
2024-01-02 16:23:00,49016.82,49017.8,48997.34,48999.54,19.618354,961290.24
2024-01-02 16:24:00,48916.57,48938.98,48906.95,48922.98,9.081258,444282.23
2024-01-02 16:25:00,48936.54,48954.46,48924.73,48948.69,23.525188,1151527.23
2024-01-02 16:26:00,48962.98,48996.87,48954.64,48977.3,7.463569,365545.43
2024-01-02 16:27:00,48975.89,48981.46,48930.15,48974.19,15.544289,761268.9
2024-01-02 16:28:00,49025.62,49046.37,49018.94,49030.4,20.782622,1018980.35
2024-01-02 16:29:00,49008.24,49015.52,49003.69,49013.7,14.580091,714624.21
2024-01-02 16:30:00,49068.92,49093.23,49039.61,49041.93,6.923418,339537.77
2024-01-02 16:31:00,49021.71,49037.03,48989.28,48990.95,10.521896,515477.65
2024-01-02 16:32:00,48957.57,49016.41,48942.16,48989.77,33.884791,1660008.13
2024-01-02 16:33:00,48987.6,49010.79,48976.91,48981.05,10.845382,531218.21
2024-01-02 16:34:00,48976.78,48994.99,48947.19,48992.32,28.604032,1401377.8
2024-01-02 16:35:00,48968.88,48977.62,48960.14,48973.84,24.210238,1185668.33
2024-01-02 16:36:00,48973.45,48979.79,48959.98,48967.27,2.180726,106784.19
2024-01-02 16:37:00,49004.32,49009.56,48993.2,49008.57,10.368704,508155.35
2024-01-02 16:38:00,48991.34,49017.74,48971.12,48986.73,21.080226,1032651.38
2024-01-02 16:39:00,48919.86,48920.84,48905.97,48906.4,29.352924,1435545.93
2024-01-02 16:40:00,48999.77,49015.29,48993.75,48993.88,7.151769,350392.91
2024-01-02 16:41:00,49050.02,49074.76,49041.04,49062.95,37.773126,1853261.15
2024-01-02 16:42:00,48985.76,49017.73,48984.84,48998.34,15.181904,743888.12
2024-01-02 16:43:00,49004.03,49035.37,48994.45,49032.83,41.473803,2033577.82
2024-01-02 16:44:00,48990.6,49039.53,48970.17,49007.68,1.463574,71726.34
2024-01-02 16:45:00,49060.09,49067.66,49010.1,49020.85,5.830884,285834.92
2024-01-02 16:46:00,49019.72,49045.68,49017.1,49035.56,45.691075,2240487.6
2024-01-02 16:47:00,48999.98,49026.4,48997.13,49023.84,22.548705,1105424.18
2024-01-02 16:48:00,48991.05,48998.08,48983.27,48984.66,57.608783,2821946.37
2024-01-02 16:49:00,48947.92,48962.03,48947.84,48950.13,13.216055,646927.58
2024-01-02 16:50:00,48900.41,48911.57,48886.05,48904.32,14.532744,710713.93
2024-01-02 16:51:00,48890.91,48912.39,48834.22,48862.73,38.89659,1900593.48
2024-01-02 16:52:00,48870.35,48872.4,48847.4,48859.37,7.027437,343356.12
2024-01-02 16:53:00,48812.98,48843.5,48811.05,48823.58,14.94392,729615.7
2024-01-02 16:54:00,48849.19,48880.36,48838.13,48857.68,38.425975,1877404.09
2024-01-02 16:55:00,48921.99,48965.15,48909.7,48932.05,44.754076,2189908.5
2024-01-02 16:56:00,48920.54,48923.89,48899.61,48903.04,17.817483,871329.13
2024-01-02 16:57:00,48908.85,48921.53,48880.75,48915.01,7.852478,384104.06
2024-01-02 16:58:00,48904.13,48951.57,48895.71,48940.0,28.1469,1377509.21
2024-01-02 16:59:00,48962.63,48968.41,48960.52,48963.6,13.629222,667335.72
2024-01-02 17:00:00,48936.65,48989.28,48932.32,48967.39,1.027571,50317.48
2024-01-02 17:01:00,49048.21,49058.0,48997.93,49004.53,21.066711,1032364.28
2024-01-02 17:02:00,49009.33,49035.52,48993.34,49028.64,10.880523,533457.27
2024-01-02 17:03:00,48963.52,48987.84,48954.4,48966.76,18.932631,927069.55
2024-01-02 17:04:00,49015.38,49045.72,48979.75,49010.22,14.986076,734470.81
2024-01-02 17:05:00,49048.81,49058.61,49041.31,49054.58,22.610864,1109166.47
2024-01-02 17:06:00,49010.62,49022.61,48995.45,49016.42,16.416047,804655.81
2024-01-02 17:07:00,49026.75,49031.22,49013.67,49018.31,35.562896,1743233.18
2024-01-02 17:08:00,49083.0,49090.65,49042.14,49052.48,0.322275,15808.38
2024-01-02 17:09:00,49057.36,49064.25,49025.22,49042.01,11.154649,547046.47
2024-01-02 17:10:00,49125.23,49161.95,49078.32,49095.66,2.015516,98953.07
2024-01-02 17:11:00,49192.92,49215.33,49187.62,49213.86,4.251896,209252.18
2024-01-02 17:12:00,49180.9,49183.0,49141.99,49174.56,14.581879,717057.43
2024-01-02 17:13:00,49108.61,49115.94,49104.47,49105.51,24.703374,1213071.67
2024-01-02 17:14:00,49127.72,49135.57,49095.12,49120.7,28.024622,1376588.93
2024-01-02 17:15:00,49184.3,49195.86,49138.81,49156.77,18.650226,916784.93
2024-01-02 17:16:00,49140.82,49145.35,49131.65,49145.23,1.915902,94157.46
2024-01-02 17:17:00,49209.78,49242.08,49190.26,49217.89,17.388929,855846.46
2024-01-02 17:18:00,49161.64,49163.79,49149.26,49150.96,14.805787,727718.69
2024-01-02 17:19:00,49150.05,49213.54,49141.31,49185.61,11.181302,549959.17
2024-01-02 17:20:00,49150.58,49172.13,49126.88,49155.32,20.684466,1016751.48
2024-01-02 17:21:00,49238.6,49251.55,49234.9,49241.29,15.515151,763986.0
2024-01-02 17:22:00,49322.5,49354.8,49318.0,49340.91,30.538399,1506792.41
2024-01-02 17:23:00,49323.72,49333.64,49281.64,49302.58,33.799984,1666426.38
2024-01-02 17:24:00,49253.86,49276.77,49247.57,49275.1,7.372524,363281.87
2024-01-02 17:25:00,49315.36,49333.22,49297.75,49318.08,18.31857,903436.71
2024-01-02 17:26:00,49304.59,49334.93,49292.09,49298.72,7.351313,362410.36
2024-01-02 17:27:00,49323.52,49328.27,49287.75,49296.45,35.244484,1737428.05
2024-01-02 17:28:00,49297.51,49309.64,49286.27,49297.72,17.001584,838139.38
2024-01-02 17:29:00,49220.46,49236.89,49187.39,49201.74,6.409648,315365.83
2024-01-02 17:30:00,49215.06,49215.27,49196.92,49201.05,15.715834,773235.5
2024-01-02 17:31:00,49169.03,49179.52,49144.49,49166.56,24.834012,1221002.95
2024-01-02 17:32:00,49120.11,49168.87,49096.93,49141.9,17.46258,858144.43
2024-01-02 17:33:00,49185.39,49222.73,49171.54,49214.09,39.736544,1955597.68
2024-01-02 17:34:00,49153.39,49208.22,49143.65,49151.26,16.305586,801440.09
2024-01-02 17:35:00,49181.07,49199.22,49174.68,49191.92,13.72286,675053.85
2024-01-02 17:36:00,49196.36,49217.12,49172.13,49177.97,3.659375,179960.66
2024-01-02 17:37:00,49178.9,49190.9,49158.41,49163.98,31.655232,1556297.35
2024-01-02 17:38:00,49199.81,49205.67,49185.26,49203.5,34.620186,1703434.44
2024-01-02 17:39:00,49197.35,49225.82,49171.98,49220.51,1.361119,66994.98
2024-01-02 17:40:00,49259.25,49263.17,49234.69,49249.04,17.172937,845750.61
2024-01-02 17:41:00,49277.09,49313.61,49269.96,49297.45,14.644289,721926.03
2024-01-02 17:42:00,49265.71,49290.43,49245.72,49280.88,18.035423,888801.54
2024-01-02 17:43:00,49230.68,49258.89,49216.0,49250.27,5.454506,268635.89
2024-01-02 17:44:00,49193.24,49199.03,49183.38,49196.01,32.855529,1616360.93
2024-01-02 17:45:00,49178.14,49197.45,49124.68,49154.74,21.304369,1047210.72
2024-01-02 17:46:00,49302.09,49306.94,49297.01,49302.19,34.048107,1678646.42
2024-01-02 17:47:00,49355.56,49368.78,49335.6,49364.43,12.306877,607521.98
2024-01-02 17:48:00,49266.36,49325.46,49253.34,49296.88,11.131731,548759.58
2024-01-02 17:49:00,49241.79,49257.64,49209.59,49230.75,51.1879,2520018.81
2024-01-02 17:50:00,49239.24,49256.0,49235.55,49254.85,32.942586,1622581.98
2024-01-02 17:51:00,49284.56,49328.56,49265.46,49282.21,6.301753,310564.31
2024-01-02 17:52:00,49302.57,49315.74,49297.35,49309.65,27.363052,1349262.61
2024-01-02 17:53:00,49313.67,49315.0,49290.04,49296.91,0.683716,33705.06
2024-01-02 17:54:00,49287.49,49298.83,49284.97,49290.63,23.974191,1181703.01
2024-01-02 17:55:00,49305.85,49323.55,49295.61,49307.03,32.005011,1578071.94
2024-01-02 17:56:00,49321.04,49326.41,49304.31,49311.32,9.560223,471427.24
2024-01-02 17:57:00,49242.49,49243.01,49159.63,49200.36,41.216023,2027843.02
2024-01-02 17:58:00,49206.64,49211.19,49175.27,49188.87,40.427762,1988595.77
2024-01-02 17:59:00,49144.52,49163.88,49132.51,49146.3,35.202899,1730092.09
2024-01-02 18:00:00,49155.12,49168.68,49149.62,49155.06,26.600222,1307535.42
2024-01-02 18:01:00,49293.82,49308.44,49264.21,49304.32,16.347293,805992.16
2024-01-02 18:02:00,49303.69,49344.51,49300.06,49322.69,33.039282,1629586.37
2024-01-02 18:03:00,49295.96,49317.62,49291.06,49307.02,30.217727,1489945.98
2024-01-02 18:04:00,49337.66,49357.56,49331.06,49353.11,29.795758,1470513.25
2024-01-02 18:05:00,49390.31,49425.49,49374.44,49377.24,12.420103,613270.43
2024-01-02 18:06:00,49376.82,49405.36,49360.74,49398.25,8.254461,407755.9
2024-01-02 18:07:00,49455.25,49462.85,49392.63,49428.59,23.917043,1182185.69
2024-01-02 18:08:00,49546.46,49558.5,49529.21,49531.42,28.574614,1415341.08
2024-01-02 18:09:00,49475.28,49483.8,49469.86,49474.87,2.194169,108556.21
2024-01-02 18:10:00,49498.56,49522.03,49486.2,49498.55,22.923859,1134697.86
2024-01-02 18:11:00,49441.09,49472.82,49433.57,49452.23,21.258639,1051287.17
2024-01-02 18:12:00,49485.41,49501.96,49477.97,49480.01,3.787055,187383.5
2024-01-02 18:13:00,49455.84,49492.61,49416.41,49434.08,13.077017,646450.25
2024-01-02 18:14:00,49399.14,49420.55,49386.86,49413.21,51.617681,2550595.15
2024-01-02 18:15:00,49367.78,49430.45,49338.84,49398.45,4.368639,215804.03
2024-01-02 18:16:00,49461.31,49481.84,49424.89,49447.24,5.05816,250112.08
2024-01-02 18:17:00,49499.65,49515.04,49473.31,49493.17,13.000143,643418.23
2024-01-02 18:18:00,49408.48,49438.38,49391.94,49430.88,6.340932,313437.85
2024-01-02 18:19:00,49418.96,49446.19,49397.23,49433.63,25.810048,1275884.28
2024-01-02 18:20:00,49380.97,49412.67,49380.47,49398.15,39.384879,1945540.09
2024-01-02 18:21:00,49320.73,49342.69,49253.75,49335.22,5.066625,249963.08
2024-01-02 18:22:00,49317.9,49344.0,49306.75,49324.37,7.135703,351964.06
2024-01-02 18:23:00,49303.62,49309.71,49298.58,49308.95,49.498159,2440702.12
2024-01-02 18:24:00,49417.27,49433.63,49403.78,49430.28,12.39619,612747.16
2024-01-02 18:25:00,49436.77,49459.01,49433.99,49451.93,24.090555,1191324.47
2024-01-02 18:26:00,49378.47,49387.21,49350.0,49383.05,47.245483,2333126.05
2024-01-02 18:27:00,49358.17,49363.11,49333.42,49354.81,32.523753,1605203.73
2024-01-02 18:28:00,49399.56,49419.53,49387.42,49405.88,42.02685,2076373.57
2024-01-02 18:29:00,49533.48,49539.4,49509.34,49510.3,38.68495,1915303.63
2024-01-02 18:30:00,49441.17,49445.17,49423.58,49431.0,62.899761,3109198.35
2024-01-02 18:31:00,49305.19,49347.51,49293.82,49337.01,10.738734,529817.01
2024-01-02 18:32:00,49441.03,49452.84,49430.18,49430.56,5.912961,292280.97
2024-01-02 18:33:00,49462.15,49473.8,49449.14,49450.04,0.154726,7651.23
2024-01-02 18:34:00,49397.93,49413.47,49374.66,49406.62,0.416924,20598.81
2024-01-02 18:35:00,49403.45,49434.43,49392.73,49433.35,12.459024,615891.32
2024-01-02 18:36:00,49301.73,49322.34,49290.29,49301.57,0.202026,9960.19
2024-01-02 18:37:00,49301.58,49304.63,49285.06,49301.73,13.791012,679920.82
2024-01-02 18:38:00,49295.69,49326.05,49291.71,49318.13,7.48875,369331.14
2024-01-02 18:39:00,49335.32,49368.8,49329.13,49364.34,4.124938,203624.85
2024-01-02 18:40:00,49311.89,49314.82,49304.83,49313.64,32.886009,1621728.96
2024-01-02 18:41:00,49313.27,49318.66,49304.86,49317.93,1.506204,74282.85
2024-01-02 18:42:00,49263.31,49276.06,49253.9,49271.66,26.199356,1290885.72
2024-01-02 18:43:00,49282.76,49288.87,49273.4,49284.43,16.425578,809525.22
2024-01-02 18:44:00,49217.6,49259.76,49195.59,49239.66,53.977954,2657856.07
2024-01-02 18:45:00,49210.56,49224.85,49197.46,49219.25,7.336498,361096.97
2024-01-02 18:46:00,49180.13,49205.74,49158.52,49169.46,2.200175,108181.41
2024-01-02 18:47:00,49195.02,49243.16,49177.01,49202.02,7.634744,375644.83
2024-01-02 18:48:00,49211.5,49249.85,49195.89,49244.94,9.977005,491317.07
2024-01-02 18:49:00,49223.76,49252.91,49208.07,49233.21,4.150303,204332.75
2024-01-02 18:50:00,49213.72,49256.2,49186.03,49235.12,9.746999,479894.69
2024-01-02 18:51:00,49168.04,49182.22,49145.49,49162.69,7.934721,390092.26
2024-01-02 18:52:00,49154.09,49157.06,49132.7,49147.71,17.176947,844207.62
2024-01-02 18:53:00,49112.03,49149.5,49101.27,49145.2,32.588013,1601544.41
2024-01-02 18:54:00,49291.42,49310.54,49250.01,49276.24,34.18815,1684663.48
2024-01-02 18:55:00,49198.4,49250.49,49190.72,49220.64,59.221783,2914934.15
2024-01-02 18:56:00,49325.03,49337.81,49286.19,49293.85,8.735064,430584.95
2024-01-02 18:57:00,49342.72,49347.5,49315.26,49343.69,40.490849,1997968.04
2024-01-02 18:58:00,49332.8,49359.21,49318.5,49357.73,6.448177,318267.37
2024-01-02 18:59:00,49422.82,49447.27,49401.2,49445.66,7.114469,351779.58
2024-01-02 19:00:00,49471.22,49481.08,49458.33,49464.26,16.133412,798027.34
2024-01-02 19:01:00,49475.89,49504.63,49469.77,49483.72,22.801413,1128298.73
2024-01-02 19:02:00,49479.13,49495.32,49470.71,49481.06,14.933389,738919.97
2024-01-02 19:03:00,49574.5,49579.33,49541.27,49542.24,2.404503,119124.47
2024-01-02 19:04:00,49583.08,49603.06,49571.4,49597.07,16.095635,798296.28
2024-01-02 19:05:00,49566.98,49582.95,49565.17,49565.78,28.670515,1421076.48
2024-01-02 19:06:00,49528.22,49535.18,49490.73,49499.82,35.946766,1779358.44
2024-01-02 19:07:00,49495.08,49518.64,49482.81,49489.67,31.255148,1546806.99
2024-01-02 19:08:00,49417.54,49451.34,49414.43,49449.67,32.035528,1584146.22
2024-01-02 19:09:00,49456.6,49475.05,49436.45,49446.49,7.58001,374804.88
2024-01-02 19:10:00,49485.1,49510.07,49484.47,49508.36,12.096995,598902.42
2024-01-02 19:11:00,49513.64,49514.71,49474.21,49485.5,26.836846,1328034.72
2024-01-02 19:12:00,49466.9,49501.74,49453.91,49483.36,40.522544,2005191.54
2024-01-02 19:13:00,49545.65,49578.56,49474.17,49486.26,2.746827,135930.22
2024-01-02 19:14:00,49558.03,49581.43,49521.98,49528.68,56.763414,2811416.97
2024-01-02 19:15:00,49400.4,49429.49,49388.85,49416.34,9.024814,445973.22
2024-01-02 19:16:00,49386.4,49395.24,49376.47,49386.0,5.517442,272484.39
2024-01-02 19:17:00,49411.64,49419.24,49383.26,49396.57,21.234495,1048911.12
2024-01-02 19:18:00,49472.24,49476.67,49441.55,49456.57,16.21581,801978.34
2024-01-02 19:19:00,49440.82,49454.52,49427.51,49431.97,15.097677,746308.0
2024-01-02 19:20:00,49363.19,49368.83,49324.21,49338.15,49.923223,2463119.28
2024-01-02 19:21:00,49366.67,49375.73,49364.8,49369.13,14.947412,737940.76
2024-01-02 19:22:00,49330.03,49366.78,49325.33,49337.36,9.685486,477856.33
2024-01-02 19:23:00,49270.94,49278.46,49265.79,49277.88,6.795098,334848.01
2024-01-02 19:24:00,49263.83,49270.05,49234.47,49246.66,39.452494,1942903.67
2024-01-02 19:25:00,49244.74,49246.0,49212.92,49237.44,23.676583,1165774.27
2024-01-02 19:26:00,49213.03,49218.4,49183.55,49207.2,21.126979,1039599.49
2024-01-02 19:27:00,49112.83,49132.95,49086.85,49096.92,22.110505,1085557.71
2024-01-02 19:28:00,49100.75,49153.41,49095.41,49141.77,10.501091,516042.25
2024-01-02 19:29:00,49211.72,49227.24,49193.88,49205.52,22.329767,1098747.79
2024-01-02 19:30:00,49242.47,49242.47,49232.63,49238.09,3.560953,175334.53
2024-01-02 19:31:00,49214.59,49219.68,49160.09,49181.21,23.603405,1160844.02
2024-01-02 19:32:00,49140.56,49179.33,49091.6,49171.14,12.503435,614808.08
2024-01-02 19:33:00,49201.95,49202.25,49151.14,49170.81,42.915022,2110166.38
2024-01-02 19:34:00,49202.26,49236.79,49191.41,49200.75,19.9394,981033.43
2024-01-02 19:35:00,49243.95,49256.64,49233.03,49234.17,30.001641,1477105.8
2024-01-02 19:36:00,49230.98,49258.1,49188.18,49197.46,33.299866,1638268.77
2024-01-02 19:37:00,49212.77,49228.75,49181.9,49201.56,2.520124,123994.03
2024-01-02 19:38:00,49232.43,49246.53,49222.71,49224.42,2.5393,124995.57
2024-01-02 19:39:00,49302.06,49308.67,49284.32,49297.21,6.639892,327328.18
2024-01-02 19:40:00,49322.77,49354.55,49310.75,49332.44,18.333697,904445.96
2024-01-02 19:41:00,49371.32,49371.92,49350.07,49371.89,31.790097,1569537.19
2024-01-02 19:42:00,49361.77,49394.52,49358.03,49376.08,47.397629,2340309.22
2024-01-02 19:43:00,49445.71,49449.73,49440.06,49446.61,26.286043,1299755.61
2024-01-02 19:44:00,49420.37,49482.54,49412.35,49467.09,26.431717,1307500.2
2024-01-02 19:45:00,49432.62,49442.65,49417.18,49424.04,48.532618,2398677.98
2024-01-02 19:46:00,49491.77,49498.77,49488.33,49494.21,5.898825,291957.66
2024-01-02 19:47:00,49522.38,49543.04,49482.49,49529.1,33.780059,1673096.02
2024-01-02 19:48:00,49511.35,49523.01,49494.59,49506.95,21.56565,1067649.57
2024-01-02 19:49:00,49454.3,49484.09,49435.4,49482.98,22.299041,1103422.9
2024-01-02 19:50:00,49536.39,49539.62,49490.92,49497.8,5.709442,282604.82
2024-01-02 19:51:00,49518.91,49542.32,49518.1,49520.96,17.884652,885665.21
2024-01-02 19:52:00,49527.91,49536.77,49507.79,49530.83,16.896686,836906.86
2024-01-02 19:53:00,49527.09,49552.12,49505.76,49546.39,16.981672,841380.61
2024-01-02 19:54:00,49631.87,49642.67,49624.59,49631.39,1.508861,74886.89
2024-01-02 19:55:00,49712.71,49724.42,49674.51,49684.97,8.065303,400724.34
2024-01-02 19:56:00,49715.22,49723.39,49678.81,49694.5,7.637869,379560.09
2024-01-02 19:57:00,49758.65,49767.87,49727.01,49741.57,7.46822,371480.96
2024-01-02 19:58:00,49700.87,49713.42,49685.67,49689.94,0.380732,18918.54
2024-01-02 19:59:00,49702.67,49729.69,49684.73,49709.84,16.568765,823630.59
2024-01-02 20:00:00,49771.3,49812.29,49754.95,49800.3,1.669563,83144.75
2024-01-02 20:01:00,49785.38,49794.69,49783.0,49789.4,24.274692,1208622.34
2024-01-02 20:02:00,49742.3,49749.83,49717.77,49747.02,39.122358,1946220.65
2024-01-02 20:03:00,49735.39,49750.64,49697.55,49714.41,51.508756,2560727.58
2024-01-02 20:04:00,49666.12,49679.63,49624.08,49659.93,1.997332,99187.39
2024-01-02 20:05:00,49652.94,49662.15,49607.51,49620.69,34.002136,1687209.59
2024-01-02 20:06:00,49626.12,49651.62,49601.45,49602.17,16.723479,829520.79
2024-01-02 20:07:00,49522.76,49575.12,49514.25,49531.89,5.252918,260186.97
2024-01-02 20:08:00,49496.77,49545.8,49491.12,49532.67,18.044061,893770.54
2024-01-02 20:09:00,49605.5,49626.13,49533.93,49577.78,32.042514,1588596.86
2024-01-02 20:10:00,49559.58,49578.45,49525.46,49532.4,0.033979,1683.04
2024-01-02 20:11:00,49581.04,49619.14,49568.27,49608.36,0.426407,21153.35
2024-01-02 20:12:00,49664.09,49669.7,49630.37,49633.9,1.804399,89559.38
2024-01-02 20:13:00,49693.07,49700.05,49671.38,49685.43,2.535481,125976.46
2024-01-02 20:14:00,49655.75,49675.75,49644.38,49652.54,33.97765,1687076.56
2024-01-02 20:15:00,49727.56,49741.79,49691.42,49695.26,5.276984,262241.12
2024-01-02 20:16:00,49667.56,49682.28,49631.24,49640.67,1.752303,86985.49
2024-01-02 20:17:00,49698.21,49705.76,49674.35,49685.18,16.224062,806095.44
2024-01-02 20:18:00,49703.24,49707.33,49652.41,49693.77,14.606516,725852.87
2024-01-02 20:19:00,49733.76,49753.79,49711.22,49721.43,1.802999,89647.7
2024-01-02 20:20:00,49654.65,49664.16,49651.26,49662.65,43.672427,2168888.64
2024-01-02 20:21:00,49616.8,49652.46,49606.34,49617.9,2.612716,129637.5
2024-01-02 20:22:00,49629.72,49660.4,49628.34,49647.76,6.578281,326596.92
2024-01-02 20:23:00,49593.68,49604.22,49575.44,49600.34,28.535011,1415346.38
2024-01-02 20:24:00,49616.17,49643.68,49589.44,49623.51,3.900046,193533.95
2024-01-02 20:25:00,49542.44,49579.39,49535.97,49555.15,16.459131,815634.69
2024-01-02 20:26:00,49600.29,49627.23,49596.24,49597.56,8.325301,412914.59
2024-01-02 20:27:00,49529.45,49543.89,49513.76,49535.93,29.117193,1442347.24
2024-01-02 20:28:00,49573.59,49581.92,49552.72,49563.55,7.850087,389078.12
2024-01-02 20:29:00,49562.38,49613.42,49545.04,49594.83,8.498776,421495.31
2024-01-02 20:30:00,49557.72,49560.56,49555.77,49559.99,5.116365,253566.97
2024-01-02 20:31:00,49591.72,49616.27,49587.18,49589.09,1.704559,84527.54
2024-01-02 20:32:00,49595.9,49644.81,49587.94,49602.11,3.501925,173702.88
2024-01-02 20:33:00,49571.72,49591.19,49549.58,49575.17,0.099808,4948.01
2024-01-02 20:34:00,49493.04,49533.99,49486.19,49524.74,9.307929,460972.81
2024-01-02 20:35:00,49433.74,49443.4,49380.36,49426.61,7.795472,385303.77
2024-01-02 20:36:00,49457.05,49458.06,49426.36,49444.09,15.49961,766364.19
2024-01-02 20:37:00,49375.72,49377.13,49355.12,49365.85,5.980755,295245.07
2024-01-02 20:38:00,49391.4,49406.61,49356.21,49370.62,1.326806,65505.24
2024-01-02 20:39:00,49361.48,49369.43,49340.32,49357.45,25.564446,1261795.84
2024-01-02 20:40:00,49400.98,49414.93,49386.54,49391.41,22.05747,1089449.42
2024-01-02 20:41:00,49379.42,49397.8,49375.92,49376.3,9.351486,461741.82
2024-01-02 20:42:00,49373.58,49382.49,49343.66,49359.83,33.902068,1673400.36
2024-01-02 20:43:00,49364.88,49397.54,49341.94,49396.42,11.65298,575615.54
2024-01-02 20:44:00,49395.31,49421.77,49393.01,49413.18,6.776547,334850.72
2024-01-02 20:45:00,49460.72,49465.58,49425.08,49428.99,8.62817,426481.7
2024-01-02 20:46:00,49403.24,49462.87,49381.58,49452.45,13.302346,657833.58
2024-01-02 20:47:00,49372.87,49383.18,49371.25,49375.67,8.344001,411990.65
2024-01-02 20:48:00,49436.95,49456.96,49382.39,49413.51,27.472558,1357515.52
2024-01-02 20:49:00,49442.27,49452.58,49422.91,49444.13,15.629423,772783.25
2024-01-02 20:50:00,49385.2,49397.29,49382.58,49393.3,26.680716,1317848.58
2024-01-02 20:51:00,49383.68,49388.61,49376.54,49381.09,10.019169,494757.52
2024-01-02 20:52:00,49372.07,49388.52,49361.74,49379.13,31.461455,1553539.27
2024-01-02 20:53:00,49373.02,49379.87,49367.05,49372.4,22.929117,1132065.62
2024-01-02 20:54:00,49375.43,49389.53,49373.22,49389.1,1.175765,58069.99
2024-01-02 20:55:00,49482.84,49518.71,49458.41,49460.67,44.120316,2182220.22
2024-01-02 20:56:00,49543.22,49562.49,49499.59,49514.75,17.11873,847629.69
2024-01-02 20:57:00,49446.48,49457.94,49432.04,49449.14,3.950449,195346.33
2024-01-02 20:58:00,49452.52,49494.76,49444.71,49480.25,15.045717,744465.77
2024-01-02 20:59:00,49536.22,49548.83,49521.23,49546.69,33.926864,1680963.92
2024-01-02 21:00:00,49562.35,49577.4,49547.93,49566.03,18.903198,936956.57
2024-01-02 21:01:00,49630.69,49633.24,49607.26,49620.58,36.357195,1804065.2
2024-01-02 21:02:00,49701.04,49741.81,49697.5,49721.2,0.199269,9907.91
2024-01-02 21:03:00,49757.0,49787.49,49726.6,49772.38,24.167699,1202883.91
2024-01-02 21:04:00,49795.06,49815.2,49784.75,49784.85,2.284471,113732.05
2024-01-02 21:05:00,49855.88,49873.44,49815.97,49837.1,43.674466,2176608.81
2024-01-02 21:06:00,49831.91,49862.5,49821.91,49844.35,9.37674,467377.47
2024-01-02 21:07:00,49818.88,49855.0,49813.62,49845.54,16.576335,826256.38
2024-01-02 21:08:00,49893.65,49894.3,49817.5,49827.97,19.401528,966738.79
2024-01-02 21:09:00,49921.81,49930.91,49894.06,49906.14,36.0246,1797848.75
2024-01-02 21:10:00,49859.88,49893.55,49855.29,49865.22,33.765264,1683712.28
2024-01-02 21:11:00,49959.22,49974.38,49938.14,49941.84,11.870007,592809.99
2024-01-02 21:12:00,49964.34,49977.45,49955.51,49966.83,26.241506,1311204.92
2024-01-02 21:13:00,49914.21,49926.42,49895.72,49896.87,1.568638,78270.14
2024-01-02 21:14:00,49918.44,49921.6,49910.7,49915.25,21.820753,1089188.31
2024-01-02 21:15:00,49812.07,49824.33,49798.48,49810.25,17.256258,859538.49
2024-01-02 21:16:00,49839.25,49855.7,49820.63,49841.52,47.90532,2387674.1
2024-01-02 21:17:00,49856.84,49888.1,49836.33,49885.78,10.01211,499461.96
2024-01-02 21:18:00,49894.93,49905.76,49837.78,49856.17,14.156892,705808.36
2024-01-02 21:19:00,49843.51,49868.96,49823.29,49862.34,13.299895,663163.91
2024-01-02 21:20:00,49932.85,49967.36,49930.36,49960.05,9.41845,470546.25
2024-01-02 21:21:00,49930.51,49944.87,49913.53,49934.76,11.787492,588605.65
2024-01-02 21:22:00,49862.59,49894.8,49847.84,49881.82,34.153353,1703631.36
2024-01-02 21:23:00,49954.87,49976.33,49949.74,49955.9,17.082444,853368.91
2024-01-02 21:24:00,50067.79,50075.44,50020.98,50054.03,36.652524,1834606.56
2024-01-02 21:25:00,50074.12,50102.6,50050.69,50054.22,48.954193,2450363.74
2024-01-02 21:26:00,50121.08,50132.29,50088.16,50104.79,28.130922,1409493.92
2024-01-02 21:27:00,50165.75,50175.05,50144.02,50171.86,29.162853,1463154.64
2024-01-02 21:28:00,50135.73,50142.19,50113.8,50134.74,21.286377,1067186.94
2024-01-02 21:29:00,50118.63,50140.77,50096.31,50110.47,38.4688,1927689.76
2024-01-02 21:30:00,50136.86,50193.03,50112.8,50172.02,4.440019,222764.71
2024-01-02 21:31:00,50267.68,50285.59,50239.61,50256.27,17.685551,888809.79
2024-01-02 21:32:00,50255.27,50296.03,50253.78,50284.41,29.723199,1494613.56
2024-01-02 21:33:00,50281.23,50283.0,50222.85,50240.42,24.591263,1235475.43
2024-01-02 21:34:00,50331.68,50342.62,50322.65,50339.77,18.326044,922528.93
2024-01-02 21:35:00,50309.53,50317.28,50283.11,50313.23,22.346465,1124322.75
2024-01-02 21:36:00,50281.07,50306.04,50267.26,50296.47,28.992332,1458211.95
2024-01-02 21:37:00,50300.99,50333.01,50294.6,50313.59,13.570177,682764.28
2024-01-02 21:38:00,50436.78,50436.96,50390.58,50391.29,5.785839,291555.89
2024-01-02 21:39:00,50452.8,50471.84,50430.64,50433.99,6.218137,313605.47
2024-01-02 21:40:00,50423.75,50460.5,50411.86,50454.74,1.137716,57403.15
2024-01-02 21:41:00,50507.98,50509.91,50451.31,50477.9,34.129892,1722805.3
2024-01-02 21:42:00,50503.94,50517.41,50477.34,50480.08,6.755792,341032.92
2024-01-02 21:43:00,50502.36,50517.05,50496.67,50507.98,26.861915,1356741.17
2024-01-02 21:44:00,50387.64,50395.71,50366.63,50381.5,9.750659,491252.85
2024-01-02 21:45:00,50366.38,50367.03,50358.37,50366.67,22.120854,1114153.83
2024-01-02 21:46:00,50418.19,50431.29,50355.61,50378.74,3.942955,198641.11
2024-01-02 21:47:00,50305.26,50341.72,50287.87,50321.19,22.089873,1111588.7
2024-01-02 21:48:00,50343.43,50351.01,50318.24,50340.51,30.009222,1510679.4
2024-01-02 21:49:00,50321.72,50337.24,50320.45,50330.28,49.650838,2498940.72
2024-01-02 21:50:00,50389.4,50422.92,50367.57,50418.06,15.282171,770497.38
2024-01-02 21:51:00,50540.54,50570.56,50493.46,50496.71,30.093858,1519640.73
2024-01-02 21:52:00,50449.79,50476.36,50445.75,50473.42,24.219904,1222461.34
2024-01-02 21:53:00,50470.28,50481.6,50449.48,50465.88,20.520864,1035603.38
2024-01-02 21:54:00,50427.36,50472.96,50412.56,50462.18,33.805271,1705887.62
2024-01-02 21:55:00,50431.61,50457.3,50417.58,50439.59,9.912329,499973.87
2024-01-02 21:56:00,50457.79,50485.47,50445.42,50449.35,28.021817,1413682.33
2024-01-02 21:57:00,50394.94,50423.75,50384.99,50411.43,13.808153,696088.75
2024-01-02 21:58:00,50366.64,50382.89,50332.48,50354.9,4.741312,238748.32
2024-01-02 21:59:00,50380.66,50411.0,50379.91,50386.04,26.420311,1331214.75
2024-01-02 22:00:00,50440.71,50456.11,50411.46,50417.51,48.255952,2432945.08
2024-01-02 22:01:00,50404.53,50419.82,50358.85,50377.3,1.156823,58277.61
2024-01-02 22:02:00,50410.33,50433.65,50379.65,50422.07,8.245367,415748.42
2024-01-02 22:03:00,50392.02,50421.64,50358.76,50390.49,9.813709,494517.57
2024-01-02 22:04:00,50406.81,50431.71,50397.53,50403.14,13.104271,660496.46
2024-01-02 22:05:00,50456.55,50475.39,50440.05,50444.16,6.872013,346652.92
2024-01-02 22:06:00,50442.77,50449.66,50427.04,50442.48,33.169039,1673128.62
2024-01-02 22:07:00,50469.02,50472.63,50463.45,50465.22,38.394963,1937610.2
2024-01-02 22:08:00,50434.53,50452.8,50418.42,50439.4,25.759709,1299304.19
2024-01-02 22:09:00,50431.88,50449.26,50421.67,50429.57,30.935287,1560053.32
2024-01-02 22:10:00,50445.24,50467.89,50408.76,50419.28,4.096724,206553.89
2024-01-02 22:11:00,50394.87,50398.82,50376.1,50381.95,9.098638,458407.16
2024-01-02 22:12:00,50387.14,50395.92,50345.95,50373.11,18.736348,943808.15
2024-01-02 22:13:00,50310.14,50312.2,50272.13,50295.68,10.400405,523095.47
2024-01-02 22:14:00,50268.05,50275.47,50251.74,50271.12,49.983778,2512740.69
2024-01-02 22:15:00,50263.26,50277.25,50242.47,50256.88,28.43289,1428948.34
2024-01-02 22:16:00,50222.37,50259.02,50203.78,50244.07,22.391616,1125045.96
2024-01-02 22:17:00,50257.37,50261.35,50222.08,50232.0,22.061016,1108168.86
2024-01-02 22:18:00,50173.25,50239.35,50159.8,50228.91,5.239156,263157.08
2024-01-02 22:19:00,50251.14,50276.05,50238.05,50252.88,9.351543,469941.99
2024-01-02 22:20:00,50319.42,50348.64,50259.64,50296.61,3.214763,161691.68
2024-01-02 22:21:00,50236.84,50265.17,50234.89,50264.12,22.830224,1147541.09
2024-01-02 22:22:00,50211.95,50229.03,50200.48,50203.96,39.146656,1965317.08
2024-01-02 22:23:00,50138.24,50191.91,50104.57,50151.86,64.014579,3210449.93
2024-01-02 22:24:00,50120.12,50150.78,50112.82,50127.5,3.174313,159120.38
2024-01-02 22:25:00,50128.82,50139.71,50102.45,50109.9,2.785904,139601.35
2024-01-02 22:26:00,50075.36,50078.98,50053.39,50071.4,16.217167,812016.25
2024-01-02 22:27:00,49965.91,50013.21,49964.46,50006.59,11.922735,596215.37
2024-01-02 22:28:00,49964.26,49986.09,49957.53,49983.79,1.788888,89415.42
2024-01-02 22:29:00,50012.37,50015.31,49985.31,49992.86,34.175359,1708523.9
2024-01-02 22:30:00,50031.59,50055.4,50021.7,50022.61,73.860146,3694677.31
2024-01-02 22:31:00,50029.7,50035.47,49966.28,49994.74,4.456519,222802.52
2024-01-02 22:32:00,50007.74,50024.05,49968.33,49974.09,8.041068,401845.05
2024-01-02 22:33:00,49920.91,49954.96,49892.61,49927.75,13.359864,667028.02
2024-01-02 22:34:00,49976.25,49984.15,49913.08,49926.18,19.015789,949385.74
2024-01-02 22:35:00,49884.25,49913.08,49879.05,49883.76,16.884418,842258.29
2024-01-02 22:36:00,49893.16,49925.37,49867.53,49912.42,12.018516,599873.19
2024-01-02 22:37:00,49810.45,49842.98,49804.04,49823.12,1.113926,55499.26
2024-01-02 22:38:00,49760.01,49814.82,49745.04,49805.14,37.184094,1851959.11
2024-01-02 22:39:00,49852.34,49867.1,49813.58,49820.2,25.285221,1259714.7
2024-01-02 22:40:00,49861.29,49861.4,49800.78,49829.39,24.417276,1216697.99
2024-01-02 22:41:00,49943.73,49965.18,49941.08,49964.04,17.404773,869612.78
2024-01-02 22:42:00,49976.97,50005.8,49960.72,49981.53,6.212224,310496.45
2024-01-02 22:43:00,49933.24,49945.43,49912.9,49931.33,4.303365,214872.75
2024-01-02 22:44:00,49907.35,49959.63,49884.56,49926.56,20.3981,1018406.89
2024-01-02 22:45:00,49802.64,49841.32,49772.38,49837.74,18.463253,920166.87
2024-01-02 22:46:00,49829.51,49836.35,49824.89,49833.71,21.343823,1063641.95
2024-01-02 22:47:00,49785.64,49819.25,49776.09,49792.06,21.28868,1060007.23
2024-01-02 22:48:00,49830.06,49843.77,49812.78,49837.83,16.785563,836556.03
2024-01-02 22:49:00,49814.81,49816.18,49802.44,49810.35,3.826663,190607.44
2024-01-02 22:50:00,49833.11,49847.97,49792.14,49804.51,7.571944,377117.0
2024-01-02 22:51:00,49766.68,49778.75,49756.57,49772.74,24.568539,1222843.42
2024-01-02 22:52:00,49863.09,49874.29,49840.26,49859.68,13.545408,675369.69
2024-01-02 22:53:00,49858.15,49891.96,49820.92,49843.62,57.082468,2845196.68
2024-01-02 22:54:00,49946.33,49960.38,49915.64,49935.25,19.689643,983207.16
2024-01-02 22:55:00,49963.66,49990.14,49944.41,49975.95,4.055587,202681.85
2024-01-02 22:56:00,50001.98,50004.36,49997.05,50000.06,7.83429,391714.94
2024-01-02 22:57:00,50029.44,50038.6,50015.03,50018.49,13.438025,672149.78
2024-01-02 22:58:00,50015.62,50070.55,49994.34,50038.18,34.616964,1732169.95
2024-01-02 22:59:00,49967.07,49982.93,49920.64,49941.8,16.299706,814036.63
2024-01-02 23:00:00,49956.49,49977.5,49873.82,49927.85,16.642594,830929.0
2024-01-02 23:01:00,49955.66,49973.41,49953.04,49970.11,11.284369,563881.21
2024-01-02 23:02:00,49971.54,49983.64,49956.59,49967.67,25.580024,1278174.13
2024-01-02 23:03:00,49910.25,49921.44,49876.6,49897.41,8.707959,434504.61
2024-01-02 23:04:00,49883.88,49928.06,49880.94,49894.79,1.07819,53796.07
2024-01-02 23:05:00,49989.63,49989.8,49978.27,49979.99,12.508758,625187.64
2024-01-02 23:06:00,50045.6,50049.54,50034.8,50042.34,1.618909,81014.01
2024-01-02 23:07:00,50009.88,50056.23,49996.6,50039.24,5.846606,292559.72
2024-01-02 23:08:00,50095.99,50102.89,50082.73,50086.81,8.997294,450645.76
2024-01-02 23:09:00,50046.48,50094.23,50044.45,50068.48,30.200136,1512075.06
2024-01-02 23:10:00,50002.08,50042.17,49975.65,49983.29,27.901525,1394610.07
2024-01-02 23:11:00,49923.64,49945.09,49916.88,49937.07,24.148311,1205895.85
2024-01-02 23:12:00,50011.99,50033.9,50003.34,50015.21,19.724797,986539.9
2024-01-02 23:13:00,50028.96,50030.04,49989.55,50001.51,0.488719,24436.68
2024-01-02 23:14:00,49999.27,50004.16,49985.64,49989.34,32.417452,1620527.13
2024-01-02 23:15:00,49952.76,49983.44,49939.28,49974.35,24.718051,1235268.56
2024-01-02 23:16:00,50049.26,50079.9,50045.55,50069.56,18.675785,935088.33
2024-01-02 23:17:00,50138.87,50175.4,50123.13,50150.86,26.8259,1345341.85
2024-01-02 23:18:00,50269.69,50309.61,50261.44,50261.8,8.194169,411853.63
2024-01-02 23:19:00,50261.01,50272.1,50247.29,50253.84,4.445835,223420.31
2024-01-02 23:20:00,50251.76,50295.94,50236.92,50268.62,9.25882,465428.12
2024-01-02 23:21:00,50169.45,50201.18,50158.12,50192.79,5.151901,258588.28
2024-01-02 23:22:00,50272.27,50296.43,50258.26,50266.64,20.285213,1019669.49
2024-01-02 23:23:00,50204.61,50220.46,50194.19,50208.25,28.914673,1451755.14
2024-01-02 23:24:00,50262.23,50286.33,50209.41,50219.09,18.933796,950837.97
2024-01-02 23:25:00,50164.96,50168.34,50158.15,50164.22,17.742711,890049.33
2024-01-02 23:26:00,50171.07,50180.21,50125.86,50134.78,25.206351,1263714.88
2024-01-02 23:27:00,50069.51,50094.65,50053.75,50092.92,27.517786,1378446.19
2024-01-02 23:28:00,50031.06,50067.48,50029.69,50062.52,5.565474,278621.68
2024-01-02 23:29:00,50013.17,50045.51,49992.09,50035.57,20.759866,1038731.65
2024-01-02 23:30:00,50031.94,50046.48,49998.11,50008.15,15.557733,778013.51
2024-01-02 23:31:00,50084.94,50100.66,50047.43,50049.82,28.487714,1425804.98
2024-01-02 23:32:00,49978.93,50002.24,49978.03,49994.58,21.617969,1080781.23
2024-01-02 23:33:00,49996.39,50009.29,49977.14,50005.6,11.376642,568895.84
2024-01-02 23:34:00,50043.12,50078.42,50040.19,50066.5,32.566714,1630501.45
2024-01-02 23:35:00,50004.61,50070.29,49986.71,50040.84,7.670838,383855.2
2024-01-02 23:36:00,50019.32,50022.47,49997.72,50004.95,40.422686,2021334.26
2024-01-02 23:37:00,49997.88,49998.67,49986.97,49993.42,36.676778,1833597.61
2024-01-02 23:38:00,50052.62,50055.81,50044.61,50052.41,6.345749,317620.01
2024-01-02 23:39:00,50034.11,50063.43,50011.05,50062.11,2.645206,132424.6
2024-01-02 23:40:00,50068.35,50074.83,50020.15,50035.55,3.01328,150771.13
2024-01-02 23:41:00,50049.68,50068.36,50045.8,50059.75,12.697099,635613.52
2024-01-02 23:42:00,50015.3,50032.25,50003.33,50004.63,13.470069,673565.84
2024-01-02 23:43:00,50009.61,50045.8,49998.58,50038.7,17.167421,859035.42
2024-01-02 23:44:00,50055.32,50061.39,50030.56,50059.13,35.429895,1773589.7
2024-01-02 23:45:00,50049.57,50060.03,50035.76,50043.74,9.576941,479265.91
2024-01-02 23:46:00,50008.35,50020.58,49996.24,50001.81,50.777699,2538976.81
2024-01-02 23:47:00,49960.57,49963.67,49953.08,49957.48,29.810359,1489250.27
2024-01-02 23:48:00,49994.11,50005.44,49978.89,49984.22,6.316742,315737.42
2024-01-02 23:49:00,50023.05,50046.52,50012.28,50045.67,5.715852,286053.61
2024-01-02 23:50:00,50017.75,50027.18,49991.25,50013.8,6.958675,348029.78
2024-01-02 23:51:00,50038.99,50047.27,50035.99,50036.72,35.136025,1758091.41
2024-01-02 23:52:00,49937.0,49944.31,49920.42,49932.37,7.768058,387877.5
2024-01-02 23:53:00,49904.58,49905.97,49883.32,49903.14,28.925064,1443451.42
2024-01-02 23:54:00,49876.12,49916.97,49873.87,49901.58,0.685661,34215.57
2024-01-02 23:55:00,49829.74,49874.67,49821.31,49856.1,3.356687,167351.31
2024-01-02 23:56:00,49764.99,49820.33,49761.26,49809.27,34.61826,1724310.42
2024-01-02 23:57:00,49792.24,49801.05,49772.87,49775.89,14.909735,742145.24
2024-01-02 23:58:00,49807.05,49822.92,49777.13,49790.5,13.720253,683138.17
2024-01-02 23:59:00,49798.0,49806.16,49763.46,49781.13,8.33801,415075.53
2024-01-03 00:00:00,49675.35,49704.66,49668.99,49669.22,2.743199,136252.54
2024-01-03 00:01:00,49520.52,49567.41,49511.96,49563.18,11.480319,569001.16
2024-01-03 00:02:00,49512.3,49564.74,49483.12,49532.84,27.812544,1377634.24
2024-01-03 00:03:00,49559.13,49560.93,49548.24,49555.72,4.370802,216598.25
2024-01-03 00:04:00,49421.06,49424.94,49390.72,49418.35,11.085431,547823.7
2024-01-03 00:05:00,49388.91,49394.47,49381.72,49393.36,21.728125,1073225.14
2024-01-03 00:06:00,49374.43,49375.81,49343.98,49367.05,15.770033,778519.99
2024-01-03 00:07:00,49436.7,49448.3,49426.96,49436.47,12.900002,637730.52
2024-01-03 00:08:00,49419.63,49436.86,49410.35,49417.21,6.483839,320413.28
2024-01-03 00:09:00,49423.58,49443.88,49409.08,49436.36,12.244905,605343.6
2024-01-03 00:10:00,49463.07,49478.89,49434.07,49443.43,13.15695,650524.71
2024-01-03 00:11:00,49328.28,49373.57,49326.87,49336.9,9.23831,455789.58
2024-01-03 00:12:00,49348.7,49381.81,49329.76,49375.31,25.888822,1278268.6
2024-01-03 00:13:00,49370.66,49391.37,49353.31,49386.08,7.409205,365911.59
2024-01-03 00:14:00,49404.52,49423.06,49366.87,49411.49,22.97224,1135092.69
2024-01-03 00:15:00,49627.68,49644.57,49584.23,49607.8,9.715443,481961.78
2024-01-03 00:16:00,49502.75,49515.82,49481.7,49503.6,12.823963,634832.3
2024-01-03 00:17:00,49586.11,49602.99,49579.09,49589.83,43.577462,2160999.11
2024-01-03 00:18:00,49550.49,49588.99,49545.49,49575.46,7.010626,347555.02
2024-01-03 00:19:00,49605.54,49619.82,49585.78,49589.83,28.264325,1401623.01
2024-01-03 00:20:00,49574.51,49593.3,49556.43,49587.55,18.238408,904398.01
2024-01-03 00:21:00,49564.34,49577.72,49563.78,49566.34,4.339435,215089.89
2024-01-03 00:22:00,49567.45,49580.69,49513.68,49537.85,36.047218,1785701.61
2024-01-03 00:23:00,49564.5,49592.67,49547.18,49554.32,21.292457,1055133.31
2024-01-03 00:24:00,49445.9,49491.59,49412.39,49478.47,55.506309,2746366.97
2024-01-03 00:25:00,49480.6,49526.31,49471.01,49515.99,14.050776,695738.13
2024-01-03 00:26:00,49493.9,49526.85,49491.37,49495.18,6.378697,315714.79
2024-01-03 00:27:00,49414.43,49445.12,49412.63,49438.68,17.038975,842384.43
2024-01-03 00:28:00,49429.15,49463.29,49401.38,49416.18,32.182714,1590346.8
2024-01-03 00:29:00,49479.88,49492.33,49472.95,49479.04,6.511208,322168.33
2024-01-03 00:30:00,49455.58,49476.47,49438.47,49452.27,3.640577,180034.79
2024-01-03 00:31:00,49456.06,49473.4,49448.47,49470.19,14.982601,741192.18
2024-01-03 00:32:00,49468.47,49481.43,49427.14,49433.65,19.260416,952112.58
2024-01-03 00:33:00,49528.39,49564.78,49421.02,49471.54,6.031249,298375.18
2024-01-03 00:34:00,49500.25,49515.48,49490.23,49505.82,18.046795,893421.32
2024-01-03 00:35:00,49605.31,49622.9,49579.98,49598.25,27.070984,1342673.4
2024-01-03 00:36:00,49591.42,49597.4,49584.56,49589.47,13.466155,667779.47
2024-01-03 00:37:00,49617.71,49623.83,49606.53,49622.9,3.829504,190031.08
2024-01-03 00:38:00,49611.16,49630.4,49588.12,49627.81,9.581261,475496.96
2024-01-03 00:39:00,49670.9,49696.07,49654.56,49692.6,45.124792,2242368.19
2024-01-03 00:40:00,49633.95,49674.3,49632.08,49656.66,16.661404,827349.65
2024-01-03 00:41:00,49702.01,49712.33,49672.11,49693.91,34.804714,1729582.26
2024-01-03 00:42:00,49673.78,49690.42,49660.24,49684.17,0.286776,14248.24
2024-01-03 00:43:00,49629.4,49682.67,49602.21,49680.96,15.252819,757774.77
2024-01-03 00:44:00,49694.45,49702.8,49685.12,49685.55,25.886301,1286175.13
2024-01-03 00:45:00,49697.4,49711.2,49688.59,49698.16,39.955154,1985697.75
2024-01-03 00:46:00,49719.29,49730.68,49682.29,49692.35,34.551775,1716958.94
2024-01-03 00:47:00,49710.55,49716.11,49686.06,49703.09,12.385346,615589.94
2024-01-03 00:48:00,49752.42,49790.08,49728.05,49781.99,33.037048,1644650.09
2024-01-03 00:49:00,49786.67,49838.86,49781.99,49831.27,43.720005,2178623.19
2024-01-03 00:50:00,49860.33,49881.52,49852.59,49874.72,1.49789,74706.83
2024-01-03 00:51:00,49839.44,49852.89,49832.46,49851.95,7.88934,393298.94
2024-01-03 00:52:00,49826.35,49840.97,49783.9,49807.48,9.511308,473734.31
2024-01-03 00:53:00,49855.07,49864.31,49849.47,49855.25,13.589954,677530.55
2024-01-03 00:54:00,49921.73,49939.31,49871.38,49899.05,2.998617,149628.13
2024-01-03 00:55:00,49946.19,49974.86,49928.24,49972.69,13.734696,686359.67
2024-01-03 00:56:00,49961.79,49982.24,49939.56,49942.49,39.44812,1970137.22
2024-01-03 00:57:00,49945.43,49949.59,49926.78,49931.01,7.199214,359464.02
2024-01-03 00:58:00,49808.67,49853.24,49797.16,49849.03,0.138551,6906.66
2024-01-03 00:59:00,49855.86,49892.82,49810.46,49829.41,12.182509,607047.26
2024-01-03 01:00:00,49881.11,49889.07,49878.89,49879.24,19.449602,970131.36
2024-01-03 01:01:00,49863.76,49866.5,49838.27,49855.92,20.977882,1045871.51
2024-01-03 01:02:00,49870.64,49905.67,49862.36,49887.94,1.366286,68161.19
2024-01-03 01:03:00,49903.92,49907.15,49868.58,49878.41,26.512604,1322406.62
2024-01-03 01:04:00,49870.9,49905.65,49867.4,49894.62,13.76007,686553.43
2024-01-03 01:05:00,49853.87,49871.72,49827.98,49837.23,31.187919,1554319.57
2024-01-03 01:06:00,49857.9,49859.88,49830.86,49841.49,37.78967,1883493.57
2024-01-03 01:07:00,49672.45,49691.95,49659.16,49691.94,25.948187,1289415.66
2024-01-03 01:08:00,49722.26,49745.86,49680.22,49682.59,13.820277,686627.15
2024-01-03 01:09:00,49605.7,49624.29,49595.34,49601.07,13.283881,658894.69
2024-01-03 01:10:00,49674.45,49676.63,49639.76,49661.37,23.468325,1165469.08
2024-01-03 01:11:00,49669.7,49715.32,49664.35,49700.24,56.526377,2809374.37
2024-01-03 01:12:00,49765.93,49777.02,49722.5,49723.57,27.610484,1372891.86
2024-01-03 01:13:00,49775.13,49832.32,49773.89,49799.62,15.923351,792976.86
2024-01-03 01:14:00,49772.67,49779.11,49750.16,49752.18,14.54202,723497.15
2024-01-03 01:15:00,49819.65,49853.17,49814.96,49839.54,13.290381,662386.51
2024-01-03 01:16:00,49873.77,49892.72,49853.32,49886.15,25.466243,1270412.93
2024-01-03 01:17:00,49890.1,49900.87,49865.15,49874.33,7.696318,383848.65
2024-01-03 01:18:00,49951.66,49957.9,49920.79,49931.11,0.45571,22754.11
2024-01-03 01:19:00,49850.37,49905.94,49831.09,49875.79,21.072916,1051028.36
2024-01-03 01:20:00,49856.38,49867.11,49826.07,49834.57,9.761151,486442.74
2024-01-03 01:21:00,49825.04,49826.88,49800.9,49804.14,27.359274,1362605.01
2024-01-03 01:22:00,49758.93,49781.77,49750.05,49777.69,1.288731,64150.06
2024-01-03 01:23:00,49756.83,49760.86,49699.67,49724.86,32.449261,1613534.95
2024-01-03 01:24:00,49756.88,49786.23,49753.9,49786.01,0.904921,45052.39
2024-01-03 01:25:00,49760.58,49782.87,49743.85,49773.07,8.857505,440865.23
2024-01-03 01:26:00,49800.28,49801.06,49789.77,49790.7,21.049877,1048088.05
2024-01-03 01:27:00,49745.11,49782.6,49722.88,49762.18,18.741024,932594.19
2024-01-03 01:28:00,49676.43,49685.06,49669.51,49671.15,15.809011,785251.75
2024-01-03 01:29:00,49689.47,49696.95,49673.31,49684.65,12.441881,618170.51
2024-01-03 01:30:00,49585.3,49592.12,49546.0,49589.04,0.680101,33725.54
2024-01-03 01:31:00,49602.26,49618.38,49584.39,49585.61,2.795575,138620.27
2024-01-03 01:32:00,49512.62,49517.65,49504.86,49517.19,9.964642,493421.08
2024-01-03 01:33:00,49621.19,49637.86,49598.89,49616.56,8.98186,445648.95
2024-01-03 01:34:00,49685.05,49706.16,49635.77,49662.12,72.648694,3607888.41
2024-01-03 01:35:00,49683.22,49691.96,49657.65,49667.41,47.128846,2340767.79
2024-01-03 01:36:00,49746.32,49757.54,49716.59,49730.6,9.974114,496018.62
2024-01-03 01:37:00,49665.3,49690.24,49646.03,49688.28,11.318887,562416.02
2024-01-03 01:38:00,49725.95,49744.53,49691.13,49715.45,3.720288,184955.81
2024-01-03 01:39:00,49707.88,49747.91,49688.86,49725.45,12.840533,638501.23
2024-01-03 01:40:00,49713.02,49744.53,49707.51,49738.65,28.326182,1408905.95
2024-01-03 01:41:00,49800.83,49807.41,49790.6,49802.26,7.413551,369211.62
2024-01-03 01:42:00,49820.8,49851.87,49812.09,49838.89,4.244621,211547.22
2024-01-03 01:43:00,49869.14,49882.23,49831.27,49853.32,33.129681,1651624.75
2024-01-03 01:44:00,49786.87,49792.52,49768.31,49770.58,14.680645,730664.22
2024-01-03 01:45:00,49684.53,49733.24,49673.33,49722.58,13.786077,685479.3
2024-01-03 01:46:00,49699.88,49725.53,49692.53,49716.44,19.722061,980510.71
2024-01-03 01:47:00,49691.92,49723.49,49678.46,49721.11,10.521463,523138.84
2024-01-03 01:48:00,49655.35,49677.95,49626.55,49664.6,24.895776,1236438.76
2024-01-03 01:49:00,49794.29,49804.98,49740.23,49785.18,3.587829,178620.71
2024-01-03 01:50:00,49856.16,49867.55,49842.75,49861.0,27.531234,1372734.99
2024-01-03 01:51:00,49879.32,49905.2,49875.19,49891.11,4.453809,222205.48
2024-01-03 01:52:00,49920.72,49928.02,49894.44,49894.71,6.595419,329076.55
2024-01-03 01:53:00,49838.0,49892.27,49818.42,49884.1,15.247315,760598.64
2024-01-03 01:54:00,49861.24,49884.97,49810.86,49836.51,21.001734,1046653.05
2024-01-03 01:55:00,49829.49,49859.26,49819.98,49840.38,20.936254,1043470.83
2024-01-03 01:56:00,49851.71,49858.6,49846.28,49853.27,1.75875,87679.42
2024-01-03 01:57:00,49780.63,49803.64,49771.85,49791.18,12.668157,630762.47
2024-01-03 01:58:00,49838.75,49840.17,49794.39,49807.89,3.144202,156606.06
2024-01-03 01:59:00,49775.51,49818.7,49761.19,49800.13,1.916188,95426.39
2024-01-03 02:00:00,49704.97,49737.95,49696.94,49704.74,4.454123,221390.99
2024-01-03 02:01:00,49672.26,49677.41,49651.17,49661.72,14.375732,713923.54
2024-01-03 02:02:00,49608.82,49644.54,49603.16,49641.04,2.735217,135778.99
2024-01-03 02:03:00,49717.02,49750.07,49712.11,49735.42,23.151188,1151434.06
2024-01-03 02:04:00,49760.28,49775.88,49750.63,49763.25,1.319097,65642.53
2024-01-03 02:05:00,49678.74,49734.26,49666.31,49696.47,13.338418,662872.32
2024-01-03 02:06:00,49704.46,49720.82,49699.15,49720.78,32.342361,1608087.27
2024-01-03 02:07:00,49636.41,49649.33,49629.16,49643.41,21.996083,1091960.54
2024-01-03 02:08:00,49710.54,49716.49,49694.14,49697.54,15.525597,771584.06
2024-01-03 02:09:00,49667.13,49676.89,49657.89,49673.99,18.959198,941778.96
2024-01-03 02:10:00,49690.88,49692.15,49666.28,49669.31,30.95339,1537433.43
2024-01-03 02:11:00,49715.64,49748.54,49691.7,49735.6,1.643985,81764.58
2024-01-03 02:12:00,49646.2,49682.26,49624.88,49671.24,21.712483,1078485.91
2024-01-03 02:13:00,49639.91,49664.73,49573.09,49601.38,1.186088,58831.62
2024-01-03 02:14:00,49559.04,49584.92,49557.55,49572.2,13.761114,682168.74
2024-01-03 02:15:00,49597.9,49645.08,49595.2,49624.12,21.84816,1084195.74
2024-01-03 02:16:00,49513.31,49548.45,49499.01,49548.15,0.414926,20558.82
2024-01-03 02:17:00,49428.05,49428.48,49375.54,49406.55,30.709769,1517263.63
2024-01-03 02:18:00,49377.16,49401.55,49356.46,49383.99,15.528168,766842.89
2024-01-03 02:19:00,49406.5,49430.01,49378.64,49411.58,17.198419,849800.96
2024-01-03 02:20:00,49468.4,49479.66,49452.08,49471.59,49.813494,2464352.66
2024-01-03 02:21:00,49468.69,49500.9,49416.9,49448.43,9.561072,472779.99
2024-01-03 02:22:00,49424.27,49448.48,49412.81,49427.86,36.257546,1792132.87
2024-01-03 02:23:00,49532.44,49536.19,49460.86,49485.55,11.139103,551224.7
2024-01-03 02:24:00,49394.74,49401.69,49368.93,49392.07,2.952776,145843.71
2024-01-03 02:25:00,49393.88,49413.71,49351.52,49372.64,36.805689,1817194.07
2024-01-03 02:26:00,49398.27,49416.72,49366.92,49382.16,17.392949,858901.41
2024-01-03 02:27:00,49403.89,49410.84,49376.96,49404.62,7.872494,388937.62
2024-01-03 02:28:00,49367.39,49395.74,49366.95,49379.13,21.98202,1085453.1
2024-01-03 02:29:00,49387.49,49389.05,49359.06,49380.85,0.046322,2287.42
2024-01-03 02:30:00,49266.64,49297.28,49244.01,49256.44,50.43626,2484310.54
2024-01-03 02:31:00,49212.07,49228.74,49196.27,49223.53,45.864033,2257589.42
2024-01-03 02:32:00,49249.53,49263.95,49244.11,49246.2,36.067415,1776183.17
2024-01-03 02:33:00,49221.81,49227.54,49179.23,49197.09,21.824216,1073687.86
2024-01-03 02:34:00,49241.43,49259.82,49185.31,49200.04,4.865963,239405.56
2024-01-03 02:35:00,49239.47,49265.27,49210.85,49222.38,22.937731,1129049.71
2024-01-03 02:36:00,49242.51,49263.56,49199.29,49205.25,16.874932,830335.3
2024-01-03 02:37:00,49201.19,49216.24,49177.82,49213.78,38.824678,1910708.96
2024-01-03 02:38:00,49179.68,49193.14,49140.76,49165.64,30.613846,1505149.29
2024-01-03 02:39:00,49182.08,49188.47,49141.69,49155.31,18.275046,898315.51
2024-01-03 02:40:00,49167.89,49190.25,49164.79,49185.82,6.373788,313499.96
2024-01-03 02:41:00,49183.96,49199.42,49181.25,49193.67,13.247921,651713.83
2024-01-03 02:42:00,49199.1,49214.69,49156.63,49164.34,24.386366,1198939.6
2024-01-03 02:43:00,49156.05,49191.1,49144.48,49175.55,9.761038,480004.41
2024-01-03 02:44:00,49184.46,49226.45,49166.83,49211.28,25.727444,1266080.5
2024-01-03 02:45:00,49139.34,49148.61,49082.02,49108.79,8.58468,421583.21
2024-01-03 02:46:00,49190.67,49198.29,49148.26,49166.74,22.235446,1093244.35
2024-01-03 02:47:00,49158.57,49174.87,49144.35,49149.93,17.357303,853110.15
2024-01-03 02:48:00,49170.29,49172.94,49161.74,49171.2,9.480169,466151.29
2024-01-03 02:49:00,49222.29,49246.96,49215.02,49231.06,33.002453,1624745.82
2024-01-03 02:50:00,49168.12,49183.47,49145.05,49162.48,38.221746,1879075.81
2024-01-03 02:51:00,49158.6,49175.46,49117.22,49127.01,13.460793,661288.46
2024-01-03 02:52:00,49117.35,49125.57,49107.66,49112.58,8.017297,393750.16
2024-01-03 02:53:00,49116.73,49117.94,49069.84,49073.39,37.360686,1833415.6
2024-01-03 02:54:00,49142.18,49168.55,49137.65,49160.14,7.981432,392368.33
2024-01-03 02:55:00,49116.91,49118.84,49102.5,49117.3,32.890543,1615494.69
2024-01-03 02:56:00,49082.06,49105.72,49066.15,49089.52,7.867134,386193.83
2024-01-03 02:57:00,49078.04,49117.63,49058.65,49099.74,10.799971,530275.82
2024-01-03 02:58:00,49036.57,49045.82,49025.18,49039.64,12.094367,593103.37
2024-01-03 02:59:00,49028.2,49039.47,49014.27,49019.85,14.985651,734594.39
2024-01-03 03:00:00,49046.21,49046.79,49034.83,49035.72,29.562589,1449622.95
2024-01-03 03:01:00,49062.49,49072.76,48995.55,49019.08,44.456382,2179210.95
2024-01-03 03:02:00,49023.7,49050.22,48995.19,49014.41,12.11425,593772.85
2024-01-03 03:03:00,49010.95,49026.77,48958.04,48987.94,6.67617,327051.84
2024-01-03 03:04:00,48913.54,48938.11,48900.51,48912.22,30.452832,1489515.63
2024-01-03 03:05:00,48961.86,48965.56,48915.25,48928.3,16.7473,819416.93
2024-01-03 03:06:00,49064.02,49067.2,49014.03,49016.05,37.966452,1860965.4
2024-01-03 03:07:00,49027.59,49031.83,49010.86,49016.97,29.873447,1464305.78
2024-01-03 03:08:00,49008.38,49029.01,49006.24,49028.23,16.738085,820638.71
2024-01-03 03:09:00,49051.89,49069.31,49046.05,49062.87,9.765593,479128.01
2024-01-03 03:10:00,49005.04,49012.94,48980.39,48999.4,1.170272,57342.61
2024-01-03 03:11:00,49093.66,49095.17,49083.17,49084.53,2.813172,138083.19
2024-01-03 03:12:00,49108.61,49126.18,49076.41,49094.64,10.938751,537034.07
2024-01-03 03:13:00,49185.44,49189.25,49159.74,49176.24,27.872551,1370667.12
2024-01-03 03:14:00,49139.72,49176.6,49135.88,49139.58,10.626422,522177.97
2024-01-03 03:15:00,49217.76,49236.69,49172.72,49230.49,38.197895,1880500.98
2024-01-03 03:16:00,49277.27,49298.41,49254.61,49269.24,40.680018,2004273.74
2024-01-03 03:17:00,49334.0,49335.44,49292.17,49296.9,40.497419,1996397.1
2024-01-03 03:18:00,49329.0,49346.92,49272.53,49308.6,8.883052,438010.83
2024-01-03 03:19:00,49306.87,49306.91,49288.91,49296.17,0.435643,21475.51
2024-01-03 03:20:00,49376.79,49385.46,49349.37,49356.2,9.32605,460298.35
2024-01-03 03:21:00,49355.79,49385.76,49327.66,49363.22,32.506443,1604622.59
2024-01-03 03:22:00,49254.7,49287.98,49240.43,49264.86,31.307269,1542348.29
2024-01-03 03:23:00,49194.05,49223.64,49189.41,49209.0,41.904154,2062061.63
2024-01-03 03:24:00,49197.21,49201.68,49189.94,49199.71,16.116985,792951.03
2024-01-03 03:25:00,49206.77,49221.97,49184.0,49215.21,37.360249,1838692.53
2024-01-03 03:26:00,49236.55,49247.94,49188.84,49212.38,9.618635,473355.93
2024-01-03 03:27:00,49263.82,49276.87,49255.04,49273.33,0.580074,28582.16
2024-01-03 03:28:00,49159.72,49186.54,49146.58,49175.77,6.738397,331365.87
2024-01-03 03:29:00,49221.81,49236.69,49176.29,49182.95,26.985113,1327207.57
2024-01-03 03:30:00,49083.03,49101.55,49069.1,49092.06,2.945722,144611.54
2024-01-03 03:31:00,49133.11,49147.27,49128.35,49130.04,9.809907,481961.13
2024-01-03 03:32:00,49134.34,49156.63,49113.44,49125.32,8.647357,424804.16
2024-01-03 03:33:00,49123.56,49146.82,49117.43,49146.3,11.474438,563926.15
2024-01-03 03:34:00,49127.81,49169.62,49090.92,49103.1,29.194608,1433545.9
2024-01-03 03:35:00,49179.82,49182.81,49166.72,49167.08,7.557534,371581.85
2024-01-03 03:36:00,49250.33,49250.82,49215.64,49219.16,22.79873,1122134.44
2024-01-03 03:37:00,49234.76,49251.83,49219.52,49248.34,11.129725,548120.49
2024-01-03 03:38:00,49243.85,49248.89,49239.18,49241.87,10.946395,539020.89
2024-01-03 03:39:00,49271.65,49278.8,49246.74,49270.86,2.991843,147410.67
2024-01-03 03:40:00,49240.79,49253.37,49224.15,49235.51,25.468144,1253937.16
2024-01-03 03:41:00,49249.2,49295.79,49237.49,49278.29,23.418356,1154016.58
2024-01-03 03:42:00,49362.98,49381.53,49347.21,49360.77,7.331303,361878.74
2024-01-03 03:43:00,49385.77,49437.55,49382.18,49414.3,14.053566,694447.06
2024-01-03 03:44:00,49384.98,49398.68,49377.78,49377.82,24.859523,1227508.95
2024-01-03 03:45:00,49353.31,49409.59,49333.43,49395.89,20.830384,1028935.3
2024-01-03 03:46:00,49294.2,49337.39,49292.75,49331.23,3.867267,190777.01
2024-01-03 03:47:00,49376.22,49394.03,49351.37,49359.85,33.314157,1644381.75
2024-01-03 03:48:00,49371.44,49389.77,49349.46,49382.38,27.282756,1347287.42
2024-01-03 03:49:00,49269.13,49305.43,49261.31,49288.89,52.22478,2574101.37
2024-01-03 03:50:00,49256.22,49267.28,49222.29,49230.8,21.391388,1053115.15
2024-01-03 03:51:00,49223.19,49252.9,49200.3,49216.64,24.039713,1183153.94
2024-01-03 03:52:00,49219.04,49221.6,49196.86,49201.6,33.041791,1625708.96
2024-01-03 03:53:00,49137.8,49150.29,49121.48,49141.13,30.103342,1479312.11
2024-01-03 03:54:00,49214.17,49214.94,49133.65,49160.57,4.945739,243135.36
2024-01-03 03:55:00,49161.06,49175.41,49154.46,49173.15,17.263132,848882.54
2024-01-03 03:56:00,49198.32,49200.37,49160.9,49163.43,40.793092,2005528.52
2024-01-03 03:57:00,49124.42,49126.0,49116.9,49125.64,0.365118,17936.65
2024-01-03 03:58:00,49144.99,49192.06,49131.33,49178.08,4.091102,201192.56
2024-01-03 03:59:00,49270.51,49274.74,49243.85,49260.85,51.330976,2528607.54
2024-01-03 04:00:00,49242.97,49264.1,49219.33,49236.67,15.462284,761311.41
2024-01-03 04:01:00,49185.04,49216.82,49171.38,49206.06,26.377759,1297945.71
2024-01-03 04:02:00,49212.18,49232.41,49203.07,49230.62,5.075753,249882.5
2024-01-03 04:03:00,49212.23,49246.62,49199.34,49212.72,5.514656,271391.26
2024-01-03 04:04:00,49212.75,49224.28,49203.45,49205.75,13.353055,657047.11
2024-01-03 04:05:00,49193.32,49273.53,49178.45,49242.74,23.527496,1158558.27
2024-01-03 04:06:00,49168.33,49178.37,49142.63,49147.27,29.004014,1425468.06
2024-01-03 04:07:00,49203.29,49232.58,49199.06,49213.18,31.629463,1556586.58
2024-01-03 04:08:00,49190.18,49222.89,49184.9,49216.82,4.131752,203351.68
2024-01-03 04:09:00,49215.06,49222.85,49189.23,49196.24,12.870539,633182.15
2024-01-03 04:10:00,49191.31,49224.75,49189.6,49191.78,3.147122,154812.54
2024-01-03 04:11:00,49214.23,49215.97,49180.42,49189.9,16.949573,833747.85
2024-01-03 04:12:00,49112.1,49141.84,49093.45,49103.34,5.887237,289083.02
2024-01-03 04:13:00,49178.06,49192.39,49168.29,49178.09,62.630776,3080061.9
2024-01-03 04:14:00,49177.1,49183.63,49164.25,49180.16,26.543596,1305418.2
2024-01-03 04:15:00,49211.96,49213.01,49191.82,49202.31,5.190538,255386.43
2024-01-03 04:16:00,49241.61,49258.25,49230.35,49249.88,27.104017,1334869.67
2024-01-03 04:17:00,49181.77,49232.21,49174.8,49198.82,8.092934,398162.85
2024-01-03 04:18:00,49234.7,49234.79,49204.9,49222.5,24.661423,1213896.85
2024-01-03 04:19:00,49206.23,49215.26,49172.15,49209.12,19.922073,980347.62
2024-01-03 04:20:00,49252.13,49270.45,49238.65,49251.46,15.11137,744256.98
2024-01-03 04:21:00,49166.88,49177.79,49115.46,49145.09,15.257041,749808.7
2024-01-03 04:22:00,49137.86,49164.54,49128.53,49140.14,19.374779,952079.33
2024-01-03 04:23:00,49110.3,49129.24,49098.99,49110.0,10.16563,499234.04
2024-01-03 04:24:00,49119.62,49138.35,49100.32,49131.61,20.952661,1029438.0
2024-01-03 04:25:00,49163.73,49186.94,49141.21,49155.11,24.521038,1205334.42
2024-01-03 04:26:00,49126.73,49127.56,49109.73,49119.73,20.523174,1008092.82
2024-01-03 04:27:00,49102.14,49117.66,49081.57,49084.12,5.418194,265947.3
2024-01-03 04:28:00,49067.01,49096.8,49055.02,49078.59,37.833653,1856822.32
2024-01-03 04:29:00,49024.6,49054.42,49011.48,49033.76,13.397779,656943.45
2024-01-03 04:30:00,49091.7,49114.39,49064.0,49075.86,17.37508,852696.93
2024-01-03 04:31:00,49062.44,49074.31,49051.99,49057.4,22.494715,1103532.15
2024-01-03 04:32:00,48893.92,48926.19,48889.66,48912.05,21.782393,1065421.45
2024-01-03 04:33:00,48919.44,48940.09,48868.35,48893.31,9.574337,468120.98
2024-01-03 04:34:00,48807.41,48848.74,48789.93,48841.38,8.028434,392119.8
2024-01-03 04:35:00,48775.5,48792.94,48751.87,48759.82,63.681156,3105081.42
2024-01-03 04:36:00,48672.64,48704.62,48653.67,48697.94,4.147306,201965.26
2024-01-03 04:37:00,48741.13,48751.05,48690.84,48703.41,16.62093,809496.05
2024-01-03 04:38:00,48738.95,48779.86,48729.15,48769.85,18.802783,917008.85
2024-01-03 04:39:00,48808.55,48812.62,48780.47,48785.51,0.659009,32150.1
2024-01-03 04:40:00,48753.55,48759.0,48737.65,48755.18,1.486221,72460.96
2024-01-03 04:41:00,48770.64,48787.73,48760.46,48777.98,39.764654,1939639.34
2024-01-03 04:42:00,48758.73,48783.85,48745.32,48755.02,4.77955,233027.07
2024-01-03 04:43:00,48732.93,48750.09,48719.77,48720.29,18.248597,889076.95
2024-01-03 04:44:00,48644.48,48678.82,48644.19,48662.57,27.917078,1358516.85
2024-01-03 04:45:00,48558.67,48586.89,48555.91,48574.98,5.717148,277710.37
2024-01-03 04:46:00,48568.48,48576.27,48545.56,48555.49,8.122321,394383.26
2024-01-03 04:47:00,48529.24,48582.05,48525.6,48563.39,29.138103,1415045.0
2024-01-03 04:48:00,48546.87,48568.06,48535.75,48558.56,7.253011,352195.73
2024-01-03 04:49:00,48598.57,48600.29,48509.87,48537.76,31.544165,1531083.08
2024-01-03 04:50:00,48471.11,48509.42,48469.57,48490.47,40.077667,1943384.95
2024-01-03 04:51:00,48543.84,48555.95,48518.53,48520.88,9.50951,461409.81
2024-01-03 04:52:00,48443.31,48463.28,48432.65,48455.03,14.309535,693368.91
2024-01-03 04:53:00,48504.01,48529.27,48492.89,48493.83,16.355566,793144.02
2024-01-03 04:54:00,48456.8,48458.14,48430.88,48443.72,0.217587,10540.73
2024-01-03 04:55:00,48428.67,48437.04,48389.42,48406.1,1.270282,61489.4
2024-01-03 04:56:00,48328.75,48336.54,48305.72,48332.76,13.483422,651690.95
2024-01-03 04:57:00,48347.46,48353.7,48302.27,48307.69,7.542645,364367.75
2024-01-03 04:58:00,48344.67,48360.59,48330.25,48356.45,49.656693,2401221.47
2024-01-03 04:59:00,48386.92,48393.8,48358.29,48382.23,10.490643,507560.73
2024-01-03 05:00:00,48436.06,48442.54,48418.9,48431.15,27.620836,1337708.99
2024-01-03 05:01:00,48434.82,48459.09,48414.15,48457.26,9.822912,475991.41
2024-01-03 05:02:00,48396.36,48424.87,48376.11,48402.08,29.945362,1449417.74
2024-01-03 05:03:00,48388.77,48401.25,48368.31,48385.54,32.013,1548966.27
2024-01-03 05:04:00,48337.89,48356.37,48333.66,48346.53,4.09491,197974.68
2024-01-03 05:05:00,48461.88,48480.33,48389.62,48413.06,0.435918,21104.14
2024-01-03 05:06:00,48336.45,48371.9,48329.49,48353.22,0.59771,28901.2
2024-01-03 05:07:00,48421.49,48436.11,48393.25,48397.9,20.373557,986037.42
2024-01-03 05:08:00,48459.68,48463.7,48440.55,48442.55,21.743299,1053300.88
2024-01-03 05:09:00,48533.75,48579.01,48510.7,48534.03,8.51897,413459.98
2024-01-03 05:10:00,48496.24,48532.19,48469.81,48513.55,9.014072,437304.63
2024-01-03 05:11:00,48533.8,48563.4,48526.15,48549.16,58.810233,2855187.62
2024-01-03 05:12:00,48652.89,48674.44,48638.06,48663.25,16.491869,802547.87
2024-01-03 05:13:00,48596.65,48633.35,48587.54,48632.36,34.504145,1678018.15
2024-01-03 05:14:00,48535.54,48567.26,48516.73,48555.61,25.402248,1233421.69
2024-01-03 05:15:00,48431.96,48477.66,48424.76,48461.61,21.189304,1026867.83
2024-01-03 05:16:00,48524.16,48539.09,48482.39,48497.25,33.186898,1609473.2
2024-01-03 05:17:00,48415.46,48424.43,48396.97,48403.09,21.967965,1063317.35
2024-01-03 05:18:00,48400.19,48401.72,48367.5,48384.47,8.095092,391676.78
2024-01-03 05:19:00,48418.12,48431.93,48400.83,48406.34,27.800091,1345700.64
2024-01-03 05:20:00,48418.94,48430.16,48393.57,48415.6,11.986119,580315.12
2024-01-03 05:21:00,48466.08,48467.99,48434.62,48436.87,30.923286,1497827.2
2024-01-03 05:22:00,48435.77,48453.81,48432.52,48447.98,40.957981,1984331.63
2024-01-03 05:23:00,48514.06,48552.89,48510.92,48511.93,7.562675,366879.93
2024-01-03 05:24:00,48479.25,48479.51,48444.17,48464.31,27.515939,1333541.07
2024-01-03 05:25:00,48404.04,48441.65,48397.99,48430.46,30.67307,1485510.94
2024-01-03 05:26:00,48453.76,48474.8,48387.1,48391.83,13.174997,637562.22
2024-01-03 05:27:00,48433.91,48478.05,48429.08,48433.34,49.161805,2381070.35
2024-01-03 05:28:00,48481.2,48486.59,48474.33,48478.36,30.910867,1498508.11
2024-01-03 05:29:00,48526.06,48551.89,48478.72,48500.92,1.70776,82827.94
2024-01-03 05:30:00,48578.39,48580.15,48542.91,48560.09,15.201587,738190.51
2024-01-03 05:31:00,48501.95,48505.04,48484.21,48501.19,27.203378,1319396.28
2024-01-03 05:32:00,48587.16,48616.73,48554.45,48584.55,48.401788,2351579.3
2024-01-03 05:33:00,48630.63,48685.71,48621.39,48660.72,22.417132,1090833.68
2024-01-03 05:34:00,48686.37,48710.48,48680.76,48697.5,15.789202,768894.64
2024-01-03 05:35:00,48796.93,48805.73,48784.19,48786.59,35.276287,1721009.63
2024-01-03 05:36:00,48712.63,48722.8,48680.38,48703.76,5.610915,273272.63
2024-01-03 05:37:00,48701.96,48705.93,48675.57,48677.53,9.799642,477022.41
2024-01-03 05:38:00,48638.36,48644.39,48628.98,48640.77,24.075127,1171032.68
2024-01-03 05:39:00,48649.1,48700.22,48648.22,48676.84,2.436635,118607.69
2024-01-03 05:40:00,48645.47,48661.4,48622.69,48624.34,64.315379,3127292.53
2024-01-03 05:41:00,48690.93,48692.55,48658.71,48662.21,15.059399,732823.62
2024-01-03 05:42:00,48748.7,48750.21,48720.22,48730.74,24.19738,1179156.14
2024-01-03 05:43:00,48762.22,48774.5,48751.25,48765.5,2.566502,125156.74
2024-01-03 05:44:00,48800.57,48812.48,48762.7,48779.68,35.292008,1721533.04
2024-01-03 05:45:00,48798.87,48803.63,48729.17,48730.29,9.461019,461038.2
2024-01-03 05:46:00,48690.25,48716.49,48685.06,48687.95,7.509272,365611.06
2024-01-03 05:47:00,48724.19,48762.27,48696.83,48750.43,7.989558,389494.37
2024-01-03 05:48:00,48777.67,48805.21,48777.51,48789.4,15.828086,772242.77
2024-01-03 05:49:00,48799.96,48830.84,48769.04,48787.45,4.989468,243423.38
2024-01-03 05:50:00,48734.45,48793.88,48725.05,48766.55,20.923316,1020357.94
2024-01-03 05:51:00,48668.65,48681.52,48638.2,48665.26,20.907725,1017479.86
2024-01-03 05:52:00,48619.32,48630.16,48582.84,48611.72,30.43338,1479418.88
2024-01-03 05:53:00,48737.99,48755.01,48702.22,48707.29,4.633231,225672.11
2024-01-03 05:54:00,48669.47,48697.29,48630.29,48643.27,14.894535,724518.8
2024-01-03 05:55:00,48670.03,48693.03,48648.49,48652.74,34.680288,1687291.01
2024-01-03 05:56:00,48659.86,48717.45,48651.51,48703.11,14.499741,706182.51
2024-01-03 05:57:00,48658.79,48672.03,48627.01,48640.37,10.862938,528377.26
2024-01-03 05:58:00,48663.71,48677.73,48645.49,48649.6,2.970833,144529.83
2024-01-03 05:59:00,48701.62,48726.2,48674.92,48696.5,21.349311,1039636.65
2024-01-03 06:00:00,48662.52,48713.33,48644.33,48697.12,7.637631,371930.66
2024-01-03 06:01:00,48825.01,48861.76,48820.71,48840.54,6.728834,328639.88
2024-01-03 06:02:00,48733.78,48767.75,48718.97,48757.11,4.564952,222573.85
2024-01-03 06:03:00,48769.75,48815.09,48752.99,48810.05,27.690607,1351579.86
2024-01-03 06:04:00,48801.35,48820.48,48798.83,48801.41,27.361422,1335275.95
2024-01-03 06:05:00,48824.05,48841.83,48809.54,48840.0,8.972614,438222.51
2024-01-03 06:06:00,48914.58,48916.24,48833.38,48862.07,8.018348,391793.05
2024-01-03 06:07:00,48822.04,48830.14,48804.18,48825.41,0.843859,41201.75
2024-01-03 06:08:00,48862.74,48868.51,48823.03,48836.86,8.264118,403593.57
2024-01-03 06:09:00,48712.58,48759.07,48700.49,48743.97,32.043542,1561929.32
2024-01-03 06:10:00,48763.53,48787.38,48749.09,48774.13,50.954271,2485250.2
2024-01-03 06:11:00,48790.97,48797.54,48782.12,48789.04,24.281224,1184657.52
2024-01-03 06:12:00,48802.81,48841.1,48793.05,48820.97,8.4837,414182.45
2024-01-03 06:13:00,48865.43,48874.22,48846.52,48873.88,10.087211,493001.08
2024-01-03 06:14:00,48887.9,48899.81,48882.52,48892.26,4.369566,213637.94
2024-01-03 06:15:00,48894.98,48911.03,48893.44,48899.66,35.116913,1717205.17
2024-01-03 06:16:00,48892.71,48905.17,48839.56,48855.61,20.553409,1004149.31
2024-01-03 06:17:00,48827.56,48841.86,48815.55,48820.0,6.922949,337978.33
2024-01-03 06:18:00,48888.92,48900.58,48876.14,48879.33,10.327251,504789.16
2024-01-03 06:19:00,48961.94,48972.29,48946.99,48951.15,3.619747,177190.78
2024-01-03 06:20:00,48951.5,48980.43,48935.59,48939.24,24.772937,1212368.81
2024-01-03 06:21:00,48939.89,48949.17,48925.49,48941.54,27.206703,1331538.05
2024-01-03 06:22:00,48889.9,48903.26,48876.92,48896.31,21.825958,1067208.91
2024-01-03 06:23:00,48958.29,48963.78,48954.02,48954.95,33.930826,1661081.95
2024-01-03 06:24:00,49011.36,49031.17,48975.51,48988.22,10.262815,502757.07
2024-01-03 06:25:00,49107.81,49136.88,49079.53,49085.28,6.269286,307729.68
2024-01-03 06:26:00,49036.56,49048.56,49002.86,49041.37,29.826072,1462711.37
2024-01-03 06:27:00,49037.82,49048.67,49017.65,49022.47,14.782131,724656.53
2024-01-03 06:28:00,49030.15,49060.52,49025.71,49034.04,21.134771,1036323.19
2024-01-03 06:29:00,49067.04,49078.74,49058.33,49066.36,0.094059,4615.14
2024-01-03 06:30:00,49046.11,49060.92,49037.17,49055.58,28.787968,1412210.46
2024-01-03 06:31:00,49008.3,49031.77,48999.53,49011.93,34.676295,1699552.21
2024-01-03 06:32:00,49082.83,49097.14,49035.41,49056.0,22.539828,1105713.84
2024-01-03 06:33:00,49093.91,49112.88,49086.27,49092.06,15.92378,781731.18
2024-01-03 06:34:00,49048.95,49068.18,49026.36,49046.25,25.249074,1238372.29
2024-01-03 06:35:00,49085.07,49114.93,49081.62,49114.02,6.552154,321802.61
2024-01-03 06:36:00,49166.34,49178.33,49143.66,49172.53,30.574274,1503414.33
2024-01-03 06:37:00,49174.42,49184.25,49156.32,49179.24,14.836416,729643.7
2024-01-03 06:38:00,49166.64,49208.36,49152.81,49183.22,23.857354,1173381.57
2024-01-03 06:39:00,49211.36,49213.3,49199.09,49210.93,4.944748,243335.61
2024-01-03 06:40:00,49159.26,49201.51,49124.73,49167.84,16.795877,825816.99
2024-01-03 06:41:00,49170.94,49174.57,49153.19,49169.34,16.852638,828633.12
2024-01-03 06:42:00,49064.15,49082.05,49048.98,49061.72,3.77788,185349.3
2024-01-03 06:43:00,49086.43,49106.83,49082.74,49105.55,30.03387,1474829.55
2024-01-03 06:44:00,49019.5,49050.41,49015.53,49027.47,27.906433,1368181.82
2024-01-03 06:45:00,49104.19,49110.98,49071.67,49102.64,14.154141,695005.7
2024-01-03 06:46:00,49109.82,49137.4,49067.36,49086.14,15.881547,779563.76
2024-01-03 06:47:00,49080.69,49082.33,49045.07,49075.55,10.446033,512644.83
2024-01-03 06:48:00,49030.93,49048.62,49019.53,49044.17,29.719738,1457579.75
2024-01-03 06:49:00,49037.74,49053.95,49013.24,49029.76,11.998497,588283.46
2024-01-03 06:50:00,49134.84,49162.14,49080.22,49100.69,12.84278,630589.37
2024-01-03 06:51:00,48994.63,49008.25,48952.42,48976.3,21.606444,1058203.69
2024-01-03 06:52:00,49051.1,49057.71,49034.19,49040.15,12.215682,599058.84
2024-01-03 06:53:00,49071.56,49081.7,49034.36,49057.05,30.364191,1489577.6
2024-01-03 06:54:00,49025.5,49028.02,48981.81,48996.7,22.892104,1121637.5
2024-01-03 06:55:00,48964.45,48986.39,48942.68,48942.93,5.552877,271774.1
2024-01-03 06:56:00,49038.09,49038.71,49008.92,49026.75,29.607514,1451560.24
2024-01-03 06:57:00,49000.85,49006.33,48966.78,48979.48,28.771383,1409207.3
2024-01-03 06:58:00,48900.18,48939.86,48866.93,48921.81,19.449828,951520.76
2024-01-03 06:59:00,48948.63,48998.57,48948.58,48978.68,14.92463,730988.63
2024-01-03 07:00:00,48998.74,49013.83,48988.98,48995.6,0.465988,22831.38
2024-01-03 07:01:00,48950.08,48970.66,48932.29,48948.71,0.825801,40421.91
2024-01-03 07:02:00,48948.66,48980.03,48943.14,48959.54,35.627946,1744327.79
2024-01-03 07:03:00,48924.77,48929.39,48891.7,48908.25,0.025585,1251.33
2024-01-03 07:04:00,48926.03,48974.97,48899.09,48963.29,8.427612,412643.62
2024-01-03 07:05:00,49005.66,49032.55,48976.21,49016.36,1.236531,60610.23
2024-01-03 07:06:00,49033.26,49043.73,49032.53,49042.96,9.652803,473402.03
2024-01-03 07:07:00,49028.32,49089.53,48989.45,49061.04,10.606025,520342.65
2024-01-03 07:08:00,49179.0,49191.79,49136.51,49149.1,16.174567,794965.43
2024-01-03 07:09:00,49121.9,49175.06,49115.47,49149.09,9.472221,465551.01
2024-01-03 07:10:00,49078.23,49094.2,49066.6,49089.99,25.250332,1239538.61
2024-01-03 07:11:00,49130.63,49142.46,49102.86,49112.47,5.158731,253358.01
2024-01-03 07:12:00,49229.69,49243.6,49203.67,49216.77,5.806822,285793.04
2024-01-03 07:13:00,49143.87,49185.98,49135.37,49166.03,25.315059,1244640.98
2024-01-03 07:14:00,49161.61,49165.04,49134.83,49147.96,2.557848,125713.02
2024-01-03 07:15:00,49174.58,49196.53,49148.65,49168.78,18.791808,923970.28
2024-01-03 07:16:00,49212.75,49217.35,49149.47,49166.09,26.95094,1325072.2
2024-01-03 07:17:00,49125.05,49130.16,49101.84,49116.97,3.54282,174012.6
2024-01-03 07:18:00,49170.24,49180.48,49162.38,49173.06,11.337731,557510.97
2024-01-03 07:19:00,49271.94,49309.82,49270.11,49289.07,2.530275,124714.89
2024-01-03 07:20:00,49283.99,49318.34,49228.07,49298.87,9.450034,465876.03
2024-01-03 07:21:00,49237.15,49256.41,49225.57,49253.67,27.974435,1377843.52
2024-01-03 07:22:00,49203.64,49215.09,49174.62,49176.22,16.783313,825339.9
2024-01-03 07:23:00,49189.48,49203.88,49179.02,49189.12,57.87829,2846982.11
2024-01-03 07:24:00,49255.62,49272.98,49235.27,49244.31,35.966896,1771165.06
2024-01-03 07:25:00,49298.36,49311.59,49264.13,49268.07,30.640322,1509589.56
2024-01-03 07:26:00,49220.78,49289.33,49206.46,49267.95,8.190044,403506.69
2024-01-03 07:27:00,49264.06,49284.62,49238.05,49238.49,41.765058,2056448.29
2024-01-03 07:28:00,49184.99,49214.45,49172.53,49183.88,51.215984,2519000.77
2024-01-03 07:29:00,49234.32,49251.0,49224.45,49225.62,4.533671,223172.73
2024-01-03 07:30:00,49254.74,49302.41,49249.94,49271.31,18.219409,897694.06
2024-01-03 07:31:00,49178.92,49199.57,49158.56,49194.02,12.725393,626013.21
2024-01-03 07:32:00,49283.29,49284.82,49264.94,49273.51,40.27232,1984358.58
2024-01-03 07:33:00,49349.91,49357.82,49281.32,49302.21,17.852647,880175.03
2024-01-03 07:34:00,49392.26,49392.44,49353.64,49372.19,5.452609,269207.25
2024-01-03 07:35:00,49330.4,49341.59,49287.97,49305.09,28.387957,1399670.72
2024-01-03 07:36:00,49232.96,49250.24,49218.65,49236.8,26.270678,1293484.0
2024-01-03 07:37:00,49217.34,49232.56,49195.01,49229.35,9.143836,450145.11
2024-01-03 07:38:00,49238.87,49270.49,49215.83,49254.49,37.846221,1864096.24
2024-01-03 07:39:00,49334.54,49360.73,49310.84,49344.31,14.669567,723859.57
2024-01-03 07:40:00,49338.55,49385.51,49321.65,49379.61,12.274004,606085.51
2024-01-03 07:41:00,49352.98,49368.9,49341.77,49367.48,23.94086,1181899.84
2024-01-03 07:42:00,49304.95,49330.21,49301.07,49316.16,8.782094,433099.1
2024-01-03 07:43:00,49374.15,49384.03,49364.61,49377.66,11.005231,543412.54
2024-01-03 07:44:00,49332.06,49340.78,49311.94,49329.42,5.74584,283438.96
2024-01-03 07:45:00,49418.09,49424.45,49383.66,49410.84,68.66806,3392946.86
2024-01-03 07:46:00,49396.33,49408.81,49384.28,49396.63,0.531742,26266.28
2024-01-03 07:47:00,49464.53,49486.03,49458.12,49476.15,24.584889,1216365.78
2024-01-03 07:48:00,49470.83,49519.38,49441.48,49510.1,48.174477,2385123.24
2024-01-03 07:49:00,49491.75,49506.4,49476.3,49503.25,16.856397,834446.48
2024-01-03 07:50:00,49457.83,49503.87,49456.35,49477.28,22.223491,1099557.94
2024-01-03 07:51:00,49469.56,49490.21,49449.0,49460.24,10.463254,517515.02
2024-01-03 07:52:00,49499.84,49519.27,49481.39,49481.65,45.894632,2270942.23
2024-01-03 07:53:00,49504.28,49515.35,49456.55,49485.51,8.184222,405000.41
2024-01-03 07:54:00,49470.96,49494.46,49433.35,49455.82,5.045095,249509.3
2024-01-03 07:55:00,49444.87,49494.59,49444.51,49447.54,9.001837,445118.66
2024-01-03 07:56:00,49441.03,49472.94,49427.27,49451.47,0.129712,6414.46
2024-01-03 07:57:00,49330.09,49358.92,49326.61,49345.03,0.814448,40188.94
2024-01-03 07:58:00,49337.79,49387.63,49334.93,49367.94,50.568586,2496466.87
2024-01-03 07:59:00,49338.79,49356.58,49302.02,49318.95,12.540854,618501.78
2024-01-03 08:00:00,49257.79,49266.69,49255.82,49261.29,5.693709,280479.41
2024-01-03 08:01:00,49151.99,49202.39,49149.48,49176.92,2.199665,108172.75
2024-01-03 08:02:00,49070.69,49096.46,49058.79,49087.22,18.097831,888372.29
2024-01-03 08:03:00,49002.11,49051.48,48994.1,49019.45,16.747352,820946.0
2024-01-03 08:04:00,48984.86,49002.14,48968.81,48984.0,1.545275,75693.75
2024-01-03 08:05:00,49103.01,49107.84,49070.59,49081.66,22.560634,1107313.44
2024-01-03 08:06:00,49048.41,49057.27,49029.64,49055.37,8.989195,440968.27
2024-01-03 08:07:00,49019.21,49075.48,48992.08,49064.26,8.448101,414499.82
2024-01-03 08:08:00,49080.5,49112.76,49061.79,49084.28,2.922604,143453.94
2024-01-03 08:09:00,49087.71,49109.35,49081.78,49090.83,35.595595,1747417.47
2024-01-03 08:10:00,49082.46,49107.0,49077.7,49086.96,21.491558,1054955.3
2024-01-03 08:11:00,49014.65,49032.47,48993.69,49027.2,12.696367,622467.31
2024-01-03 08:12:00,49104.09,49114.02,49097.72,49099.74,2.785774,136780.8
2024-01-03 08:13:00,49191.43,49197.29,49189.99,49190.1,44.660572,2196858.19
2024-01-03 08:14:00,49105.47,49110.3,49094.3,49105.97,13.089457,642770.48
2024-01-03 08:15:00,49063.02,49074.41,49031.79,49054.77,0.068079,3339.59
2024-01-03 08:16:00,49032.18,49049.11,49020.77,49040.78,0.952638,46718.12
2024-01-03 08:17:00,48982.82,49012.67,48977.53,48992.55,15.979212,782862.39
2024-01-03 08:18:00,49045.45,49053.24,49012.19,49017.85,23.217697,1138081.57
2024-01-03 08:19:00,48992.62,48993.04,48972.45,48981.44,16.731492,819532.53
2024-01-03 08:20:00,49106.23,49117.65,49087.5,49089.69,3.6922,181248.98
2024-01-03 08:21:00,49173.74,49180.92,49137.35,49149.22,18.952888,931519.6
2024-01-03 08:22:00,49170.36,49182.52,49145.11,49159.85,3.302932,162371.63
2024-01-03 08:23:00,49229.76,49252.29,49193.52,49211.19,1.964478,96674.32
2024-01-03 08:24:00,49234.9,49283.08,49225.4,49266.49,13.452894,662776.87
2024-01-03 08:25:00,49242.38,49246.59,49217.44,49238.29,9.59851,472614.22
2024-01-03 08:26:00,49193.83,49209.76,49190.81,49197.48,15.552226,765130.38
2024-01-03 08:27:00,49234.94,49251.42,49188.12,49201.39,22.251197,1094789.78
2024-01-03 08:28:00,49263.02,49273.14,49240.29,49244.47,10.767736,530251.44
2024-01-03 08:29:00,49238.81,49251.64,49228.87,49251.42,38.507676,1896557.88
2024-01-03 08:30:00,49180.03,49203.86,49167.54,49172.57,24.50845,1205143.58
2024-01-03 08:31:00,49135.79,49154.73,49097.84,49132.43,9.181565,451112.64
2024-01-03 08:32:00,49137.82,49146.49,49110.86,49128.73,3.571504,175463.49
2024-01-03 08:33:00,49104.57,49126.33,49093.61,49124.95,45.094385,2215259.43
2024-01-03 08:34:00,49230.78,49242.06,49218.78,49223.58,3.229142,158949.93
2024-01-03 08:35:00,49149.72,49154.37,49149.52,49154.28,4.556549,223973.87
2024-01-03 08:36:00,49185.21,49190.0,49165.96,49179.56,1.803666,88703.5
2024-01-03 08:37:00,49239.53,49261.28,49223.6,49254.01,17.956068,884408.41
2024-01-03 08:38:00,49355.88,49390.18,49347.37,49367.59,55.103126,2720308.3
2024-01-03 08:39:00,49370.84,49390.4,49333.06,49347.37,14.933454,736926.63
2024-01-03 08:40:00,49350.91,49377.0,49341.79,49371.94,3.558519,175690.97
2024-01-03 08:41:00,49380.87,49410.13,49379.34,49400.43,13.773431,680413.38
2024-01-03 08:42:00,49409.17,49416.65,49408.79,49410.2,16.257172,803270.12
2024-01-03 08:43:00,49389.82,49411.73,49380.51,49405.26,6.244312,308501.83
2024-01-03 08:44:00,49409.36,49441.86,49401.93,49427.06,44.081686,2178827.96
2024-01-03 08:45:00,49302.55,49316.06,49297.61,49300.44,23.2398,1145732.45
2024-01-03 08:46:00,49304.45,49342.22,49301.23,49334.55,34.619346,1707929.79
2024-01-03 08:47:00,49320.7,49341.21,49309.53,49340.86,30.266928,1493396.15
2024-01-03 08:48:00,49370.81,49374.11,49319.34,49329.73,4.175993,206000.59
2024-01-03 08:49:00,49441.27,49451.13,49424.05,49432.08,48.239765,2384591.7
2024-01-03 08:50:00,49383.4,49409.3,49359.27,49398.33,25.520971,1260693.31
2024-01-03 08:51:00,49386.54,49394.48,49374.8,49378.18,16.649948,822144.04
2024-01-03 08:52:00,49489.1,49501.88,49476.33,49477.75,31.193001,1543359.6
2024-01-03 08:53:00,49456.04,49474.97,49427.25,49436.15,24.266152,1199625.14
2024-01-03 08:54:00,49406.1,49409.15,49393.92,49408.64,28.711303,1418586.55
2024-01-03 08:55:00,49420.82,49442.17,49387.5,49401.29,3.826655,189041.73
2024-01-03 08:56:00,49402.56,49444.82,49375.93,49443.33,34.897712,1725459.05
2024-01-03 08:57:00,49432.59,49471.97,49422.67,49453.72,33.487349,1656073.96
2024-01-03 08:58:00,49392.37,49397.67,49388.08,49389.09,8.229836,406464.1
2024-01-03 08:59:00,49369.07,49377.12,49354.54,49362.48,14.318849,706813.9
2024-01-03 09:00:00,49313.88,49362.08,49311.87,49332.11,3.429574,169188.11
2024-01-03 09:01:00,49333.44,49356.08,49305.99,49328.25,40.966972,2020829.1
2024-01-03 09:02:00,49337.07,49361.01,49316.26,49349.54,45.836044,2261987.85
2024-01-03 09:03:00,49364.91,49372.54,49352.63,49370.45,20.258578,1000175.2
2024-01-03 09:04:00,49302.15,49307.08,49278.37,49281.65,21.892392,1078893.28
2024-01-03 09:05:00,49353.03,49356.08,49322.37,49334.85,14.133698,697283.86
2024-01-03 09:06:00,49327.54,49374.7,49321.41,49347.48,13.201099,651440.96
2024-01-03 09:07:00,49395.56,49418.01,49368.47,49416.71,6.118178,302340.2
2024-01-03 09:08:00,49430.69,49442.47,49426.22,49438.91,23.159451,1144978.12
2024-01-03 09:09:00,49493.45,49504.31,49487.27,49493.98,43.518503,2153903.94
2024-01-03 09:10:00,49504.15,49535.16,49479.28,49517.31,9.653398,478010.28
2024-01-03 09:11:00,49605.43,49619.49,49568.08,49584.62,7.901231,391779.54
2024-01-03 09:12:00,49617.68,49625.75,49596.74,49610.73,13.608704,675137.75
2024-01-03 09:13:00,49613.96,49637.34,49580.82,49605.84,4.914821,243803.83
2024-01-03 09:14:00,49694.13,49726.78,49690.81,49719.46,11.04455,549129.02
2024-01-03 09:15:00,49787.26,49799.55,49759.32,49763.91,10.43163,519118.68
2024-01-03 09:16:00,49736.19,49796.35,49728.75,49792.6,27.953706,1391887.61
2024-01-03 09:17:00,49745.46,49757.86,49689.82,49728.78,17.859432,888127.81
2024-01-03 09:18:00,49683.05,49711.36,49660.93,49664.37,8.825717,438323.64
2024-01-03 09:19:00,49670.35,49696.66,49654.66,49679.0,10.818308,537442.76
2024-01-03 09:20:00,49711.74,49728.81,49674.37,49686.28,11.710242,581838.36
2024-01-03 09:21:00,49654.31,49660.53,49621.43,49655.57,8.84392,439149.89
2024-01-03 09:22:00,49663.87,49677.9,49653.2,49662.62,3.542293,175919.57
2024-01-03 09:23:00,49748.84,49749.46,49741.44,49742.05,14.061413,699443.54
2024-01-03 09:24:00,49840.55,49872.46,49765.4,49776.82,12.845543,639410.32
2024-01-03 09:25:00,49746.66,49748.61,49714.14,49719.77,0.013996,695.86
2024-01-03 09:26:00,49728.22,49737.83,49700.63,49714.2,20.502078,1019244.37
2024-01-03 09:27:00,49655.69,49680.25,49655.33,49673.95,11.439654,568252.77
2024-01-03 09:28:00,49657.44,49662.29,49640.61,49654.56,10.298289,511357.05
2024-01-03 09:29:00,49617.62,49650.95,49603.51,49633.88,29.689474,1473603.89
2024-01-03 09:30:00,49626.44,49633.16,49606.24,49610.0,18.092233,897555.71
2024-01-03 09:31:00,49550.05,49587.18,49542.86,49547.24,45.384983,2248700.82
2024-01-03 09:32:00,49518.37,49542.53,49504.98,49540.86,33.699591,1669506.74
2024-01-03 09:33:00,49514.45,49515.95,49474.62,49512.83,39.015914,1931788.34
2024-01-03 09:34:00,49349.37,49375.42,49335.78,49366.36,14.01674,691955.41
2024-01-03 09:35:00,49472.03,49473.32,49453.89,49469.01,0.480871,23788.23
2024-01-03 09:36:00,49506.26,49526.91,49497.06,49523.45,19.432727,962375.61
2024-01-03 09:37:00,49505.18,49509.4,49492.0,49504.63,1.989793,98503.95
2024-01-03 09:38:00,49520.58,49521.59,49503.88,49505.57,6.726459,332997.19
2024-01-03 09:39:00,49445.93,49456.14,49432.71,49446.99,13.898361,687232.1
2024-01-03 09:40:00,49523.96,49545.0,49507.81,49531.77,38.911948,1927377.83
2024-01-03 09:41:00,49630.7,49636.33,49614.08,49626.64,11.468284,569132.39
2024-01-03 09:42:00,49648.42,49665.54,49621.01,49634.47,16.39308,813661.93
2024-01-03 09:43:00,49663.51,49706.0,49662.62,49685.65,17.002276,844769.13
2024-01-03 09:44:00,49699.63,49700.78,49670.94,49694.41,3.449247,171408.29
2024-01-03 09:45:00,49653.93,49668.05,49603.81,49627.58,6.155861,305500.5
2024-01-03 09:46:00,49618.46,49619.68,49586.76,49606.99,7.860951,389958.1
2024-01-03 09:47:00,49614.74,49646.11,49598.64,49613.58,22.529092,1117749.0
2024-01-03 09:48:00,49603.65,49618.64,49586.45,49590.86,8.258575,409549.81
2024-01-03 09:49:00,49588.97,49597.23,49573.73,49579.92,0.131542,6521.85
2024-01-03 09:50:00,49590.43,49604.87,49572.51,49575.35,17.126785,849066.4
2024-01-03 09:51:00,49530.83,49594.42,49497.4,49571.31,11.52967,571540.85
2024-01-03 09:52:00,49542.85,49591.22,49538.34,49573.92,12.273004,608420.94
2024-01-03 09:53:00,49540.99,49546.87,49496.3,49520.89,0.913551,45239.87
2024-01-03 09:54:00,49454.94,49492.97,49449.59,49485.04,20.105725,994932.62
2024-01-03 09:55:00,49428.84,49437.65,49418.26,49420.81,37.47646,1852117.08
2024-01-03 09:56:00,49462.66,49472.1,49454.34,49469.7,0.892544,44153.88
2024-01-03 09:57:00,49344.5,49375.77,49331.27,49364.42,25.154017,1241713.47
2024-01-03 09:58:00,49429.09,49436.7,49421.6,49422.1,14.012064,692505.62
2024-01-03 09:59:00,49495.44,49516.02,49484.87,49491.42,2.323589,114997.71
2024-01-03 10:00:00,49518.52,49519.56,49474.15,49476.31,10.132635,501325.36
2024-01-03 10:01:00,49333.66,49356.57,49306.78,49346.15,35.959137,1774445.03
2024-01-03 10:02:00,49356.89,49374.82,49322.53,49328.09,6.563603,323769.99
2024-01-03 10:03:00,49331.93,49348.65,49314.57,49324.88,36.18215,1784680.13
2024-01-03 10:04:00,49261.13,49279.76,49247.92,49274.35,7.60067,374518.05
2024-01-03 10:05:00,49264.57,49276.86,49234.65,49248.59,18.248543,898714.93
2024-01-03 10:06:00,49336.41,49362.54,49319.21,49325.1,7.065192,348491.3
2024-01-03 10:07:00,49359.06,49366.76,49355.8,49358.34,19.806114,977596.94
2024-01-03 10:08:00,49317.44,49328.38,49310.59,49312.11,3.645758,179780.04
2024-01-03 10:09:00,49220.29,49240.98,49183.74,49232.23,2.877632,141672.25
2024-01-03 10:10:00,49199.37,49216.44,49180.86,49215.88,46.337113,2280521.96
2024-01-03 10:11:00,49220.4,49255.62,49189.89,49205.21,42.187353,2075837.58
2024-01-03 10:12:00,49225.54,49236.95,49217.58,49230.02,11.707956,576382.9
2024-01-03 10:13:00,49201.65,49205.0,49191.28,49203.25,34.227129,1684086.13
2024-01-03 10:14:00,49234.43,49251.77,49224.91,49228.83,2.04515,100680.35
2024-01-03 10:15:00,49330.89,49342.14,49316.84,49325.59,18.544879,914737.05
2024-01-03 10:16:00,49337.78,49388.95,49334.79,49366.36,20.556531,1014801.16
2024-01-03 10:17:00,49389.68,49392.21,49362.54,49363.96,17.227655,850425.22
2024-01-03 10:18:00,49357.22,49362.93,49348.84,49354.8,8.750591,431883.68
2024-01-03 10:19:00,49332.91,49338.37,49328.81,49336.97,7.866052,388087.16
2024-01-03 10:20:00,49404.62,49404.93,49388.12,49396.0,28.791335,1422176.77
2024-01-03 10:21:00,49369.36,49385.4,49354.08,49364.63,23.6706,1168490.49
2024-01-03 10:22:00,49382.24,49384.32,49336.66,49366.89,21.163622,1044782.27
2024-01-03 10:23:00,49380.21,49385.44,49349.07,49369.45,3.710484,183184.57
2024-01-03 10:24:00,49358.72,49374.81,49324.69,49344.37,21.191272,1045669.87
2024-01-03 10:25:00,49302.76,49308.45,49259.73,49275.74,29.766115,1466747.38
2024-01-03 10:26:00,49309.56,49313.73,49285.76,49291.89,7.486476,369022.57
2024-01-03 10:27:00,49285.63,49314.7,49277.53,49288.84,12.80345,631067.19
2024-01-03 10:28:00,49291.39,49317.89,49260.22,49313.85,39.325728,1939303.17
2024-01-03 10:29:00,49320.53,49328.9,49282.73,49287.17,8.856272,436500.61
2024-01-03 10:30:00,49343.46,49350.72,49342.85,49348.21,16.554957,816957.54
2024-01-03 10:31:00,49294.91,49328.84,49292.04,49304.37,28.215414,1391143.35
2024-01-03 10:32:00,49355.24,49391.28,49331.38,49389.98,9.225761,455660.1
2024-01-03 10:33:00,49309.36,49311.11,49266.23,49302.59,28.039237,1382407.17
2024-01-03 10:34:00,49327.31,49329.41,49321.56,49324.33,22.803064,1124745.94
2024-01-03 10:35:00,49317.8,49351.05,49309.66,49348.1,39.400457,1944337.9
2024-01-03 10:36:00,49317.39,49335.39,49307.21,49308.33,39.05166,1925572.01
2024-01-03 10:37:00,49319.58,49342.23,49318.17,49329.55,11.268731,555881.38
2024-01-03 10:38:00,49447.33,49447.75,49365.34,49393.52,25.061124,1237857.18
2024-01-03 10:39:00,49271.29,49308.2,49257.41,49282.68,10.891024,536738.87
2024-01-03 10:40:00,49299.12,49320.91,49264.1,49307.82,12.904883,636311.64
2024-01-03 10:41:00,49165.66,49189.73,49160.9,49183.16,12.577184,618585.57
2024-01-03 10:42:00,49160.43,49181.14,49116.86,49134.87,5.510097,270737.9
2024-01-03 10:43:00,49208.88,49222.56,49205.58,49216.33,25.895304,1274471.84
2024-01-03 10:44:00,49172.74,49193.44,49165.21,49187.24,7.250391,356626.72
2024-01-03 10:45:00,49142.69,49151.64,49117.26,49128.55,36.400855,1788321.14
2024-01-03 10:46:00,49091.04,49139.04,49089.38,49118.65,25.558585,1255403.21
2024-01-03 10:47:00,49234.55,49250.97,49213.7,49222.05,12.244963,602722.12
2024-01-03 10:48:00,49166.09,49172.68,49122.37,49130.46,5.959103,292773.48
2024-01-03 10:49:00,49089.23,49106.89,49048.52,49077.9,0.806399,39576.37
2024-01-03 10:50:00,49165.53,49185.61,49151.06,49152.77,8.370202,411418.61
2024-01-03 10:51:00,49263.05,49272.47,49222.06,49245.65,26.373378,1298774.24
2024-01-03 10:52:00,49274.68,49280.17,49239.91,49240.48,20.700678,1019311.37
2024-01-03 10:53:00,49202.73,49214.3,49171.1,49178.53,21.160181,1040626.59
2024-01-03 10:54:00,49292.11,49306.34,49267.81,49283.32,28.087156,1384228.34
2024-01-03 10:55:00,49381.12,49393.26,49359.38,49363.04,14.157062,698835.66
2024-01-03 10:56:00,49379.27,49423.69,49372.17,49396.99,10.896506,538254.6
2024-01-03 10:57:00,49371.9,49375.11,49353.5,49356.37,14.141212,697958.88
2024-01-03 10:58:00,49333.81,49364.9,49318.03,49353.92,50.201714,2477651.33
2024-01-03 10:59:00,49338.56,49370.85,49314.6,49345.9,11.120776,548764.73
2024-01-03 11:00:00,49300.79,49368.59,49287.36,49362.44,15.865811,783175.19
2024-01-03 11:01:00,49443.02,49445.59,49415.7,49434.99,51.161161,2529151.65
2024-01-03 11:02:00,49466.09,49488.58,49459.55,49478.96,8.728176,431861.12
2024-01-03 11:03:00,49447.32,49469.74,49392.91,49425.1,44.526359,2200719.54
2024-01-03 11:04:00,49501.72,49522.24,49472.13,49493.92,32.140242,1590746.58
2024-01-03 11:05:00,49532.06,49541.39,49493.42,49509.58,13.237603,655388.14
2024-01-03 11:06:00,49522.26,49554.41,49511.59,49543.93,3.359438,166439.78
2024-01-03 11:07:00,49638.03,49653.01,49615.84,49617.26,21.679836,1075693.99
2024-01-03 11:08:00,49603.8,49609.45,49536.77,49561.68,45.479808,2254055.64
2024-01-03 11:09:00,49575.17,49582.88,49541.01,49559.89,1.816384,90019.8
2024-01-03 11:10:00,49549.12,49556.0,49510.1,49533.31,29.565048,1464454.83
2024-01-03 11:11:00,49458.31,49487.34,49444.49,49454.92,54.744501,2707385.01
2024-01-03 11:12:00,49461.76,49498.46,49459.92,49472.26,41.295213,2042967.41
2024-01-03 11:13:00,49613.06,49613.93,49591.85,49597.83,1.922532,95353.42
2024-01-03 11:14:00,49475.71,49509.11,49456.68,49505.83,27.371257,1355036.81
2024-01-03 11:15:00,49495.86,49512.48,49488.33,49504.22,16.788134,831083.4
2024-01-03 11:16:00,49500.82,49546.71,49492.04,49536.24,3.189022,157972.17
2024-01-03 11:17:00,49528.32,49542.5,49523.08,49542.4,18.545862,918806.49
2024-01-03 11:18:00,49549.58,49552.97,49527.54,49536.74,0.523802,25947.44
2024-01-03 11:19:00,49481.89,49487.77,49466.8,49471.78,12.487073,617757.73
2024-01-03 11:20:00,49484.44,49503.92,49470.41,49483.42,17.567954,869322.46
2024-01-03 11:21:00,49448.99,49473.26,49432.35,49445.58,25.25862,1248927.15
2024-01-03 11:22:00,49298.37,49340.41,49282.54,49336.09,4.269262,210628.68
2024-01-03 11:23:00,49388.36,49401.85,49384.76,49395.82,16.362831,808255.39
2024-01-03 11:24:00,49430.11,49446.69,49417.68,49443.73,12.557274,620878.5
2024-01-03 11:25:00,49433.14,49447.95,49415.75,49446.32,20.525905,1014930.42
2024-01-03 11:26:00,49469.76,49477.6,49442.03,49457.77,10.85499,536863.63
2024-01-03 11:27:00,49494.28,49514.67,49469.64,49511.49,23.005034,1139013.43
2024-01-03 11:28:00,49510.61,49535.51,49506.91,49522.7,28.912771,1431838.61
2024-01-03 11:29:00,49526.16,49590.76,49504.97,49567.91,36.871533,1827644.64
2024-01-03 11:30:00,49547.15,49565.03,49508.0,49553.03,22.065441,1093409.49
2024-01-03 11:31:00,49596.87,49624.19,49591.38,49618.63,4.094713,203174.06
2024-01-03 11:32:00,49636.25,49647.11,49632.0,49634.67,13.777255,683829.5
2024-01-03 11:33:00,49625.35,49655.48,49604.39,49644.37,56.583619,2809058.21
2024-01-03 11:34:00,49582.96,49583.33,49573.12,49580.87,29.709294,1473012.62
2024-01-03 11:35:00,49592.32,49596.75,49585.7,49595.22,11.430721,566909.1
2024-01-03 11:36:00,49587.06,49593.95,49548.1,49553.62,6.989324,346346.29
2024-01-03 11:37:00,49531.65,49535.9,49518.72,49521.7,1.964787,97299.62
2024-01-03 11:38:00,49444.14,49491.73,49438.17,49480.94,13.743971,680064.55
2024-01-03 11:39:00,49402.33,49433.65,49393.59,49427.62,44.162267,2182835.96
2024-01-03 11:40:00,49534.97,49565.79,49524.93,49533.86,19.569981,969376.75
2024-01-03 11:41:00,49581.83,49613.55,49572.46,49600.43,15.377083,762709.93
2024-01-03 11:42:00,49637.08,49702.36,49625.78,49696.45,7.493228,372386.83
2024-01-03 11:43:00,49662.29,49662.97,49620.04,49635.3,35.409769,1757574.65
2024-01-03 11:44:00,49653.27,49663.3,49633.17,49638.87,1.061197,52676.61
2024-01-03 11:45:00,49584.61,49595.06,49564.59,49574.19,6.289733,311808.44
2024-01-03 11:46:00,49527.26,49542.49,49511.18,49539.41,17.135376,848876.34
2024-01-03 11:47:00,49502.05,49502.65,49482.01,49493.5,23.163008,1146418.31
2024-01-03 11:48:00,49541.39,49562.0,49522.9,49555.48,1.086342,53834.2
2024-01-03 11:49:00,49539.76,49551.24,49535.67,49535.67,1.990772,98614.21
2024-01-03 11:50:00,49570.67,49590.54,49569.68,49589.09,19.211742,952692.75
2024-01-03 11:51:00,49649.62,49668.89,49608.9,49619.29,12.496907,620087.66
2024-01-03 11:52:00,49703.07,49743.38,49687.06,49734.47,0.764039,37999.09
2024-01-03 11:53:00,49685.15,49701.75,49634.43,49660.5,7.592815,377063.01
2024-01-03 11:54:00,49724.24,49725.72,49721.01,49723.46,24.780641,1232179.31
2024-01-03 11:55:00,49771.0,49794.18,49763.17,49780.79,1.446538,72009.81
2024-01-03 11:56:00,49735.46,49757.5,49726.99,49732.12,21.265738,1057590.17
2024-01-03 11:57:00,49797.14,49799.8,49780.54,49782.47,33.3207,1658786.87
2024-01-03 11:58:00,49826.62,49829.73,49791.78,49799.28,0.128761,6412.2
2024-01-03 11:59:00,49794.17,49798.7,49780.84,49787.91,74.458569,3707136.3
2024-01-03 12:00:00,49728.9,49758.9,49714.82,49746.71,38.391578,1909854.72
2024-01-03 12:01:00,49711.87,49726.16,49698.97,49710.75,15.449066,767984.73
2024-01-03 12:02:00,49849.58,49862.23,49775.11,49813.25,6.36427,317024.92
2024-01-03 12:03:00,49840.23,49843.36,49790.29,49813.28,1.106398,55113.3
2024-01-03 12:04:00,49870.56,49898.26,49839.61,49852.39,43.2254,2154889.34
2024-01-03 12:05:00,49828.75,49843.34,49809.33,49812.84,14.209994,707840.18
2024-01-03 12:06:00,49787.84,49798.81,49740.15,49773.85,18.776386,934572.99
2024-01-03 12:07:00,49851.12,49863.73,49819.51,49827.95,24.242435,1207950.76
2024-01-03 12:08:00,49751.34,49765.04,49735.35,49760.47,12.248833,609507.68
2024-01-03 12:09:00,49712.61,49757.96,49704.37,49739.71,12.688907,631142.55
2024-01-03 12:10:00,49742.79,49750.08,49737.68,49741.41,8.339415,414814.27
2024-01-03 12:11:00,49730.63,49762.76,49720.65,49746.98,20.288736,1009303.33
2024-01-03 12:12:00,49716.92,49749.96,49715.86,49738.02,29.261778,1455423.0
2024-01-03 12:13:00,49743.41,49768.98,49730.55,49757.81,5.186601,258073.95
2024-01-03 12:14:00,49842.16,49854.77,49757.22,49792.46,2.745039,136682.23
2024-01-03 12:15:00,49831.91,49840.5,49784.87,49829.19,23.835425,1187699.89
2024-01-03 12:16:00,49787.14,49799.99,49752.6,49779.9,7.393321,368038.76
2024-01-03 12:17:00,49741.24,49792.63,49727.25,49765.69,31.279745,1556658.11
2024-01-03 12:18:00,49788.55,49845.38,49777.37,49825.43,22.10143,1101213.24
2024-01-03 12:19:00,49853.78,49889.11,49825.69,49870.16,20.264601,1010598.94
2024-01-03 12:20:00,49830.28,49837.45,49780.95,49801.52,29.584973,1473376.58
2024-01-03 12:21:00,49825.78,49831.0,49803.97,49819.09,17.733891,883486.37
2024-01-03 12:22:00,49732.15,49756.97,49688.94,49720.18,0.724877,36041.02
2024-01-03 12:23:00,49737.3,49745.16,49705.34,49722.53,58.028291,2885313.31
2024-01-03 12:24:00,49805.59,49847.5,49788.36,49817.42,28.124542,1401092.02
2024-01-03 12:25:00,49797.78,49802.49,49758.76,49770.02,4.044149,201277.4
2024-01-03 12:26:00,49715.65,49732.16,49715.48,49728.31,19.522973,970844.38
2024-01-03 12:27:00,49794.63,49797.5,49754.12,49766.51,27.53874,1370506.88
2024-01-03 12:28:00,49698.21,49709.24,49658.82,49689.37,5.053607,251110.52
2024-01-03 12:29:00,49621.95,49665.97,49615.0,49657.73,49.919926,2478910.2
2024-01-03 12:30:00,49672.59,49693.42,49671.86,49687.55,13.40881,666250.93
2024-01-03 12:31:00,49620.14,49658.99,49614.0,49655.84,1.489048,73939.93
2024-01-03 12:32:00,49667.3,49677.38,49641.46,49644.04,14.209403,705412.16
2024-01-03 12:33:00,49680.75,49682.68,49666.44,49681.25,1.527173,75871.87
2024-01-03 12:34:00,49657.76,49710.26,49656.63,49702.33,44.250432,2199349.35
2024-01-03 12:35:00,49723.18,49725.07,49700.48,49715.67,9.82054,488234.7
2024-01-03 12:36:00,49687.97,49701.96,49676.33,49698.71,0.455843,22654.83
2024-01-03 12:37:00,49687.54,49725.83,49676.76,49717.21,19.844435,986609.98
2024-01-03 12:38:00,49744.59,49750.55,49690.39,49711.03,4.091097,203372.61
2024-01-03 12:39:00,49736.06,49754.57,49713.58,49733.92,6.508684,323702.36
2024-01-03 12:40:00,49703.2,49713.21,49694.6,49709.07,33.912813,1685774.42
2024-01-03 12:41:00,49691.95,49717.78,49678.62,49699.94,10.334623,513630.18
2024-01-03 12:42:00,49620.18,49654.93,49605.63,49650.44,19.67257,976751.84
2024-01-03 12:43:00,49622.6,49653.47,49602.68,49648.69,11.734543,582604.71
2024-01-03 12:44:00,49633.84,49634.47,49589.05,49608.14,27.850097,1381591.63
2024-01-03 12:45:00,49542.96,49563.53,49542.01,49552.44,4.506014,223283.99
2024-01-03 12:46:00,49565.82,49568.6,49530.25,49565.37,5.301238,262757.84
2024-01-03 12:47:00,49535.12,49582.82,49528.24,49576.01,43.660788,2164527.72
2024-01-03 12:48:00,49588.79,49631.73,49572.19,49615.15,20.914538,1037678.02
2024-01-03 12:49:00,49605.79,49613.75,49589.46,49593.6,12.893407,639430.47
2024-01-03 12:50:00,49621.56,49634.9,49613.92,49614.0,75.90782,3766090.66
2024-01-03 12:51:00,49676.61,49693.2,49640.25,49641.54,28.165388,1398173.27
2024-01-03 12:52:00,49690.64,49699.14,49645.03,49663.78,24.555761,1219531.89
2024-01-03 12:53:00,49617.88,49641.24,49603.54,49622.5,25.640856,1272363.3
2024-01-03 12:54:00,49639.42,49639.83,49609.99,49629.97,4.844964,240455.4
2024-01-03 12:55:00,49641.84,49651.2,49632.81,49648.17,10.553564,523965.17
2024-01-03 12:56:00,49689.63,49697.07,49640.93,49648.53,9.13527,453552.72
2024-01-03 12:57:00,49567.19,49569.33,49507.85,49544.21,13.388918,663343.35
2024-01-03 12:58:00,49555.63,49567.16,49538.08,49552.23,2.559909,126849.22
2024-01-03 12:59:00,49666.87,49673.74,49654.98,49662.86,26.307368,1306499.11
2024-01-03 13:00:00,49673.75,49676.32,49626.66,49644.86,32.122194,1594701.72
2024-01-03 13:01:00,49620.04,49623.66,49597.5,49608.45,9.192328,456017.15
2024-01-03 13:02:00,49658.29,49675.75,49617.61,49627.12,13.887453,689194.28
2024-01-03 13:03:00,49598.87,49646.6,49597.03,49642.74,5.922285,293998.43
2024-01-03 13:04:00,49711.6,49730.12,49696.07,49702.38,10.97436,545451.78
2024-01-03 13:05:00,49629.17,49663.08,49597.63,49639.48,17.112625,849461.84
2024-01-03 13:06:00,49711.18,49716.62,49656.29,49676.05,25.769,1280102.17
2024-01-03 13:07:00,49736.5,49747.91,49654.03,49705.57,29.428438,1462757.34
2024-01-03 13:08:00,49699.12,49709.15,49691.83,49698.47,17.248972,857247.44
2024-01-03 13:09:00,49746.11,49766.08,49691.46,49715.4,14.591837,725438.98
2024-01-03 13:10:00,49802.53,49810.62,49759.36,49766.87,42.97791,2138876.16
2024-01-03 13:11:00,49811.98,49831.93,49809.38,49810.49,10.100001,503085.97
2024-01-03 13:12:00,49802.78,49809.29,49735.39,49753.34,21.800937,1084669.35
2024-01-03 13:13:00,49793.72,49804.08,49752.1,49794.34,16.405093,816880.86
2024-01-03 13:14:00,49786.82,49796.19,49783.71,49791.11,6.536272,325448.23
2024-01-03 13:15:00,49812.07,49828.36,49763.46,49794.75,6.668245,332043.61
2024-01-03 13:16:00,49791.34,49809.6,49786.07,49798.41,36.439135,1814611.15
2024-01-03 13:17:00,49792.61,49796.12,49776.51,49790.9,8.195394,408056.05
2024-01-03 13:18:00,49878.68,49903.99,49827.92,49850.49,2.946617,146890.29
2024-01-03 13:19:00,49846.69,49850.3,49817.8,49846.3,4.741115,236327.03
2024-01-03 13:20:00,49756.42,49813.08,49749.56,49790.32,18.450708,918666.76
2024-01-03 13:21:00,49777.99,49780.69,49751.5,49770.65,0.242761,12082.35
2024-01-03 13:22:00,49765.66,49801.91,49753.56,49779.58,16.63589,828127.65
2024-01-03 13:23:00,49858.35,49867.46,49815.51,49841.04,13.554475,675569.16
2024-01-03 13:24:00,49885.12,49894.58,49867.84,49871.2,1.45224,72424.93
2024-01-03 13:25:00,49858.1,49890.2,49816.84,49828.67,17.911685,892515.44
2024-01-03 13:26:00,49971.08,49996.07,49952.27,49952.93,10.584486,528726.1
2024-01-03 13:27:00,49987.97,49998.94,49948.01,49966.17,7.43743,371619.91
2024-01-03 13:28:00,50016.56,50035.09,50006.39,50029.94,10.080599,504331.76
2024-01-03 13:29:00,50038.43,50056.44,50003.56,50022.35,19.105356,955694.89
2024-01-03 13:30:00,50088.39,50105.39,50044.26,50049.02,52.583507,2631753.05
2024-01-03 13:31:00,50077.22,50107.14,50069.88,50090.99,0.219802,11010.08
2024-01-03 13:32:00,50187.9,50201.82,50133.38,50151.9,2.314506,116076.9
2024-01-03 13:33:00,50193.79,50207.04,50183.18,50204.77,1.691651,84928.95
2024-01-03 13:34:00,50231.34,50265.47,50211.15,50248.38,27.153535,1364421.22
2024-01-03 13:35:00,50238.55,50245.26,50226.56,50232.63,18.527137,930666.79
2024-01-03 13:36:00,50218.36,50237.34,50177.09,50204.04,9.667452,485345.13
2024-01-03 13:37:00,50238.91,50253.58,50196.14,50220.67,14.262229,716258.73
2024-01-03 13:38:00,50248.09,50268.61,50233.92,50267.33,9.355247,470263.26
2024-01-03 13:39:00,50264.88,50273.91,50250.37,50256.19,13.505872,678753.67
2024-01-03 13:40:00,50295.74,50336.76,50281.44,50309.45,14.465746,727763.72
2024-01-03 13:41:00,50352.3,50392.91,50336.11,50382.08,9.677814,487588.42
2024-01-03 13:42:00,50317.69,50338.42,50290.69,50336.27,23.298543,1172761.61
2024-01-03 13:43:00,50279.4,50317.96,50277.64,50294.42,14.451547,726832.18
2024-01-03 13:44:00,50297.83,50307.86,50286.63,50287.4,16.071798,808208.92
2024-01-03 13:45:00,50325.83,50336.32,50281.2,50302.78,14.959726,752515.84
2024-01-03 13:46:00,50247.09,50290.88,50240.21,50276.55,9.158784,460472.1
2024-01-03 13:47:00,50351.2,50359.12,50322.44,50344.16,2.097994,105621.77
2024-01-03 13:48:00,50341.83,50376.44,50333.73,50365.37,23.86259,1201848.05
2024-01-03 13:49:00,50379.92,50383.48,50366.23,50367.34,12.771833,643283.23
2024-01-03 13:50:00,50283.09,50296.72,50280.18,50295.54,59.275421,2981289.5
2024-01-03 13:51:00,50208.73,50233.94,50185.87,50229.75,21.115232,1060612.87
2024-01-03 13:52:00,50259.8,50272.41,50224.35,50243.8,8.853264,444821.64
2024-01-03 13:53:00,50125.43,50138.24,50111.84,50137.17,4.956953,248527.62
2024-01-03 13:54:00,50181.49,50218.64,50172.07,50187.8,25.76403,1293040.1
2024-01-03 13:55:00,50135.5,50182.07,50122.86,50179.9,1.773009,88969.43
2024-01-03 13:56:00,50360.98,50378.61,50326.7,50342.05,2.593675,130570.91
2024-01-03 13:57:00,50473.87,50495.24,50444.2,50457.45,39.051765,1970452.4
2024-01-03 13:58:00,50448.48,50455.74,50442.72,50448.37,0.56882,28696.05
2024-01-03 13:59:00,50412.51,50452.22,50405.17,50443.06,12.721627,641717.77
2024-01-03 14:00:00,50517.02,50529.06,50457.48,50492.84,5.204242,262776.92
2024-01-03 14:01:00,50564.67,50580.38,50557.5,50578.0,15.18081,767814.92
2024-01-03 14:02:00,50487.03,50502.16,50485.13,50496.09,21.612289,1091336.17
2024-01-03 14:03:00,50453.02,50453.99,50378.12,50406.78,43.65791,2200654.48
2024-01-03 14:04:00,50361.6,50395.6,50351.12,50375.67,8.746978,440634.9
2024-01-03 14:05:00,50419.65,50424.87,50377.71,50404.81,18.957484,955548.4
2024-01-03 14:06:00,50440.9,50451.48,50418.68,50429.65,4.664188,235213.39
2024-01-03 14:07:00,50490.95,50492.43,50462.32,50483.14,2.34228,118245.65
2024-01-03 14:08:00,50428.8,50434.33,50410.42,50423.16,9.691059,488653.81
2024-01-03 14:09:00,50314.88,50317.31,50292.51,50307.35,20.439767,1028270.51
2024-01-03 14:10:00,50355.69,50361.99,50342.48,50350.25,55.300462,2784392.15
2024-01-03 14:11:00,50307.8,50318.99,50299.6,50308.84,0.970293,48814.31
2024-01-03 14:12:00,50238.14,50241.13,50207.78,50207.92,34.208074,1717516.14
2024-01-03 14:13:00,50188.92,50216.01,50186.14,50215.17,5.240467,263150.94
2024-01-03 14:14:00,50275.26,50291.22,50240.47,50254.83,17.010553,854862.45
2024-01-03 14:15:00,50265.17,50271.4,50231.09,50248.73,9.392615,471966.93
2024-01-03 14:16:00,50239.8,50269.51,50219.99,50225.83,14.673649,736996.26
2024-01-03 14:17:00,50240.21,50245.66,50196.75,50217.87,12.749631,640259.25
2024-01-03 14:18:00,50197.48,50223.73,50194.67,50199.34,15.197035,762881.07
2024-01-03 14:19:00,50094.56,50138.17,50091.27,50131.93,25.826439,1294729.35
2024-01-03 14:20:00,50094.75,50121.31,50090.49,50096.2,8.346174,418111.62
2024-01-03 14:21:00,50102.44,50137.09,50089.95,50122.26,20.950753,1050099.19
2024-01-03 14:22:00,50123.71,50143.78,50094.99,50138.35,25.979223,1302555.33
2024-01-03 14:23:00,50121.9,50169.91,50111.84,50146.75,9.247586,463736.39
2024-01-03 14:24:00,50087.45,50113.09,50072.99,50096.99,3.169313,158773.07
2024-01-03 14:25:00,50075.99,50088.1,50057.22,50087.92,10.102583,506017.35
2024-01-03 14:26:00,49931.51,49987.77,49928.39,49979.07,10.13192,506383.9
2024-01-03 14:27:00,50001.99,50024.25,49980.3,49987.99,3.125134,156219.17
2024-01-03 14:28:00,50103.84,50115.51,50051.36,50059.43,0.89732,44919.34
2024-01-03 14:29:00,49997.85,50014.26,49976.83,49985.73,27.676096,1383409.74
2024-01-03 14:30:00,49952.37,49969.39,49952.14,49956.43,11.676436,583313.04
2024-01-03 14:31:00,49971.79,49991.02,49944.58,49972.88,11.674198,583393.35
2024-01-03 14:32:00,50027.11,50040.92,50000.31,50035.53,2.066448,103395.8
2024-01-03 14:33:00,50014.92,50027.65,50007.0,50013.12,25.064408,1253549.15
2024-01-03 14:34:00,49977.76,49992.85,49975.03,49978.5,13.994187,699408.52
2024-01-03 14:35:00,49863.24,49888.75,49853.95,49880.06,33.918803,1691871.84
2024-01-03 14:36:00,49918.89,49930.93,49856.34,49885.23,26.931325,1343475.3
2024-01-03 14:37:00,49957.59,49998.92,49942.05,49987.33,2.218661,110904.97
2024-01-03 14:38:00,50015.57,50016.61,49964.88,50001.2,38.710169,1935554.92
2024-01-03 14:39:00,49998.06,50004.9,49991.41,50000.09,40.356306,2017818.82
2024-01-03 14:40:00,50054.21,50073.43,50003.94,50016.19,25.708391,1285835.79
2024-01-03 14:41:00,50022.45,50023.46,50011.54,50015.64,10.635616,531947.12
2024-01-03 14:42:00,49967.79,49983.5,49966.51,49974.99,0.99679,49814.56
2024-01-03 14:43:00,50011.2,50019.8,49994.16,50016.15,4.790484,239601.56
2024-01-03 14:44:00,50028.24,50045.38,50020.56,50027.44,6.323016,316324.29
2024-01-03 14:45:00,50005.46,50030.99,49990.24,50028.32,8.828418,441670.89
2024-01-03 14:46:00,49964.21,49986.13,49962.3,49979.55,28.023465,1400600.15
2024-01-03 14:47:00,50009.03,50063.46,49989.97,50044.73,13.361231,668659.14
2024-01-03 14:48:00,50059.5,50097.87,50054.03,50077.96,11.867091,594279.73
2024-01-03 14:49:00,50052.19,50069.85,50033.98,50050.31,16.982742,849991.56
2024-01-03 14:50:00,50106.41,50109.5,50091.77,50100.41,35.388116,1772958.97
2024-01-03 14:51:00,50035.94,50077.34,50032.21,50075.53,10.600677,530834.49
2024-01-03 14:52:00,50033.68,50040.47,50016.84,50036.43,24.905844,1246199.42
2024-01-03 14:53:00,50009.71,50014.32,49979.66,49998.44,13.902116,695084.12
2024-01-03 14:54:00,49906.63,49921.27,49888.75,49909.89,4.935117,246311.13
2024-01-03 14:55:00,49920.79,49949.34,49913.05,49933.47,11.367418,567614.57
2024-01-03 14:56:00,49833.66,49848.54,49828.17,49841.91,40.146668,2000986.55
2024-01-03 14:57:00,49769.67,49787.24,49751.93,49780.49,7.948533,395681.85
2024-01-03 14:58:00,49663.97,49679.17,49650.53,49676.71,40.986979,2036098.12
2024-01-03 14:59:00,49675.88,49681.51,49635.54,49672.4,5.737294,284985.19
2024-01-03 15:00:00,49711.04,49714.26,49662.93,49664.89,14.181749,704334.97
2024-01-03 15:01:00,49633.68,49654.46,49608.96,49648.55,29.360289,1457695.85
2024-01-03 15:02:00,49590.06,49596.53,49589.54,49596.42,6.485414,321653.34
2024-01-03 15:03:00,49536.78,49550.02,49516.2,49537.81,26.549022,1315180.43
2024-01-03 15:04:00,49547.28,49573.31,49522.92,49561.03,10.637832,527221.89
2024-01-03 15:05:00,49555.47,49582.02,49515.53,49533.5,10.173521,503930.12
2024-01-03 15:06:00,49501.9,49563.92,49489.79,49549.32,13.278899,657960.42
2024-01-03 15:07:00,49494.44,49521.09,49471.31,49505.06,39.600486,1960424.34
2024-01-03 15:08:00,49530.48,49532.8,49504.3,49514.11,13.730551,679856.05
2024-01-03 15:09:00,49573.39,49580.66,49561.85,49579.27,32.183397,1595629.49
2024-01-03 15:10:00,49592.17,49624.39,49574.66,49608.58,30.903277,1533067.81
2024-01-03 15:11:00,49596.78,49597.76,49574.1,49587.96,6.734168,333933.69
2024-01-03 15:12:00,49618.95,49634.29,49579.11,49600.82,8.52131,422663.97
2024-01-03 15:13:00,49593.0,49606.14,49575.79,49588.79,2.443947,121192.36
2024-01-03 15:14:00,49573.16,49595.22,49561.63,49589.18,35.663545,1768526.05
2024-01-03 15:15:00,49582.03,49588.7,49555.83,49572.9,8.82124,437294.49
2024-01-03 15:16:00,49556.64,49572.96,49550.7,49564.69,4.459835,221050.3
2024-01-03 15:17:00,49590.19,49598.88,49547.27,49575.29,4.475119,221855.34
2024-01-03 15:18:00,49555.29,49579.11,49502.27,49525.62,12.963047,642002.96
2024-01-03 15:19:00,49422.72,49474.93,49406.7,49474.83,1.825896,90335.88
2024-01-03 15:20:00,49407.62,49410.57,49385.99,49405.4,32.721324,1616610.15
2024-01-03 15:21:00,49290.67,49348.37,49286.69,49325.39,23.028113,1135870.61
2024-01-03 15:22:00,49313.36,49313.6,49235.45,49264.52,1.585196,78093.93
2024-01-03 15:23:00,49263.13,49276.25,49251.2,49272.5,26.056578,1283872.68
2024-01-03 15:24:00,49242.79,49250.46,49210.93,49227.86,51.638161,2542036.06
2024-01-03 15:25:00,49252.83,49254.76,49242.42,49253.54,16.262238,800972.76
2024-01-03 15:26:00,49239.21,49263.51,49231.72,49255.27,38.407189,1891756.63
2024-01-03 15:27:00,49138.41,49170.74,49132.57,49156.85,27.031776,1328796.94
2024-01-03 15:28:00,49221.31,49254.63,49166.03,49189.6,4.111261,202231.26
2024-01-03 15:29:00,49249.26,49250.22,49223.13,49230.14,13.945959,686561.5
2024-01-03 15:30:00,49219.32,49245.76,49157.36,49180.44,20.525649,1009460.56
2024-01-03 15:31:00,49202.56,49216.25,49169.9,49201.45,4.899395,241057.35
2024-01-03 15:32:00,49164.39,49172.26,49153.38,49158.63,42.184973,2073755.45
2024-01-03 15:33:00,49158.17,49182.63,49152.53,49163.51,6.681511,328486.56
2024-01-03 15:34:00,49094.55,49121.64,49089.14,49100.29,33.162819,1628303.95
2024-01-03 15:35:00,48989.79,49046.36,48988.86,49010.63,5.029069,246477.83
2024-01-03 15:36:00,48993.17,49013.56,48986.12,48991.49,24.148891,1183090.19
2024-01-03 15:37:00,48969.52,49010.06,48956.26,48985.31,27.602174,1352100.92
2024-01-03 15:38:00,48974.26,48976.84,48942.19,48965.42,13.65195,668473.48
2024-01-03 15:39:00,48909.62,48917.49,48898.2,48906.22,20.882162,1021267.59
2024-01-03 15:40:00,48891.98,48900.48,48881.29,48886.22,25.332041,1238387.86
2024-01-03 15:41:00,48933.19,48953.24,48886.64,48899.69,24.030175,1175068.12
2024-01-03 15:42:00,48896.69,48914.64,48863.76,48897.44,27.366724,1338162.86
2024-01-03 15:43:00,48921.7,48929.36,48887.23,48906.57,32.452888,1587159.43
2024-01-03 15:44:00,48914.09,48926.8,48863.28,48873.06,18.406767,899595.12
2024-01-03 15:45:00,48957.78,48962.1,48897.65,48931.65,26.085315,1276397.49
2024-01-03 15:46:00,48895.9,48912.43,48856.19,48872.84,46.597525,2277353.46
2024-01-03 15:47:00,48891.09,48904.95,48864.55,48897.22,25.886643,1265784.85
2024-01-03 15:48:00,48960.91,48988.03,48948.49,48956.31,13.653053,668403.13
2024-01-03 15:49:00,48953.99,48983.04,48950.57,48980.36,23.065669,1129764.74
2024-01-03 15:50:00,48980.21,48983.54,48963.19,48970.23,20.072338,982947.06
2024-01-03 15:51:00,48949.31,48954.13,48939.34,48943.82,8.740688,427802.63
2024-01-03 15:52:00,48996.09,48998.23,48988.57,48995.62,0.064576,3163.94
2024-01-03 15:53:00,48945.02,48957.74,48922.76,48924.47,10.203011,499176.93
2024-01-03 15:54:00,48851.81,48879.52,48836.31,48875.97,20.190843,986847.01
2024-01-03 15:55:00,48888.79,48900.61,48830.8,48856.09,17.887582,873917.29
2024-01-03 15:56:00,48936.01,48950.18,48909.22,48917.97,1.012952,49551.54
2024-01-03 15:57:00,48935.55,48943.39,48910.85,48936.96,5.549538,271577.52
2024-01-03 15:58:00,48885.58,48896.08,48847.55,48888.56,1.484098,72555.43
2024-01-03 15:59:00,48882.66,48897.81,48859.01,48873.04,39.00905,1906490.98
2024-01-03 16:00:00,48872.74,48881.0,48820.46,48842.33,18.472842,902256.61
2024-01-03 16:01:00,48808.87,48821.52,48799.92,48806.84,17.923829,874805.42
2024-01-03 16:02:00,48858.66,48880.02,48851.25,48855.78,2.353753,114994.45
2024-01-03 16:03:00,48787.56,48816.66,48785.53,48787.19,17.836637,870199.47
2024-01-03 16:04:00,48903.27,48911.79,48866.05,48867.63,9.917584,484648.88
2024-01-03 16:05:00,48901.67,48909.4,48892.56,48909.05,46.145399,2256927.43
2024-01-03 16:06:00,48963.0,48976.78,48955.19,48963.59,14.487593,709364.52
2024-01-03 16:07:00,48969.71,48982.05,48938.23,48940.44,32.263849,1579006.99
2024-01-03 16:08:00,48935.88,48943.01,48915.27,48932.94,34.787818,1702270.35
2024-01-03 16:09:00,48884.03,48907.75,48854.16,48861.29,21.190825,1035410.99
2024-01-03 16:10:00,48816.83,48865.53,48802.44,48835.05,14.405479,703492.36
2024-01-03 16:11:00,48855.63,48862.29,48855.12,48859.74,9.75463,476608.63
2024-01-03 16:12:00,48954.23,48961.18,48917.03,48924.54,5.831057,285281.79
2024-01-03 16:13:00,48855.65,48880.88,48846.87,48869.18,2.782095,135958.72
2024-01-03 16:14:00,48847.88,48855.69,48836.31,48850.91,16.599911,810920.71
2024-01-03 16:15:00,48848.48,48874.9,48840.14,48843.34,18.281332,892921.35
2024-01-03 16:16:00,48753.77,48773.99,48746.48,48773.55,0.745814,36375.99
2024-01-03 16:17:00,48794.84,48822.8,48787.54,48803.12,18.080318,882375.91
2024-01-03 16:18:00,48769.17,48778.87,48737.36,48766.92,4.042296,197130.34
2024-01-03 16:19:00,48758.08,48758.95,48749.2,48757.15,8.312195,405278.95
2024-01-03 16:20:00,48760.16,48778.35,48730.08,48734.55,5.828301,284039.65
2024-01-03 16:21:00,48725.92,48739.43,48679.89,48695.09,4.551812,221650.9
2024-01-03 16:22:00,48677.61,48696.54,48677.23,48694.73,37.613832,1831595.53
2024-01-03 16:23:00,48686.18,48691.55,48659.91,48683.95,4.92318,239679.88
2024-01-03 16:24:00,48678.85,48683.55,48663.99,48665.36,29.055064,1413975.17
2024-01-03 16:25:00,48659.26,48668.06,48615.64,48628.94,16.477572,801286.8
2024-01-03 16:26:00,48659.28,48665.24,48637.77,48644.91,18.400772,895103.94
2024-01-03 16:27:00,48733.41,48748.33,48725.39,48727.59,26.553823,1293903.93
2024-01-03 16:28:00,48747.92,48761.97,48709.64,48734.59,1.71602,83629.55
2024-01-03 16:29:00,48797.87,48798.29,48769.0,48784.39,7.682419,374782.16
2024-01-03 16:30:00,48696.33,48724.78,48689.17,48714.88,19.287232,939575.27
2024-01-03 16:31:00,48726.63,48754.57,48697.79,48722.77,32.21711,1569706.91
2024-01-03 16:32:00,48697.09,48701.63,48663.13,48667.9,29.094518,1415969.2
2024-01-03 16:33:00,48589.91,48609.17,48589.33,48594.06,1.707499,82974.32
2024-01-03 16:34:00,48559.68,48583.87,48539.84,48557.09,1.249644,60679.08
2024-01-03 16:35:00,48611.83,48646.88,48602.62,48616.68,38.24032,1859117.52
2024-01-03 16:36:00,48617.91,48673.27,48603.46,48664.18,2.798588,136191.02
2024-01-03 16:37:00,48676.75,48677.49,48671.81,48676.33,11.651894,567171.49
2024-01-03 16:38:00,48605.74,48608.21,48587.02,48599.7,5.857363,284666.07
2024-01-03 16:39:00,48579.64,48606.49,48570.43,48589.89,36.987196,1797203.61
2024-01-03 16:40:00,48581.88,48617.29,48567.89,48604.97,8.097424,393575.03
2024-01-03 16:41:00,48596.14,48642.4,48587.27,48613.75,1.422403,69148.33
2024-01-03 16:42:00,48536.84,48551.68,48511.15,48521.56,7.270218,352762.3
2024-01-03 16:43:00,48516.49,48531.62,48471.13,48477.04,29.127887,1412033.77
2024-01-03 16:44:00,48501.49,48512.02,48473.5,48473.84,15.757081,763806.2
2024-01-03 16:45:00,48473.77,48518.63,48449.15,48500.65,28.517605,1383122.44
2024-01-03 16:46:00,48407.94,48408.17,48380.99,48390.85,41.300378,1998560.21
2024-01-03 16:47:00,48369.48,48399.07,48357.88,48382.74,20.242036,979365.14
2024-01-03 16:48:00,48378.25,48399.05,48375.97,48389.89,5.183027,250806.14
2024-01-03 16:49:00,48423.13,48452.97,48398.36,48432.37,1.329562,64393.83
2024-01-03 16:50:00,48481.14,48485.51,48457.79,48467.02,11.376767,551397.95
2024-01-03 16:51:00,48515.33,48516.17,48472.17,48496.14,20.117952,975643.11
2024-01-03 16:52:00,48454.19,48471.19,48440.46,48456.15,0.170927,8282.49
2024-01-03 16:53:00,48359.13,48367.56,48344.25,48360.75,3.838831,185648.71
2024-01-03 16:54:00,48350.38,48354.28,48319.48,48341.09,29.133189,1408330.22
2024-01-03 16:55:00,48402.54,48404.78,48372.33,48391.18,20.92195,1012437.78
2024-01-03 16:56:00,48484.37,48485.71,48451.47,48460.85,16.317636,790766.47
2024-01-03 16:57:00,48470.69,48502.26,48460.99,48496.38,32.915179,1596266.92
2024-01-03 16:58:00,48518.24,48526.56,48517.17,48517.84,34.13353,1656085.26
2024-01-03 16:59:00,48515.46,48564.58,48514.34,48536.83,13.679383,663953.81
2024-01-03 17:00:00,48508.0,48517.5,48493.57,48509.02,6.760416,327941.17
2024-01-03 17:01:00,48497.99,48513.24,48494.26,48502.52,6.386653,309768.73
2024-01-03 17:02:00,48585.03,48598.72,48563.23,48585.97,2.658288,129155.49
2024-01-03 17:03:00,48522.85,48545.91,48503.76,48538.84,7.818282,379490.34
2024-01-03 17:04:00,48589.83,48639.07,48563.43,48619.58,29.951497,1456229.25
2024-01-03 17:05:00,48561.59,48603.91,48535.02,48603.48,6.350436,308653.29
2024-01-03 17:06:00,48667.13,48689.82,48660.6,48669.75,21.980758,1069798.02
2024-01-03 17:07:00,48590.79,48624.2,48572.24,48599.41,8.790654,427220.6
2024-01-03 17:08:00,48615.19,48646.98,48607.67,48628.71,13.015217,632913.17
2024-01-03 17:09:00,48618.32,48623.91,48590.92,48591.87,24.598682,1195295.87
2024-01-03 17:10:00,48503.91,48539.31,48493.79,48521.1,23.286414,1129882.5
2024-01-03 17:11:00,48560.37,48594.26,48528.71,48532.03,33.894899,1644988.26
2024-01-03 17:12:00,48614.98,48620.92,48555.82,48582.5,26.732298,1298721.97
2024-01-03 17:13:00,48501.24,48546.33,48501.23,48540.26,11.324714,549704.54
2024-01-03 17:14:00,48467.15,48477.62,48447.44,48465.31,8.114657,393279.34
2024-01-03 17:15:00,48452.72,48476.51,48448.54,48460.71,7.087557,343468.06
2024-01-03 17:16:00,48398.11,48464.58,48366.14,48456.34,21.571987,1045299.58
2024-01-03 17:17:00,48454.87,48502.41,48438.99,48483.76,45.997136,2230114.03
2024-01-03 17:18:00,48546.74,48567.63,48530.59,48531.24,33.62128,1631682.34
2024-01-03 17:19:00,48568.65,48578.28,48518.83,48528.27,3.754562,182202.41
2024-01-03 17:20:00,48639.1,48657.26,48617.13,48621.04,12.292692,597683.51
2024-01-03 17:21:00,48638.73,48646.14,48628.19,48632.25,40.445246,1966943.49
2024-01-03 17:22:00,48614.51,48617.62,48594.95,48614.93,20.485415,995897.08
2024-01-03 17:23:00,48568.01,48577.73,48522.23,48534.35,30.202255,1465846.92
2024-01-03 17:24:00,48564.19,48564.64,48490.31,48521.22,23.024571,1117180.3
2024-01-03 17:25:00,48492.66,48512.47,48474.6,48504.4,11.525165,559021.22
2024-01-03 17:26:00,48512.42,48565.31,48502.58,48552.42,8.610689,418069.78
2024-01-03 17:27:00,48533.58,48591.74,48532.17,48575.54,14.218078,690650.84
2024-01-03 17:28:00,48543.01,48554.77,48515.67,48516.57,5.316294,257928.36
2024-01-03 17:29:00,48524.24,48526.09,48518.49,48525.19,8.0361,389953.22
2024-01-03 17:30:00,48562.43,48567.14,48551.73,48558.76,2.973073,144368.72
2024-01-03 17:31:00,48599.35,48637.44,48592.67,48635.16,11.99096,583182.32
2024-01-03 17:32:00,48664.48,48686.15,48647.34,48679.54,7.841318,381711.74
2024-01-03 17:33:00,48711.67,48721.4,48692.67,48717.58,14.317276,697503.06
2024-01-03 17:34:00,48724.74,48731.97,48716.57,48720.59,23.284704,1134444.42
2024-01-03 17:35:00,48732.03,48752.23,48722.86,48740.0,1.688286,82287.09
2024-01-03 17:36:00,48781.73,48823.69,48764.54,48802.48,24.759933,1208346.03
2024-01-03 17:37:00,48720.15,48752.67,48709.32,48735.84,32.763338,1596748.7
2024-01-03 17:38:00,48742.53,48748.01,48700.76,48718.37,18.302971,891690.85
2024-01-03 17:39:00,48684.63,48708.68,48679.05,48679.74,0.890555,43351.97
2024-01-03 17:40:00,48710.94,48731.67,48685.81,48698.69,28.933558,1409026.5
2024-01-03 17:41:00,48742.23,48775.84,48719.42,48760.21,19.652962,958282.48
2024-01-03 17:42:00,48671.28,48733.72,48665.49,48730.36,22.376486,1090414.14
2024-01-03 17:43:00,48600.38,48617.62,48574.45,48610.84,40.70343,1978627.99
2024-01-03 17:44:00,48572.9,48624.3,48552.99,48590.23,24.188854,1175341.98
2024-01-03 17:45:00,48642.88,48667.61,48627.54,48635.9,41.485421,2017680.98
2024-01-03 17:46:00,48728.5,48743.13,48648.01,48662.79,7.030056,342102.11
2024-01-03 17:47:00,48698.1,48699.77,48676.81,48684.2,1.371426,66766.76
2024-01-03 17:48:00,48724.91,48736.69,48652.27,48670.2,32.978581,1605074.01
2024-01-03 17:49:00,48617.62,48619.25,48588.61,48606.24,9.714921,472205.84
2024-01-03 17:50:00,48619.41,48660.09,48618.08,48632.01,47.768188,2323062.93
2024-01-03 17:51:00,48597.25,48598.68,48561.99,48590.29,36.038148,1751104.22
2024-01-03 17:52:00,48735.11,48740.15,48692.5,48699.5,11.7523,572331.15
2024-01-03 17:53:00,48764.62,48797.5,48721.35,48728.02,34.025473,1657994.08
2024-01-03 17:54:00,48687.49,48728.15,48672.41,48698.99,23.246667,1132089.24
2024-01-03 17:55:00,48673.49,48678.16,48653.25,48668.42,15.800636,768992.03
2024-01-03 17:56:00,48635.19,48673.86,48632.89,48663.78,6.325823,307838.44
2024-01-03 17:57:00,48668.29,48685.78,48601.77,48651.8,15.714945,764560.39
2024-01-03 17:58:00,48738.71,48749.07,48703.43,48707.64,13.190872,642496.26
2024-01-03 17:59:00,48717.76,48734.1,48697.92,48716.96,36.162572,1761730.69
2024-01-03 18:00:00,48667.03,48684.19,48652.0,48680.38,16.04115,780889.32
2024-01-03 18:01:00,48782.11,48782.25,48770.78,48774.9,15.374361,749882.98
2024-01-03 18:02:00,48785.72,48799.12,48754.59,48777.37,0.906553,44219.27
2024-01-03 18:03:00,48817.43,48820.68,48813.02,48815.81,24.861275,1213623.3
2024-01-03 18:04:00,48788.97,48796.65,48761.91,48785.4,26.452312,1290486.62
2024-01-03 18:05:00,48800.08,48812.14,48793.56,48803.56,18.227178,889551.09
2024-01-03 18:06:00,48839.03,48851.78,48802.86,48819.11,2.546903,124337.54
2024-01-03 18:07:00,48739.35,48747.82,48718.82,48724.63,28.534306,1390323.45
2024-01-03 18:08:00,48805.73,48837.98,48800.04,48825.39,5.665038,276597.71
2024-01-03 18:09:00,48869.71,48893.86,48858.42,48889.92,19.218653,939598.49
2024-01-03 18:10:00,48864.98,48879.31,48856.48,48870.07,10.096299,493406.79
2024-01-03 18:11:00,48829.69,48840.25,48806.62,48814.95,7.182958,350635.76
2024-01-03 18:12:00,48835.29,48845.05,48827.09,48832.33,3.075731,150195.12
2024-01-03 18:13:00,48823.8,48844.96,48794.68,48836.66,26.796513,1308652.3
2024-01-03 18:14:00,48859.68,48863.74,48831.34,48854.45,15.085358,736986.82
2024-01-03 18:15:00,48857.41,48881.45,48826.97,48864.03,5.326858,260291.75
2024-01-03 18:16:00,48906.95,48908.12,48885.38,48889.34,32.922587,1609563.5
2024-01-03 18:17:00,48968.37,48984.9,48946.24,48961.7,5.284918,258758.59
2024-01-03 18:18:00,48983.8,49017.01,48983.03,48990.11,21.126747,1035001.65
2024-01-03 18:19:00,48942.26,48945.88,48920.09,48937.63,32.336551,1582474.06
2024-01-03 18:20:00,49032.06,49041.73,49004.57,49005.75,23.325492,1143083.34
2024-01-03 18:21:00,49076.39,49097.35,49050.4,49087.79,24.672312,1211109.17
2024-01-03 18:22:00,49253.44,49268.93,49235.95,49245.39,3.115396,153418.87
2024-01-03 18:23:00,49187.8,49192.15,49183.17,49189.21,15.420567,758525.57
2024-01-03 18:24:00,49209.9,49230.34,49200.13,49201.36,7.078059,348250.12
2024-01-03 18:25:00,49084.16,49111.32,49077.75,49097.25,33.561889,1647796.56
2024-01-03 18:26:00,49127.12,49135.99,49121.82,49124.91,15.385938,755832.84
2024-01-03 18:27:00,49119.66,49127.36,49089.38,49097.5,31.163488,1530049.38
2024-01-03 18:28:00,49174.93,49204.33,49159.43,49193.67,23.90458,1175954.09
2024-01-03 18:29:00,49128.35,49159.43,49116.4,49154.94,12.739673,626217.89
2024-01-03 18:30:00,49044.65,49098.25,49018.04,49070.48,12.18554,597950.34
2024-01-03 18:31:00,49023.51,49054.78,49020.05,49046.92,28.953051,1420057.94
2024-01-03 18:32:00,48960.05,48976.76,48931.94,48948.14,39.432854,1930165.06
2024-01-03 18:33:00,48957.58,48991.73,48938.56,48985.7,29.83513,1461494.74
2024-01-03 18:34:00,48876.49,48887.12,48868.46,48882.45,41.045298,2006394.57
2024-01-03 18:35:00,48896.23,48913.71,48877.58,48883.87,13.64121,666835.11
2024-01-03 18:36:00,48788.31,48798.34,48777.84,48779.98,2.431759,118621.13
2024-01-03 18:37:00,48756.25,48767.11,48746.21,48763.96,33.681727,1642454.51
2024-01-03 18:38:00,48849.95,48853.04,48840.58,48846.13,37.27008,1820499.27
2024-01-03 18:39:00,48866.31,48874.38,48853.99,48864.16,28.616461,1398319.47
2024-01-03 18:40:00,48816.5,48831.06,48783.95,48820.99,22.251214,1086326.28
2024-01-03 18:41:00,48815.21,48830.14,48812.5,48819.43,37.839433,1847299.54
2024-01-03 18:42:00,48865.04,48886.42,48798.6,48820.33,16.839423,822106.2
2024-01-03 18:43:00,48860.15,48888.11,48836.4,48843.96,9.589376,468383.1
2024-01-03 18:44:00,48825.23,48839.17,48762.91,48775.62,24.510429,1195511.36
2024-01-03 18:45:00,48795.31,48815.28,48783.72,48805.25,19.551593,954220.36
2024-01-03 18:46:00,48668.33,48687.17,48646.1,48670.03,27.705822,1348443.15
2024-01-03 18:47:00,48611.89,48646.54,48600.61,48638.53,7.361273,358041.54
2024-01-03 18:48:00,48597.93,48624.27,48589.93,48614.12,28.185006,1370189.28
2024-01-03 18:49:00,48683.82,48697.27,48629.55,48645.79,27.152329,1320846.41
2024-01-03 18:50:00,48636.48,48650.53,48633.21,48646.92,14.266986,694044.87
2024-01-03 18:51:00,48615.03,48619.97,48575.45,48576.64,5.006026,243175.93
2024-01-03 18:52:00,48502.52,48531.17,48490.68,48527.39,34.812486,1689359.1
2024-01-03 18:53:00,48516.25,48550.2,48509.57,48537.32,14.193149,688897.48
2024-01-03 18:54:00,48526.55,48538.1,48518.18,48533.37,9.154115,444280.08
2024-01-03 18:55:00,48503.14,48522.98,48495.76,48504.41,13.360457,648041.14
2024-01-03 18:56:00,48498.83,48503.85,48463.43,48480.37,40.15799,1946874.33
2024-01-03 18:57:00,48524.2,48526.49,48507.04,48515.18,40.859187,1982290.84
2024-01-03 18:58:00,48480.97,48492.4,48456.7,48489.3,10.293845,499141.29
2024-01-03 18:59:00,48482.23,48489.16,48455.4,48484.89,40.789665,1977682.49
2024-01-03 19:00:00,48587.01,48603.54,48584.87,48593.39,46.080672,2239216.01
2024-01-03 19:01:00,48503.91,48532.41,48491.98,48522.2,6.903373,334966.89
2024-01-03 19:02:00,48411.85,48449.6,48406.19,48429.61,36.975021,1790685.94
2024-01-03 19:03:00,48489.35,48498.74,48432.04,48468.79,11.202229,542958.49
2024-01-03 19:04:00,48398.3,48448.91,48376.78,48434.86,18.665942,904082.31
2024-01-03 19:05:00,48451.3,48476.77,48398.9,48418.95,0.532207,25768.9
2024-01-03 19:06:00,48373.03,48382.41,48371.42,48379.89,23.929718,1157717.13
2024-01-03 19:07:00,48351.45,48377.74,48346.66,48366.9,27.65147,1337415.9
2024-01-03 19:08:00,48461.62,48478.19,48427.81,48446.83,6.801842,329527.66
2024-01-03 19:09:00,48516.64,48524.06,48469.01,48486.93,20.896427,1013203.66
2024-01-03 19:10:00,48552.4,48578.98,48504.59,48530.04,28.894126,1402233.23
2024-01-03 19:11:00,48469.27,48477.16,48456.82,48459.23,13.756403,666624.73
2024-01-03 19:12:00,48423.41,48427.6,48385.76,48401.68,60.780806,2941892.87
2024-01-03 19:13:00,48225.39,48292.12,48219.64,48259.72,7.257228,350231.78
2024-01-03 19:14:00,48208.82,48220.53,48203.6,48219.25,43.117126,2079075.57
2024-01-03 19:15:00,48248.86,48269.46,48234.18,48267.09,32.907825,1588364.89
2024-01-03 19:16:00,48317.43,48335.18,48268.57,48292.94,27.197909,1313466.85
2024-01-03 19:17:00,48274.19,48285.92,48246.51,48281.86,39.859468,1924489.24
2024-01-03 19:18:00,48297.65,48297.76,48263.38,48280.74,31.4789,1519824.72
2024-01-03 19:19:00,48257.02,48274.89,48238.59,48246.3,12.282918,592605.37
2024-01-03 19:20:00,48239.29,48270.33,48225.43,48256.54,17.37747,838576.53
2024-01-03 19:21:00,48283.09,48307.4,48268.53,48294.83,19.855819,958933.42
2024-01-03 19:22:00,48239.91,48244.26,48209.65,48214.04,37.506173,1808324.03
2024-01-03 19:23:00,48213.51,48232.0,48192.09,48229.02,1.738469,83844.67
2024-01-03 19:24:00,48278.14,48289.03,48268.85,48275.64,41.720048,2014062.11
2024-01-03 19:25:00,48239.24,48257.9,48232.31,48254.89,11.681175,563673.76
2024-01-03 19:26:00,48283.64,48318.89,48263.82,48289.92,25.202669,1217034.93
2024-01-03 19:27:00,48429.73,48437.96,48389.36,48430.65,21.869716,1059164.68
2024-01-03 19:28:00,48409.78,48437.64,48403.21,48425.44,35.180524,1703632.25
2024-01-03 19:29:00,48425.89,48450.95,48415.02,48445.1,6.408332,310452.32
2024-01-03 19:30:00,48413.93,48435.79,48382.57,48408.2,35.284373,1708052.97
2024-01-03 19:31:00,48400.37,48419.27,48396.14,48417.26,19.818806,959572.34
2024-01-03 19:32:00,48424.06,48440.3,48412.16,48440.28,18.725677,907076.95
2024-01-03 19:33:00,48431.24,48457.66,48425.29,48450.02,9.798901,474756.93
2024-01-03 19:34:00,48397.48,48406.61,48396.05,48399.03,35.685609,1727148.98
2024-01-03 19:35:00,48428.23,48442.01,48395.16,48409.35,11.458488,554697.97
2024-01-03 19:36:00,48512.59,48513.5,48465.82,48482.46,4.811766,233286.25
2024-01-03 19:37:00,48490.37,48505.44,48484.1,48504.89,16.181622,784887.87
2024-01-03 19:38:00,48596.0,48600.08,48548.94,48552.99,30.312241,1471750.02
2024-01-03 19:39:00,48521.05,48545.48,48501.34,48541.14,37.024689,1797220.66
2024-01-03 19:40:00,48600.31,48639.12,48564.89,48578.64,7.779813,377932.7
2024-01-03 19:41:00,48578.17,48610.24,48578.05,48592.6,11.348484,551452.34
2024-01-03 19:42:00,48527.64,48559.76,48520.21,48545.05,25.585439,1242046.52
2024-01-03 19:43:00,48546.09,48578.73,48542.0,48560.98,4.972167,241453.29
2024-01-03 19:44:00,48510.35,48518.79,48478.01,48511.4,24.735468,1199952.09
2024-01-03 19:45:00,48491.35,48501.11,48472.9,48479.75,5.359186,259812.03
2024-01-03 19:46:00,48502.62,48527.59,48484.51,48489.22,8.488486,411600.05
2024-01-03 19:47:00,48485.2,48536.96,48477.34,48504.08,10.053528,487637.14
2024-01-03 19:48:00,48424.83,48454.87,48418.37,48444.62,12.591798,610004.85
2024-01-03 19:49:00,48478.99,48514.89,48451.6,48497.32,48.275678,2341240.9
2024-01-03 19:50:00,48523.69,48531.47,48489.24,48525.92,0.620366,30103.85
2024-01-03 19:51:00,48486.48,48514.63,48464.51,48490.68,1.650121,80015.48
2024-01-03 19:52:00,48394.8,48436.48,48368.81,48413.8,38.934752,1884979.4
2024-01-03 19:53:00,48411.95,48428.63,48397.29,48406.56,18.893817,914584.64
2024-01-03 19:54:00,48429.51,48437.49,48381.55,48384.26,25.351114,1226594.91
2024-01-03 19:55:00,48379.82,48396.18,48375.24,48389.92,10.60501,513175.57
2024-01-03 19:56:00,48363.09,48375.09,48324.01,48371.76,14.928684,722126.72
2024-01-03 19:57:00,48282.58,48289.94,48262.32,48271.39,26.207515,1265073.14
2024-01-03 19:58:00,48240.8,48273.28,48240.53,48251.97,3.487393,168273.57
2024-01-03 19:59:00,48250.07,48272.77,48228.66,48236.69,22.569857,1088695.22
2024-01-03 20:00:00,48254.0,48274.59,48244.18,48268.37,5.91205,285365.02
2024-01-03 20:01:00,48270.11,48295.75,48232.7,48233.46,2.908416,140282.97
2024-01-03 20:02:00,48324.29,48356.66,48303.44,48317.4,30.263829,1462269.44
2024-01-03 20:03:00,48209.41,48225.4,48199.22,48221.82,32.758263,1579662.89
2024-01-03 20:04:00,48275.6,48297.21,48265.92,48287.37,12.574578,607193.34
2024-01-03 20:05:00,48265.88,48277.1,48250.81,48276.16,19.014088,917927.11
2024-01-03 20:06:00,48346.59,48347.66,48304.4,48319.14,36.491782,1763251.39
2024-01-03 20:07:00,48297.75,48335.2,48296.92,48323.13,2.090259,101007.84
2024-01-03 20:08:00,48366.75,48389.93,48358.04,48380.1,16.971631,821089.3
2024-01-03 20:09:00,48349.5,48385.91,48340.05,48360.74,2.273131,109930.29
2024-01-03 20:10:00,48305.49,48339.06,48283.56,48305.81,10.36916,500890.63
2024-01-03 20:11:00,48371.41,48377.99,48345.43,48376.83,2.107044,101932.11
2024-01-03 20:12:00,48341.33,48385.71,48337.5,48371.16,12.498871,604584.85
2024-01-03 20:13:00,48374.24,48404.59,48363.8,48382.23,18.51112,895609.34
2024-01-03 20:14:00,48441.98,48460.92,48431.13,48443.97,5.443605,263709.85
2024-01-03 20:15:00,48379.81,48398.07,48342.47,48392.37,17.941075,868211.21
2024-01-03 20:16:00,48435.88,48441.96,48412.3,48422.15,24.854137,1203490.72
2024-01-03 20:17:00,48411.04,48432.95,48380.05,48392.65,23.553457,1139814.32
2024-01-03 20:18:00,48384.48,48386.18,48383.54,48386.05,3.3947,164256.11
2024-01-03 20:19:00,48394.27,48420.64,48379.33,48389.66,24.064034,1164450.43
2024-01-03 20:20:00,48271.43,48318.22,48270.04,48314.65,6.121919,295778.36
2024-01-03 20:21:00,48267.28,48296.5,48248.84,48275.71,2.553671,123280.29
2024-01-03 20:22:00,48363.36,48381.46,48341.55,48343.26,18.146603,877265.95
2024-01-03 20:23:00,48379.1,48396.28,48357.74,48387.57,30.676036,1484338.86
2024-01-03 20:24:00,48369.69,48387.35,48354.99,48384.44,2.351213,113762.11
2024-01-03 20:25:00,48442.15,48450.96,48394.68,48396.59,1.918195,92834.12
2024-01-03 20:26:00,48418.26,48423.63,48372.98,48381.88,29.650141,1434529.62
2024-01-03 20:27:00,48459.06,48470.92,48443.88,48449.71,22.253728,1078186.72
2024-01-03 20:28:00,48462.47,48468.67,48435.51,48439.69,12.97447,628479.35
2024-01-03 20:29:00,48406.77,48468.04,48403.32,48451.29,33.622377,1629047.4
2024-01-03 20:30:00,48492.84,48513.76,48482.26,48508.59,48.94011,2374015.62
2024-01-03 20:31:00,48460.32,48472.82,48453.41,48469.72,17.318336,839414.86
2024-01-03 20:32:00,48542.94,48550.84,48542.78,48547.66,1.797435,87261.28
2024-01-03 20:33:00,48461.34,48471.4,48431.02,48471.14,19.946182,966814.09
2024-01-03 20:34:00,48501.62,48576.56,48467.09,48552.62,6.398678,310672.55
2024-01-03 20:35:00,48541.7,48545.39,48533.1,48533.98,34.843255,1691081.98
2024-01-03 20:36:00,48532.72,48532.75,48480.31,48521.85,4.032989,195688.07
2024-01-03 20:37:00,48459.39,48462.96,48424.45,48427.35,6.137191,297207.91
2024-01-03 20:38:00,48388.84,48417.26,48383.18,48404.61,6.753529,326901.91
2024-01-03 20:39:00,48335.21,48363.24,48327.08,48352.62,13.643465,659697.27
2024-01-03 20:40:00,48268.64,48326.34,48258.56,48322.24,14.349086,693379.9
2024-01-03 20:41:00,48309.5,48332.7,48285.96,48315.37,24.852919,1200777.98
2024-01-03 20:42:00,48381.28,48394.81,48350.54,48363.26,12.392844,599358.32
2024-01-03 20:43:00,48361.4,48376.4,48338.72,48373.64,10.925341,528498.51
2024-01-03 20:44:00,48431.89,48452.13,48384.76,48389.02,1.477602,71499.71
2024-01-03 20:45:00,48329.12,48338.0,48306.21,48334.25,4.273054,206534.84
2024-01-03 20:46:00,48293.15,48302.06,48279.75,48290.21,17.85826,862379.11
2024-01-03 20:47:00,48352.88,48406.56,48352.09,48380.15,37.874018,1832350.54
2024-01-03 20:48:00,48349.13,48371.83,48322.32,48343.39,8.113964,392256.47
2024-01-03 20:49:00,48386.61,48434.73,48378.5,48426.2,42.813929,2073315.73
2024-01-03 20:50:00,48427.92,48439.86,48397.2,48414.04,7.579419,366950.32
2024-01-03 20:51:00,48428.65,48443.07,48400.51,48414.16,28.042486,1357653.37
2024-01-03 20:52:00,48494.86,48497.33,48424.36,48467.68,0.992122,48085.83
2024-01-03 20:53:00,48510.87,48532.54,48492.44,48531.27,9.947875,482783.03
2024-01-03 20:54:00,48528.94,48551.27,48519.15,48525.73,11.307007,548680.78
2024-01-03 20:55:00,48517.59,48520.29,48498.75,48506.32,23.536745,1141680.82
2024-01-03 20:56:00,48512.37,48521.18,48487.13,48503.52,13.47761,653711.54
2024-01-03 20:57:00,48503.11,48533.48,48487.91,48520.42,3.260075,158180.2
2024-01-03 20:58:00,48517.15,48574.63,48499.89,48564.99,8.299794,403079.37
2024-01-03 20:59:00,48572.14,48574.06,48561.55,48565.2,1.872633,90944.78
2024-01-03 21:00:00,48593.09,48596.65,48591.33,48596.14,22.090517,1073513.87
2024-01-03 21:01:00,48666.73,48689.72,48663.41,48678.06,27.168254,1322497.88
2024-01-03 21:02:00,48712.4,48724.04,48674.5,48697.12,3.47714,169326.73
2024-01-03 21:03:00,48711.81,48730.23,48700.95,48712.71,30.139929,1468197.54
2024-01-03 21:04:00,48610.38,48645.03,48603.26,48636.76,21.381281,1039916.29
2024-01-03 21:05:00,48466.6,48514.17,48445.54,48505.23,7.741684,375512.13
2024-01-03 21:06:00,48502.06,48531.34,48493.24,48524.64,14.934101,724671.93
2024-01-03 21:07:00,48567.76,48576.48,48506.04,48519.9,17.395341,844020.26
2024-01-03 21:08:00,48508.62,48520.33,48476.43,48494.16,11.288856,547443.63
2024-01-03 21:09:00,48510.11,48518.72,48486.6,48506.34,17.172753,832987.37
2024-01-03 21:10:00,48499.69,48503.63,48486.6,48503.32,19.476381,944669.13
2024-01-03 21:11:00,48554.76,48580.39,48548.98,48559.71,0.91448,44406.89
2024-01-03 21:12:00,48587.36,48605.67,48545.44,48564.01,40.242034,1954314.73
2024-01-03 21:13:00,48516.86,48531.19,48490.02,48526.67,44.421326,2155618.92
2024-01-03 21:14:00,48587.71,48592.16,48560.74,48576.18,19.439786,944310.46
2024-01-03 21:15:00,48558.35,48567.17,48553.79,48565.32,29.034802,1410084.45
2024-01-03 21:16:00,48630.45,48643.46,48583.92,48591.65,10.477069,509098.03
2024-01-03 21:17:00,48582.62,48583.17,48566.6,48567.78,16.637934,808067.44
2024-01-03 21:18:00,48560.2,48568.57,48528.11,48535.28,7.171714,348081.17
2024-01-03 21:19:00,48527.81,48557.73,48494.63,48539.49,15.731212,763585.05
2024-01-03 21:20:00,48561.3,48564.02,48534.35,48540.13,16.152754,784056.86
2024-01-03 21:21:00,48557.87,48572.78,48541.86,48564.13,5.673527,275529.9
2024-01-03 21:22:00,48552.89,48560.08,48526.87,48550.69,13.809116,670442.17
2024-01-03 21:23:00,48491.58,48506.15,48450.34,48458.88,6.537962,316822.27
2024-01-03 21:24:00,48416.38,48452.35,48404.59,48437.24,22.747047,1101804.13
2024-01-03 21:25:00,48480.99,48484.0,48466.8,48476.93,16.526776,801167.31
2024-01-03 21:26:00,48470.82,48474.52,48461.18,48462.06,1.921537,93121.65
2024-01-03 21:27:00,48460.14,48466.92,48435.15,48449.74,17.367713,841461.19
2024-01-03 21:28:00,48490.04,48508.54,48489.32,48499.06,13.250212,642622.8
2024-01-03 21:29:00,48505.19,48513.46,48445.91,48463.46,24.849531,1204294.25
2024-01-03 21:30:00,48360.42,48408.71,48360.07,48386.32,34.922138,1689753.76
2024-01-03 21:31:00,48407.47,48422.94,48366.7,48378.29,20.578682,995561.4
2024-01-03 21:32:00,48378.38,48395.18,48328.31,48354.08,26.855491,1298572.58
2024-01-03 21:33:00,48343.79,48347.85,48289.45,48305.77,9.389681,453575.73
2024-01-03 21:34:00,48265.23,48298.98,48261.48,48297.0,17.121622,826922.96
2024-01-03 21:35:00,48304.2,48324.01,48296.33,48321.57,3.332056,161010.2
2024-01-03 21:36:00,48350.95,48375.72,48317.0,48321.11,12.981394,627275.37
2024-01-03 21:37:00,48298.92,48382.03,48276.09,48336.46,9.968723,481852.75
2024-01-03 21:38:00,48395.0,48451.63,48381.07,48427.13,8.331163,403454.29
2024-01-03 21:39:00,48400.22,48424.74,48374.84,48409.98,17.57061,850592.97
2024-01-03 21:40:00,48427.74,48430.09,48402.33,48423.9,6.799388,329252.91
2024-01-03 21:41:00,48430.29,48446.0,48388.54,48398.44,22.887635,1107725.85
2024-01-03 21:42:00,48352.42,48370.48,48327.36,48356.12,44.942274,2173234.17
2024-01-03 21:43:00,48314.71,48348.02,48309.5,48326.88,13.2081,638306.23
2024-01-03 21:44:00,48309.17,48313.44,48301.97,48302.94,10.113604,488516.83
2024-01-03 21:45:00,48330.31,48343.65,48300.71,48320.91,23.521141,1136563.04
2024-01-03 21:46:00,48447.19,48461.11,48432.61,48438.37,15.986136,774342.36
2024-01-03 21:47:00,48399.01,48404.34,48391.84,48402.57,5.615019,271781.34
2024-01-03 21:48:00,48342.63,48385.24,48335.54,48381.73,20.621196,997689.24
2024-01-03 21:49:00,48360.23,48385.72,48350.67,48378.58,13.229093,640004.73
2024-01-03 21:50:00,48426.77,48441.87,48378.7,48398.37,4.393002,212614.11
2024-01-03 21:51:00,48415.29,48439.34,48402.53,48411.55,22.960914,1111573.35
2024-01-03 21:52:00,48469.3,48493.68,48465.09,48475.75,16.054626,778260.03
2024-01-03 21:53:00,48376.79,48386.12,48349.26,48354.43,20.111145,972463.0
2024-01-03 21:54:00,48212.48,48240.67,48211.93,48235.08,17.79477,858332.22
2024-01-03 21:55:00,48205.78,48232.3,48200.31,48210.29,3.62806,174909.83
2024-01-03 21:56:00,48267.91,48270.13,48251.48,48265.16,8.483047,409435.6
2024-01-03 21:57:00,48178.05,48199.37,48172.06,48186.87,27.141124,1307845.89
2024-01-03 21:58:00,48038.51,48062.17,48029.03,48036.49,0.216644,10406.82
2024-01-03 21:59:00,48061.3,48076.78,48055.99,48065.05,5.093134,244801.75
2024-01-03 22:00:00,48049.25,48092.65,48020.55,48077.23,22.535069,1083423.76
2024-01-03 22:01:00,48026.35,48036.05,48017.68,48022.72,20.243018,972124.85
2024-01-03 22:02:00,47946.88,47993.33,47935.68,47973.45,5.041636,241864.65
2024-01-03 22:03:00,47928.27,47934.2,47915.67,47924.96,5.484119,262826.17
2024-01-03 22:04:00,47957.97,47968.67,47927.53,47930.49,36.139486,1732183.11
2024-01-03 22:05:00,47893.55,47904.8,47879.82,47899.17,4.121832,197432.33
2024-01-03 22:06:00,47900.44,47932.78,47881.35,47923.87,12.284998,588744.7
2024-01-03 22:07:00,47778.6,47785.04,47777.26,47781.14,25.704973,1228212.95
2024-01-03 22:08:00,47721.66,47741.83,47718.76,47738.3,8.409967,401477.5
2024-01-03 22:09:00,47693.89,47697.82,47666.45,47682.0,6.966802,332191.01
2024-01-03 22:10:00,47666.22,47681.74,47635.91,47669.18,3.693362,176059.55
2024-01-03 22:11:00,47676.47,47688.67,47626.41,47642.28,0.18146,8645.17
2024-01-03 22:12:00,47705.43,47715.98,47655.96,47682.17,12.858051,613099.74
2024-01-03 22:13:00,47586.14,47615.6,47549.68,47589.2,26.449273,1258699.81
2024-01-03 22:14:00,47605.79,47607.0,47579.26,47591.48,2.777671,132193.45
2024-01-03 22:15:00,47611.53,47624.25,47601.02,47619.39,20.805018,990722.33
2024-01-03 22:16:00,47712.91,47721.89,47708.41,47712.23,18.47358,881415.62
2024-01-03 22:17:00,47680.91,47709.51,47659.7,47688.14,38.221293,1822702.3
2024-01-03 22:18:00,47719.69,47719.88,47699.96,47704.36,26.74835,1276012.95
2024-01-03 22:19:00,47642.83,47647.97,47592.65,47614.17,18.165154,864918.69
2024-01-03 22:20:00,47510.54,47539.11,47487.18,47494.57,10.573259,502172.38
2024-01-03 22:21:00,47555.25,47571.36,47531.41,47536.81,0.869336,41325.46
2024-01-03 22:22:00,47554.99,47556.37,47524.73,47536.53,20.065365,953837.84
2024-01-03 22:23:00,47606.48,47614.19,47588.86,47595.46,16.469791,783887.2
2024-01-03 22:24:00,47504.0,47529.52,47495.04,47526.79,2.514359,119499.42
2024-01-03 22:25:00,47586.8,47595.21,47535.02,47552.78,7.341834,349124.61
2024-01-03 22:26:00,47682.31,47698.5,47633.2,47646.22,8.938037,425863.7
2024-01-03 22:27:00,47662.53,47691.04,47638.85,47667.21,33.120139,1578744.54
2024-01-03 22:28:00,47673.62,47682.3,47668.5,47681.04,12.204148,581906.41
2024-01-03 22:29:00,47693.71,47712.15,47677.24,47681.46,10.56795,503895.34
2024-01-03 22:30:00,47613.94,47626.92,47599.26,47602.92,18.46334,878908.89
2024-01-03 22:31:00,47666.66,47684.68,47665.47,47670.7,19.626411,935604.74
2024-01-03 22:32:00,47615.16,47642.99,47610.73,47640.16,14.978145,713561.17
2024-01-03 22:33:00,47671.49,47680.02,47657.48,47665.38,9.158393,436538.3
2024-01-03 22:34:00,47598.26,47608.73,47584.33,47587.23,0.163641,7787.22
2024-01-03 22:35:00,47542.77,47552.09,47510.54,47528.26,30.097134,1430464.29
2024-01-03 22:36:00,47607.0,47610.18,47592.84,47600.01,1.460767,69532.51
2024-01-03 22:37:00,47577.22,47600.86,47554.32,47582.64,41.446572,1972137.49
2024-01-03 22:38:00,47675.19,47704.41,47653.56,47655.31,13.087172,623673.22
2024-01-03 22:39:00,47652.71,47680.94,47648.5,47651.4,11.053825,526730.18
2024-01-03 22:40:00,47550.0,47577.64,47536.27,47559.3,25.199568,1198473.88
2024-01-03 22:41:00,47600.29,47611.82,47573.51,47603.91,3.063723,145845.18
2024-01-03 22:42:00,47539.49,47597.07,47535.81,47574.41,21.477345,1021772.02
2024-01-03 22:43:00,47605.7,47611.56,47601.4,47609.35,12.305165,585840.85
2024-01-03 22:44:00,47624.37,47633.38,47601.03,47610.61,18.217627,867352.25
2024-01-03 22:45:00,47540.25,47561.64,47527.23,47533.45,3.67189,174537.6
2024-01-03 22:46:00,47572.08,47593.68,47536.8,47541.66,3.859408,183482.69
2024-01-03 22:47:00,47646.22,47657.13,47641.23,47651.48,26.650352,1269928.59
2024-01-03 22:48:00,47685.87,47707.64,47676.08,47676.12,0.854931,40759.8
2024-01-03 22:49:00,47689.1,47695.04,47661.15,47673.25,0.194128,9254.7
2024-01-03 22:50:00,47773.87,47782.21,47719.25,47727.02,3.347407,159761.73
2024-01-03 22:51:00,47740.45,47750.91,47717.57,47737.55,7.690766,367138.31
2024-01-03 22:52:00,47727.14,47758.32,47704.25,47748.03,11.285307,538851.16
2024-01-03 22:53:00,47710.4,47714.52,47671.87,47693.45,19.994825,953622.11
2024-01-03 22:54:00,47742.45,47743.08,47691.17,47705.14,21.315786,1016872.49
2024-01-03 22:55:00,47750.46,47763.05,47740.62,47756.91,23.00957,1098865.97
2024-01-03 22:56:00,47731.93,47732.16,47708.57,47715.11,23.845991,1137814.0
2024-01-03 22:57:00,47810.91,47837.35,47766.34,47786.33,15.50626,740987.28
2024-01-03 22:58:00,47802.09,47811.16,47777.51,47781.75,11.104538,530594.2
2024-01-03 22:59:00,47739.87,47756.26,47735.96,47737.36,28.582072,1364432.6
2024-01-03 23:00:00,47773.27,47801.02,47756.3,47787.24,23.865717,1140476.73
2024-01-03 23:01:00,47771.27,47789.34,47749.23,47772.9,19.639317,938227.11
2024-01-03 23:02:00,47820.05,47829.63,47784.92,47810.88,6.54424,312885.84
2024-01-03 23:03:00,47814.45,47836.95,47786.43,47796.29,26.068009,1245954.05
2024-01-03 23:04:00,47799.97,47808.07,47775.22,47793.3,26.45918,1264571.41
2024-01-03 23:05:00,47810.38,47825.67,47805.73,47817.97,0.177504,8487.88
2024-01-03 23:06:00,47843.63,47866.81,47826.55,47832.52,7.440142,355880.71
2024-01-03 23:07:00,47749.94,47751.89,47723.9,47732.74,1.516449,72384.27
2024-01-03 23:08:00,47684.27,47692.36,47671.64,47676.68,25.521798,1216794.58
2024-01-03 23:09:00,47706.43,47725.42,47702.95,47723.15,25.501918,1217031.85
2024-01-03 23:10:00,47712.92,47718.18,47710.96,47716.54,4.138854,197491.82
2024-01-03 23:11:00,47709.31,47714.27,47688.7,47690.36,19.787524,943674.08
2024-01-03 23:12:00,47594.77,47659.43,47585.54,47622.43,3.588755,170905.21
2024-01-03 23:13:00,47526.58,47586.18,47511.88,47568.44,0.047353,2252.5
2024-01-03 23:14:00,47497.51,47510.61,47461.01,47467.35,18.673683,886390.27
2024-01-03 23:15:00,47472.52,47472.75,47460.98,47462.29,3.017057,143196.41
2024-01-03 23:16:00,47444.5,47457.32,47411.14,47432.37,13.410152,636075.22
2024-01-03 23:17:00,47362.5,47384.76,47358.39,47384.04,15.546448,736653.44
2024-01-03 23:18:00,47395.38,47416.27,47371.47,47380.63,18.542598,878559.99
2024-01-03 23:19:00,47404.33,47413.27,47391.68,47398.83,19.555775,926920.81
2024-01-03 23:20:00,47471.8,47504.19,47459.21,47503.49,8.752286,415764.11
2024-01-03 23:21:00,47456.38,47479.65,47426.03,47427.89,12.221262,579628.7
2024-01-03 23:22:00,47489.04,47496.63,47455.77,47485.86,4.532043,215207.98
2024-01-03 23:23:00,47526.6,47548.98,47516.36,47534.52,26.28976,1249671.08
2024-01-03 23:24:00,47488.0,47517.34,47487.42,47495.56,22.007394,1045253.59
2024-01-03 23:25:00,47465.42,47521.93,47458.41,47505.73,23.019957,1093579.76
2024-01-03 23:26:00,47494.71,47527.35,47459.62,47482.84,16.791059,797287.25
2024-01-03 23:27:00,47497.37,47527.04,47485.63,47492.13,11.486675,545526.64
2024-01-03 23:28:00,47563.7,47574.13,47554.19,47567.59,14.93353,710351.96
2024-01-03 23:29:00,47623.44,47634.71,47578.27,47597.87,4.197931,199812.57
2024-01-03 23:30:00,47595.62,47628.55,47588.32,47623.3,23.645747,1126088.4
2024-01-03 23:31:00,47589.84,47610.84,47566.83,47601.78,1.468786,69916.83
2024-01-03 23:32:00,47510.58,47535.9,47508.52,47527.58,22.497191,1069236.98
2024-01-03 23:33:00,47511.58,47527.36,47495.41,47517.15,8.455564,401784.33
2024-01-03 23:34:00,47578.83,47599.2,47570.54,47577.48,26.027133,1238305.5
2024-01-03 23:35:00,47509.73,47519.06,47494.36,47501.13,19.840773,942459.08
2024-01-03 23:36:00,47441.43,47456.66,47438.62,47448.37,46.288038,2196292.05
2024-01-03 23:37:00,47437.14,47458.96,47424.63,47454.69,4.936244,234247.89
2024-01-03 23:38:00,47439.17,47445.8,47374.42,47405.45,6.784963,321644.25
2024-01-03 23:39:00,47414.06,47420.75,47364.31,47365.83,5.333814,252640.51
2024-01-03 23:40:00,47347.51,47359.92,47344.25,47344.65,5.526219,261636.86
2024-01-03 23:41:00,47261.23,47276.42,47255.38,47276.37,0.537074,25390.93
2024-01-03 23:42:00,47257.17,47264.95,47211.36,47227.66,10.777704,509005.72
2024-01-03 23:43:00,47233.9,47267.47,47214.07,47262.83,35.877571,1695675.59
2024-01-03 23:44:00,47190.77,47205.1,47175.39,47197.46,1.604456,75726.25
2024-01-03 23:45:00,47103.65,47128.98,47084.87,47117.57,10.469769,493310.07
2024-01-03 23:46:00,47062.88,47109.8,47060.38,47086.07,22.614417,1064823.96
2024-01-03 23:47:00,47117.06,47127.8,47097.88,47122.67,1.513113,71301.93
2024-01-03 23:48:00,47095.54,47114.6,47072.11,47112.82,1.281118,60357.07
2024-01-03 23:49:00,47089.84,47109.62,47086.13,47089.59,30.612393,1441525.05
2024-01-03 23:50:00,47092.35,47095.26,47043.49,47091.81,16.623468,782829.18
2024-01-03 23:51:00,46992.1,47012.51,46989.1,47004.52,6.734536,316553.64
2024-01-03 23:52:00,47021.85,47040.7,47013.54,47029.26,29.145094,1370672.12
2024-01-03 23:53:00,47043.81,47071.86,47037.49,47048.43,4.168257,196109.95
2024-01-03 23:54:00,47044.16,47051.96,47007.63,47027.96,20.670712,972101.52
2024-01-03 23:55:00,47075.29,47082.41,47073.74,47078.26,44.136992,2077892.78
2024-01-03 23:56:00,47038.38,47045.07,47014.66,47021.89,25.985906,1221906.32
2024-01-03 23:57:00,47090.0,47099.92,47063.65,47078.28,26.607374,1252629.43
2024-01-03 23:58:00,47097.44,47111.99,47070.05,47086.01,8.21381,386755.5
2024-01-03 23:59:00,47096.94,47111.2,47066.83,47069.18,22.812542,1073767.6
2024-01-04 00:00:00,47045.8,47084.34,47032.25,47068.18,39.807778,1873679.83
2024-01-04 00:01:00,47053.36,47073.67,47046.43,47062.82,1.25412,59022.43
2024-01-04 00:02:00,47159.1,47168.86,47097.92,47123.84,28.951395,1364300.78
2024-01-04 00:03:00,47064.86,47086.71,47055.62,47070.0,17.918092,843404.6
2024-01-04 00:04:00,46975.57,47039.98,46963.99,47031.88,3.330936,156660.19
2024-01-04 00:05:00,47079.63,47099.43,47058.73,47083.69,16.393239,771854.17
2024-01-04 00:06:00,47056.61,47093.05,47039.67,47053.91,5.685536,267526.7
2024-01-04 00:07:00,47046.6,47101.34,47045.75,47098.94,10.147504,477936.68
2024-01-04 00:08:00,47210.59,47214.46,47175.4,47183.91,17.713698,835801.59
2024-01-04 00:09:00,47149.55,47165.55,47141.63,47163.82,16.03945,756481.77
2024-01-04 00:10:00,47204.46,47247.47,47189.61,47197.89,1.985138,93694.34
2024-01-04 00:11:00,47135.69,47145.89,47135.33,47140.21,6.581057,310232.37
2024-01-04 00:12:00,47152.18,47180.15,47139.48,47177.94,17.923017,845571.08
2024-01-04 00:13:00,47166.5,47194.36,47155.09,47187.91,16.783046,791956.93
2024-01-04 00:14:00,47192.86,47218.19,47174.12,47211.57,15.80054,745968.25
2024-01-04 00:15:00,47201.0,47214.94,47164.34,47179.29,12.289911,579829.23
2024-01-04 00:16:00,47093.28,47101.65,47075.76,47096.23,16.802908,791353.68
2024-01-04 00:17:00,47110.96,47126.12,47105.79,47121.4,27.539322,1297691.29
2024-01-04 00:18:00,46999.53,47027.59,46999.07,47018.23,16.199049,761650.56
2024-01-04 00:19:00,47026.28,47049.75,46982.68,47002.36,11.954563,561892.67
2024-01-04 00:20:00,47078.7,47086.22,47041.63,47049.42,0.537214,25275.62
2024-01-04 00:21:00,47082.71,47086.95,47046.76,47059.01,37.717562,1774951.2
2024-01-04 00:22:00,47166.28,47172.95,47146.8,47156.43,12.460694,587601.85
2024-01-04 00:23:00,47213.48,47217.86,47169.81,47207.68,5.944203,280612.07
2024-01-04 00:24:00,47150.67,47178.47,47146.13,47174.99,0.181472,8560.93
2024-01-04 00:25:00,47171.44,47182.81,47158.22,47176.36,26.542061,1252157.68
2024-01-04 00:26:00,47160.31,47188.64,47129.98,47173.99,17.076257,805555.14
2024-01-04 00:27:00,47058.37,47097.77,47045.04,47094.88,5.934765,279497.01
2024-01-04 00:28:00,47069.0,47078.61,47036.99,47047.86,10.637522,500472.62
2024-01-04 00:29:00,47005.9,47042.89,46993.41,47019.82,6.423477,302030.71
2024-01-04 00:30:00,46941.93,46944.41,46900.14,46918.01,25.065533,1176024.91
2024-01-04 00:31:00,46938.02,46961.06,46908.14,46920.38,27.629309,1296377.79
2024-01-04 00:32:00,46919.06,46940.94,46905.72,46907.93,12.025314,564082.59
2024-01-04 00:33:00,46836.54,46838.33,46798.54,46824.29,45.306764,2121456.85
2024-01-04 00:34:00,46832.19,46856.46,46831.89,46844.5,5.196499,243427.37
2024-01-04 00:35:00,46917.45,46951.95,46854.34,46880.29,21.75161,1019721.75
2024-01-04 00:36:00,46892.5,46899.9,46888.34,46891.64,13.606289,638021.22
2024-01-04 00:37:00,46881.48,46890.96,46869.79,46875.44,12.114271,567861.77
2024-01-04 00:38:00,46892.03,46922.51,46888.6,46905.01,21.136711,991417.63
2024-01-04 00:39:00,46920.4,46956.13,46918.01,46939.02,36.366348,1707000.76
2024-01-04 00:40:00,46963.94,46976.95,46942.4,46954.39,25.541138,1199268.58
2024-01-04 00:41:00,46917.51,46923.07,46912.54,46913.16,5.133078,240808.92
2024-01-04 00:42:00,46911.2,46954.72,46889.56,46926.99,8.315022,390198.97
2024-01-04 00:43:00,46958.0,47000.02,46938.05,46986.76,1.269867,59666.95
2024-01-04 00:44:00,46931.53,46974.31,46920.22,46956.93,24.303826,1141233.14
2024-01-04 00:45:00,47085.75,47098.44,47042.69,47061.83,21.798038,1025855.54
2024-01-04 00:46:00,47023.28,47059.63,47011.87,47035.55,3.157653,148521.96
2024-01-04 00:47:00,47030.39,47046.28,47020.89,47037.17,36.530185,1718276.49
2024-01-04 00:48:00,47032.55,47057.64,46997.07,47003.54,31.476016,1479484.33
2024-01-04 00:49:00,46992.27,47015.58,46978.31,47014.71,46.470122,2184779.23
2024-01-04 00:50:00,46913.06,46930.67,46906.97,46927.6,5.796537,272017.54
2024-01-04 00:51:00,46884.92,46904.95,46872.43,46900.3,7.996192,375023.77
2024-01-04 00:52:00,46878.05,46886.07,46827.59,46845.69,6.069824,284345.09
2024-01-04 00:53:00,46892.32,46892.44,46836.84,46852.46,62.074241,2908330.62
2024-01-04 00:54:00,46917.21,46946.65,46897.59,46902.18,10.196852,478254.56
2024-01-04 00:55:00,46950.15,46958.17,46922.64,46934.48,35.30344,1656948.54
2024-01-04 00:56:00,46804.29,46817.36,46791.93,46815.9,30.695352,1437030.4
2024-01-04 00:57:00,46956.95,46970.48,46906.69,46918.0,8.321118,390410.21
2024-01-04 00:58:00,46938.12,46961.66,46929.1,46932.76,11.110216,521433.16
2024-01-04 00:59:00,46911.0,46934.1,46889.02,46893.94,20.455663,959246.59
2024-01-04 01:00:00,46899.68,46920.26,46892.45,46901.79,35.156865,1648920.04
2024-01-04 01:01:00,46905.24,46921.19,46901.65,46910.6,6.559889,307728.37
2024-01-04 01:02:00,46910.52,46920.67,46867.06,46877.26,0.171606,8044.41
2024-01-04 01:03:00,46897.95,46935.71,46886.88,46887.16,28.645688,1343114.88
2024-01-04 01:04:00,46885.81,46897.28,46842.36,46856.78,12.937373,606203.69
2024-01-04 01:05:00,46841.67,46847.17,46833.21,46836.57,15.054803,705115.26
2024-01-04 01:06:00,46785.28,46807.87,46774.06,46802.25,31.203459,1460392.13
2024-01-04 01:07:00,46718.95,46747.49,46701.9,46730.62,18.604951,869420.84
2024-01-04 01:08:00,46739.97,46752.69,46730.6,46737.91,1.339509,62605.83
2024-01-04 01:09:00,46754.64,46769.82,46746.87,46767.17,10.024675,468825.73
2024-01-04 01:10:00,46770.77,46793.44,46739.61,46792.92,33.741468,1578861.79
2024-01-04 01:11:00,46857.94,46858.71,46806.08,46833.92,6.486685,303796.84
2024-01-04 01:12:00,46839.23,46860.33,46823.56,46850.13,8.028138,376119.32
2024-01-04 01:13:00,46826.26,46839.12,46800.42,46823.5,32.777149,1534740.7
2024-01-04 01:14:00,46871.4,46877.79,46833.92,46865.48,26.020044,1219441.84
2024-01-04 01:15:00,46785.84,46811.41,46785.4,46797.6,11.034822,516403.24
2024-01-04 01:16:00,46781.59,46801.63,46735.77,46752.57,60.286102,2818530.19
2024-01-04 01:17:00,46682.02,46712.34,46667.59,46704.36,0.810639,37860.39
2024-01-04 01:18:00,46763.6,46773.92,46752.45,46758.36,25.680987,1200800.89
2024-01-04 01:19:00,46810.42,46811.63,46803.65,46805.5,49.731686,2327716.55
2024-01-04 01:20:00,46828.78,46842.67,46820.23,46829.87,27.764402,1300203.27
2024-01-04 01:21:00,46857.53,46906.03,46833.53,46883.46,15.183589,711859.24
2024-01-04 01:22:00,46856.92,46881.26,46828.2,46839.5,18.645338,873338.31
2024-01-04 01:23:00,46871.8,46882.24,46847.88,46856.93,50.820579,2381296.28
2024-01-04 01:24:00,46837.16,46874.02,46819.16,46850.67,27.302731,1279151.25
2024-01-04 01:25:00,46907.16,46909.44,46877.73,46893.01,18.297077,858005.12
2024-01-04 01:26:00,46894.75,46906.2,46867.98,46887.25,40.892535,1917338.64
2024-01-04 01:27:00,46842.39,46886.38,46838.43,46868.01,11.223045,526001.73
2024-01-04 01:28:00,46877.97,46895.14,46872.95,46895.05,4.446844,208534.97
2024-01-04 01:29:00,46961.63,46962.69,46936.51,46938.86,1.442073,67689.24
2024-01-04 01:30:00,46911.63,46925.64,46877.28,46905.44,13.423235,629622.79
2024-01-04 01:31:00,46891.1,46912.09,46876.74,46902.39,26.159276,1226932.54
2024-01-04 01:32:00,46832.3,46860.8,46804.93,46849.47,0.106146,4972.89
2024-01-04 01:33:00,46714.26,46757.37,46699.76,46724.56,12.551673,586471.44
2024-01-04 01:34:00,46725.7,46737.22,46718.91,46734.59,77.61229,3627178.33
2024-01-04 01:35:00,46748.11,46796.49,46718.81,46765.03,19.513993,912572.52
2024-01-04 01:36:00,46743.3,46793.0,46726.79,46778.14,29.31816,1371448.87
2024-01-04 01:37:00,46703.46,46716.57,46676.99,46680.66,9.165381,427846.02
2024-01-04 01:38:00,46682.53,46691.06,46657.92,46663.12,17.148059,800181.87
2024-01-04 01:39:00,46526.73,46564.5,46522.77,46552.2,39.290656,1829066.39
2024-01-04 01:40:00,46623.41,46638.97,46606.96,46620.68,33.581369,1565586.33
2024-01-04 01:41:00,46548.34,46574.01,46547.64,46566.38,44.277163,2061827.22
2024-01-04 01:42:00,46623.92,46638.64,46619.04,46629.15,8.408081,392061.66
2024-01-04 01:43:00,46669.55,46686.29,46644.93,46676.44,35.086277,1637702.62
2024-01-04 01:44:00,46622.86,46668.87,46619.84,46631.41,41.085272,1915864.34
2024-01-04 01:45:00,46614.83,46614.99,46556.15,46574.78,20.824418,969892.57
2024-01-04 01:46:00,46583.49,46619.24,46570.02,46592.29,30.66053,1428544.41
2024-01-04 01:47:00,46533.91,46557.71,46528.04,46550.08,3.765836,175299.97
2024-01-04 01:48:00,46539.95,46586.6,46502.13,46555.2,31.116678,1448643.21
2024-01-04 01:49:00,46551.94,46554.64,46516.56,46531.06,6.404218,297995.05
2024-01-04 01:50:00,46408.96,46450.22,46407.01,46442.0,8.405987,390390.89
2024-01-04 01:51:00,46315.23,46347.25,46306.53,46330.48,4.828007,223683.88
2024-01-04 01:52:00,46370.75,46385.18,46310.47,46341.81,41.626358,1929040.9
2024-01-04 01:53:00,46318.62,46326.21,46299.3,46313.74,0.912719,42271.44
2024-01-04 01:54:00,46289.92,46295.63,46273.78,46286.08,1.533293,70970.12
2024-01-04 01:55:00,46363.52,46373.99,46319.53,46320.87,7.144595,330943.89
2024-01-04 01:56:00,46384.47,46389.86,46368.63,46379.55,2.628485,121907.95
2024-01-04 01:57:00,46351.76,46368.2,46342.44,46365.92,13.900064,644489.25
2024-01-04 01:58:00,46343.25,46349.04,46340.53,46348.89,22.77178,1055446.7
2024-01-04 01:59:00,46351.19,46374.08,46350.03,46373.9,5.065819,234921.76
2024-01-04 02:00:00,46331.17,46341.25,46305.65,46306.05,17.458078,808414.63
2024-01-04 02:01:00,46328.7,46347.34,46317.18,46317.21,22.239417,1030067.7
2024-01-04 02:02:00,46367.29,46372.34,46320.42,46344.8,8.655507,401137.76
2024-01-04 02:03:00,46403.07,46408.95,46343.83,46378.81,11.262733,522352.18
2024-01-04 02:04:00,46273.69,46293.03,46270.21,46281.98,8.303031,384280.65
2024-01-04 02:05:00,46225.01,46256.69,46218.45,46243.91,11.476994,530741.04
2024-01-04 02:06:00,46198.96,46217.58,46193.86,46199.99,0.59979,27710.31
2024-01-04 02:07:00,46187.53,46207.56,46174.42,46204.99,7.290006,336834.62
2024-01-04 02:08:00,46232.32,46249.82,46226.76,46229.03,10.621417,491017.75
2024-01-04 02:09:00,46326.5,46340.14,46299.52,46303.86,47.280959,2189290.96
2024-01-04 02:10:00,46275.75,46297.36,46256.22,46279.11,10.894783,504200.9
2024-01-04 02:11:00,46257.23,46266.1,46223.07,46254.23,36.768284,1700688.83
2024-01-04 02:12:00,46309.84,46323.48,46287.69,46311.72,38.28222,1772915.37
2024-01-04 02:13:00,46342.6,46358.55,46300.05,46326.55,16.379374,758799.86
2024-01-04 02:14:00,46376.57,46394.07,46369.67,46389.93,4.176216,193734.36
2024-01-04 02:15:00,46360.44,46407.09,46355.4,46404.37,38.323466,1778376.14
2024-01-04 02:16:00,46355.93,46364.56,46340.51,46346.51,13.622169,631340.0
2024-01-04 02:17:00,46299.61,46305.04,46279.2,46279.85,7.672322,355073.96
2024-01-04 02:18:00,46211.21,46218.61,46170.1,46202.28,25.000599,1155084.63
2024-01-04 02:19:00,46222.58,46250.12,46208.86,46235.38,31.350504,1449502.49
2024-01-04 02:20:00,46272.11,46307.66,46243.98,46294.81,9.412577,435753.48
2024-01-04 02:21:00,46397.17,46399.91,46363.69,46387.28,4.434916,205723.69
2024-01-04 02:22:00,46432.26,46435.28,46414.21,46429.43,37.271386,1730489.36
2024-01-04 02:23:00,46485.06,46490.03,46483.6,46487.58,10.94107,508623.82
2024-01-04 02:24:00,46495.02,46495.85,46434.23,46458.57,2.376885,110426.69
2024-01-04 02:25:00,46381.82,46402.15,46365.91,46400.75,10.130549,470065.1
2024-01-04 02:26:00,46478.76,46483.34,46426.02,46443.26,5.893296,273703.88
2024-01-04 02:27:00,46464.78,46486.05,46462.46,46464.14,1.651762,76747.72
2024-01-04 02:28:00,46432.8,46480.93,46426.3,46469.51,13.383299,621915.43
2024-01-04 02:29:00,46485.3,46489.16,46466.76,46488.88,4.419941,205478.13
2024-01-04 02:30:00,46524.23,46530.94,46504.23,46505.04,18.939948,880803.06
2024-01-04 02:31:00,46561.93,46571.02,46559.89,46569.23,13.478113,627665.39
2024-01-04 02:32:00,46604.49,46640.25,46592.56,46633.98,35.470987,1654153.38
2024-01-04 02:33:00,46657.9,46683.69,46657.14,46661.19,0.685958,32007.62
2024-01-04 02:34:00,46686.34,46724.08,46657.96,46703.48,45.596981,2129537.83
2024-01-04 02:35:00,46739.02,46748.92,46722.61,46729.19,31.344824,1464718.11
2024-01-04 02:36:00,46721.6,46738.5,46700.14,46706.13,39.734883,1855862.54
2024-01-04 02:37:00,46722.83,46766.26,46718.97,46743.96,15.055361,703747.14
2024-01-04 02:38:00,46660.12,46676.95,46647.34,46674.23,4.373671,204137.71
2024-01-04 02:39:00,46742.06,46758.03,46720.45,46726.93,0.758951,35463.43
2024-01-04 02:40:00,46650.02,46673.66,46645.25,46667.2,45.047795,2102254.45
2024-01-04 02:41:00,46659.85,46686.87,46643.1,46681.49,31.933229,1490690.73
2024-01-04 02:42:00,46615.66,46641.18,46595.73,46639.23,10.162326,473963.1
2024-01-04 02:43:00,46673.94,46680.11,46646.8,46666.9,29.552306,1379114.58
2024-01-04 02:44:00,46671.39,46682.19,46655.77,46665.21,6.507201,303659.89
2024-01-04 02:45:00,46571.79,46588.9,46547.83,46585.47,16.485815,767999.41
2024-01-04 02:46:00,46606.6,46610.07,46592.73,46606.5,26.518652,1235941.62
2024-01-04 02:47:00,46608.15,46610.56,46562.45,46577.61,39.159522,1823956.83
2024-01-04 02:48:00,46602.18,46630.25,46573.49,46621.66,14.750888,687710.97
2024-01-04 02:49:00,46582.7,46625.66,46575.96,46621.73,7.320078,341274.72
2024-01-04 02:50:00,46650.6,46676.11,46636.0,46641.5,10.882644,507582.86
2024-01-04 02:51:00,46591.41,46612.14,46580.87,46593.62,31.336929,1460101.07
2024-01-04 02:52:00,46549.96,46590.05,46544.48,46564.16,25.767634,1199848.14
2024-01-04 02:53:00,46554.27,46581.4,46526.79,46541.22,9.673325,450208.39
2024-01-04 02:54:00,46600.84,46632.04,46580.8,46584.06,27.266997,1270207.43
2024-01-04 02:55:00,46623.76,46678.03,46598.79,46667.93,38.689482,1805557.99
2024-01-04 02:56:00,46614.62,46635.94,46598.0,46627.67,14.50672,676414.57
2024-01-04 02:57:00,46727.86,46745.98,46676.67,46681.51,13.624993,636035.29
2024-01-04 02:58:00,46584.7,46600.55,46555.76,46573.03,0.576878,26866.97
2024-01-04 02:59:00,46526.84,46538.02,46498.46,46513.32,5.461156,254016.51
2024-01-04 03:00:00,46488.84,46489.69,46444.13,46465.38,51.529709,2394347.51
2024-01-04 03:01:00,46398.1,46400.59,46378.76,46397.75,12.44745,577533.73
2024-01-04 03:02:00,46334.51,46343.89,46312.65,46318.58,24.399536,1130151.74
2024-01-04 03:03:00,46353.59,46364.93,46320.11,46339.23,20.090947,930998.91
2024-01-04 03:04:00,46339.3,46378.11,46326.49,46328.52,38.437751,1780764.17
2024-01-04 03:05:00,46341.05,46367.47,46320.48,46347.49,2.010179,93166.77
2024-01-04 03:06:00,46385.46,46393.43,46381.25,46382.02,14.400605,667929.07
2024-01-04 03:07:00,46383.53,46411.66,46371.86,46395.3,44.544062,2066634.96
2024-01-04 03:08:00,46428.44,46429.76,46426.3,46428.18,26.386287,1225067.41
2024-01-04 03:09:00,46401.34,46427.44,46400.31,46424.71,1.58352,73514.46
2024-01-04 03:10:00,46349.55,46381.34,46342.76,46365.36,4.785452,221879.21
2024-01-04 03:11:00,46412.6,46435.78,46388.32,46418.25,9.716794,451036.58
2024-01-04 03:12:00,46369.92,46393.08,46363.97,46388.79,12.028481,557986.71
2024-01-04 03:13:00,46331.91,46364.95,46301.41,46342.01,9.15444,424235.16
2024-01-04 03:14:00,46329.84,46339.66,46323.01,46333.12,13.260913,614419.44
2024-01-04 03:15:00,46295.52,46297.13,46275.97,46287.48,20.049826,928055.87
2024-01-04 03:16:00,46285.59,46314.64,46232.28,46266.61,14.736377,681802.15
2024-01-04 03:17:00,46274.53,46307.0,46272.66,46283.81,17.609525,815035.88
2024-01-04 03:18:00,46327.93,46348.49,46285.4,46301.23,32.244233,1492947.49
2024-01-04 03:19:00,46275.11,46300.66,46221.48,46256.33,22.993297,1063585.62
2024-01-04 03:20:00,46242.03,46261.94,46220.95,46231.95,23.99933,1109535.79
2024-01-04 03:21:00,46288.74,46313.89,46274.08,46285.67,10.914049,505164.03
2024-01-04 03:22:00,46316.87,46320.62,46302.21,46310.49,2.84798,131891.32
2024-01-04 03:23:00,46437.98,46455.59,46411.77,46414.24,12.421712,576544.3
2024-01-04 03:24:00,46497.72,46517.94,46459.28,46473.24,18.22642,847040.9
2024-01-04 03:25:00,46557.16,46560.2,46490.73,46530.46,20.581081,957647.15
2024-01-04 03:26:00,46461.89,46468.67,46447.17,46461.07,8.902437,413616.71
2024-01-04 03:27:00,46510.36,46510.96,46490.94,46499.26,42.623875,1981978.62
2024-01-04 03:28:00,46523.47,46525.91,46490.41,46496.6,1.64295,76391.6
2024-01-04 03:29:00,46456.58,46496.49,46430.85,46469.05,4.388144,203912.89
2024-01-04 03:30:00,46471.09,46479.64,46467.89,46477.46,15.438717,717552.3
2024-01-04 03:31:00,46525.04,46537.12,46518.0,46524.72,17.410264,810007.57
2024-01-04 03:32:00,46567.75,46569.89,46549.03,46549.76,17.995983,837708.63
2024-01-04 03:33:00,46524.14,46540.61,46494.38,46505.83,16.287168,757448.31
2024-01-04 03:34:00,46538.34,46551.21,46514.07,46542.96,22.083582,1027835.2
2024-01-04 03:35:00,46480.91,46520.91,46443.78,46511.08,7.2841,338791.36
2024-01-04 03:36:00,46526.84,46528.2,46505.64,46521.91,12.837576,597228.59
2024-01-04 03:37:00,46488.38,46511.33,46465.17,46506.74,5.767089,268208.53
2024-01-04 03:38:00,46466.0,46524.92,46458.49,46495.8,11.945728,555426.19
2024-01-04 03:39:00,46508.84,46558.26,46498.68,46534.11,15.25955,710089.61
2024-01-04 03:40:00,46488.63,46502.27,46464.82,46482.1,9.285732,431620.37
2024-01-04 03:41:00,46606.58,46616.54,46543.94,46579.36,6.656075,310035.71
2024-01-04 03:42:00,46489.09,46498.33,46474.73,46488.31,41.343551,1921991.77
2024-01-04 03:43:00,46462.65,46465.15,46435.66,46458.43,13.895282,645552.93
2024-01-04 03:44:00,46500.59,46506.38,46471.08,46476.94,9.417432,437693.4
2024-01-04 03:45:00,46475.26,46512.42,46444.58,46506.15,19.999621,930105.43
2024-01-04 03:46:00,46511.53,46512.3,46496.35,46501.13,9.357543,435136.3
2024-01-04 03:47:00,46498.03,46501.24,46473.91,46498.26,22.226287,1033483.63
2024-01-04 03:48:00,46530.11,46540.63,46518.75,46518.79,16.784707,780804.19
2024-01-04 03:49:00,46497.56,46510.14,46475.27,46507.23,22.690346,1055265.2
2024-01-04 03:50:00,46560.53,46593.47,46520.38,46576.89,10.86713,506157.15
2024-01-04 03:51:00,46621.67,46630.19,46609.42,46618.86,18.388415,857246.94
2024-01-04 03:52:00,46695.48,46709.21,46650.83,46662.5,23.753313,1108388.99
2024-01-04 03:53:00,46631.41,46632.18,46602.51,46614.19,7.917208,369054.24
2024-01-04 03:54:00,46600.07,46621.24,46589.67,46610.22,6.933784,323185.2
2024-01-04 03:55:00,46568.38,46597.13,46566.4,46595.2,22.603338,1053207.04
2024-01-04 03:56:00,46511.28,46545.42,46509.62,46544.92,9.288872,432349.78
2024-01-04 03:57:00,46589.25,46594.5,46533.77,46562.93,0.56575,26342.98
2024-01-04 03:58:00,46516.94,46554.25,46499.59,46536.05,32.523185,1513500.4
2024-01-04 03:59:00,46562.31,46572.36,46551.38,46568.82,31.396145,1462081.31
2024-01-04 04:00:00,46541.73,46548.91,46509.86,46515.31,38.373465,1784953.46
2024-01-04 04:01:00,46568.98,46606.79,46558.88,46601.26,19.285088,898709.36
2024-01-04 04:02:00,46586.29,46609.85,46534.56,46556.44,3.985409,185546.48
2024-01-04 04:03:00,46562.33,46577.01,46521.76,46567.41,15.648247,728698.28
2024-01-04 04:04:00,46584.03,46608.17,46556.63,46607.0,22.062797,1028280.77
2024-01-04 04:05:00,46573.52,46580.31,46557.04,46578.47,15.959801,743383.05
2024-01-04 04:06:00,46606.64,46635.76,46606.52,46621.09,10.945308,510282.19
2024-01-04 04:07:00,46568.45,46577.54,46547.1,46559.63,1.2791,59554.43
2024-01-04 04:08:00,46619.28,46658.98,46610.54,46632.24,41.225815,1922452.02
2024-01-04 04:09:00,46594.71,46634.03,46593.24,46632.95,25.459127,1187234.09
2024-01-04 04:10:00,46598.71,46620.97,46574.52,46603.12,33.512098,1561768.48
2024-01-04 04:11:00,46561.03,46612.04,46537.74,46588.17,1.572854,73276.38
2024-01-04 04:12:00,46632.7,46634.31,46614.48,46628.61,36.564238,1704939.65
2024-01-04 04:13:00,46575.65,46600.04,46572.61,46599.39,30.400606,1416649.68
2024-01-04 04:14:00,46552.16,46569.71,46544.39,46561.92,17.128671,797543.84
2024-01-04 04:15:00,46554.5,46558.46,46545.28,46550.84,13.657226,635755.4
2024-01-04 04:16:00,46487.75,46499.74,46485.24,46492.0,1.347497,62647.81
2024-01-04 04:17:00,46588.03,46589.31,46576.96,46583.02,3.037628,141501.91
2024-01-04 04:18:00,46568.31,46583.48,46537.87,46554.7,1.980995,92224.63
2024-01-04 04:19:00,46573.13,46607.13,46553.69,46596.28,10.903357,508055.9
2024-01-04 04:20:00,46605.47,46618.91,46583.16,46606.76,12.713549,592537.32
2024-01-04 04:21:00,46490.94,46560.61,46486.81,46557.53,25.252218,1175680.9
2024-01-04 04:22:00,46562.18,46591.07,46537.52,46557.23,50.732582,2361968.64
2024-01-04 04:23:00,46590.42,46603.69,46582.23,46596.43,1.953052,91005.25
2024-01-04 04:24:00,46567.35,46590.73,46554.24,46587.02,21.855812,1018197.14
2024-01-04 04:25:00,46652.99,46664.4,46638.04,46646.68,7.959699,371293.5
2024-01-04 04:26:00,46721.21,46722.66,46688.84,46697.75,16.304467,761381.94
2024-01-04 04:27:00,46734.18,46745.41,46724.67,46743.7,19.065078,891172.23
2024-01-04 04:28:00,46701.82,46732.53,46697.2,46720.71,42.05021,1964615.85
2024-01-04 04:29:00,46670.02,46674.41,46665.75,46666.72,26.316059,1228084.21
2024-01-04 04:30:00,46609.33,46638.53,46597.87,46636.04,26.231638,1223339.81
2024-01-04 04:31:00,46632.65,46646.69,46628.97,46645.86,14.719469,686602.2
2024-01-04 04:32:00,46697.59,46724.03,46668.25,46673.14,18.113076,845394.2
2024-01-04 04:33:00,46565.81,46567.84,46564.45,46564.57,0.916937,42696.79
2024-01-04 04:34:00,46526.57,46569.82,46518.46,46564.16,40.302541,1876653.99
2024-01-04 04:35:00,46536.12,46572.38,46535.42,46572.06,8.742654,407163.44
2024-01-04 04:36:00,46561.43,46576.96,46548.49,46558.19,29.214199,1360160.16
2024-01-04 04:37:00,46640.0,46670.79,46608.98,46622.75,2.986804,139253.0
2024-01-04 04:38:00,46611.49,46654.02,46608.33,46643.84,15.243864,711032.35
2024-01-04 04:39:00,46718.34,46736.86,46690.25,46709.35,6.558517,306344.07
2024-01-04 04:40:00,46725.16,46730.34,46695.11,46698.55,21.177192,988944.18
2024-01-04 04:41:00,46783.18,46792.12,46734.91,46745.43,31.454226,1470341.19
2024-01-04 04:42:00,46833.8,46841.05,46823.34,46827.18,15.059904,705212.83
2024-01-04 04:43:00,46902.9,46917.71,46884.34,46892.76,48.182651,2259417.66
2024-01-04 04:44:00,46795.49,46839.62,46785.49,46838.16,4.408724,206496.52
2024-01-04 04:45:00,46867.47,46872.92,46803.82,46825.47,11.959371,560003.2
2024-01-04 04:46:00,46796.7,46834.5,46793.04,46808.21,26.916988,1259936.15
2024-01-04 04:47:00,46814.01,46833.56,46810.47,46832.68,8.995557,421286.02
2024-01-04 04:48:00,46861.89,46882.25,46845.66,46866.99,11.245752,527054.58
2024-01-04 04:49:00,46855.28,46877.41,46811.88,46825.05,23.280798,1090124.53
2024-01-04 04:50:00,46872.6,46895.04,46814.22,46828.44,28.583997,1338544.06
2024-01-04 04:51:00,46729.95,46782.38,46706.65,46727.45,32.836865,1534382.82
2024-01-04 04:52:00,46819.5,46831.05,46785.21,46799.54,7.381257,345439.47
2024-01-04 04:53:00,46774.79,46788.45,46770.96,46773.92,15.765168,737398.77
2024-01-04 04:54:00,46755.96,46782.93,46735.83,46776.72,16.298221,762377.29
2024-01-04 04:55:00,46790.77,46810.31,46759.17,46761.24,4.487484,209840.31
2024-01-04 04:56:00,46806.09,46819.42,46795.54,46818.54,6.517738,305150.97
2024-01-04 04:57:00,46707.37,46711.54,46662.73,46676.66,32.880552,1534754.37
2024-01-04 04:58:00,46701.8,46709.86,46670.17,46675.83,20.558305,959575.95
2024-01-04 04:59:00,46682.82,46704.0,46660.94,46670.54,10.80182,504126.77
2024-01-04 05:00:00,46684.44,46700.14,46640.81,46647.86,18.973134,885056.07
2024-01-04 05:01:00,46778.82,46783.56,46714.7,46734.17,20.424078,954502.31
2024-01-04 05:02:00,46686.3,46707.71,46672.5,46689.8,17.380467,811490.59
2024-01-04 05:03:00,46712.22,46734.11,46688.73,46728.39,1.501539,70164.51
2024-01-04 05:04:00,46708.92,46764.82,46703.7,46746.21,9.133792,426970.11
2024-01-04 05:05:00,46854.17,46862.63,46792.24,46809.28,5.534193,259051.59
2024-01-04 05:06:00,46767.13,46782.36,46758.82,46775.92,5.877223,274912.53
2024-01-04 05:07:00,46761.97,46767.48,46738.24,46739.27,22.425565,1048154.61
2024-01-04 05:08:00,46779.25,46803.28,46760.43,46794.08,40.579123,1898862.61
2024-01-04 05:09:00,46846.11,46851.89,46803.36,46815.34,21.27281,995893.9
2024-01-04 05:10:00,46724.09,46757.62,46723.14,46738.1,26.202769,1224667.55
2024-01-04 05:11:00,46687.3,46725.44,46668.4,46711.13,2.665017,124485.98
2024-01-04 05:12:00,46726.28,46747.88,46698.06,46730.45,10.362981,484266.78
2024-01-04 05:13:00,46761.7,46776.12,46757.96,46772.34,18.695928,874452.28
2024-01-04 05:14:00,46750.3,46758.53,46733.73,46738.38,10.62393,496545.25
2024-01-04 05:15:00,46591.64,46616.03,46586.8,46592.66,19.386388,903263.45
2024-01-04 05:16:00,46631.38,46632.67,46594.67,46618.82,38.177172,1779774.9
2024-01-04 05:17:00,46551.99,46578.04,46536.73,46557.81,46.37414,2159078.37
2024-01-04 05:18:00,46443.64,46479.28,46441.14,46456.94,13.830483,642521.94
2024-01-04 05:19:00,46303.65,46315.64,46286.93,46315.33,7.668237,355156.91
2024-01-04 05:20:00,46396.92,46408.38,46327.3,46356.02,7.92067,367170.76
2024-01-04 05:21:00,46366.96,46372.14,46352.49,46362.46,4.260178,197512.33
2024-01-04 05:22:00,46311.5,46353.56,46291.85,46351.17,11.972969,554961.17
2024-01-04 05:23:00,46410.22,46429.72,46397.98,46420.62,8.398607,389868.56
2024-01-04 05:24:00,46454.43,46480.0,46413.27,46452.49,22.276058,1034778.36
2024-01-04 05:25:00,46570.21,46583.01,46516.7,46533.31,37.132279,1727887.65
2024-01-04 05:26:00,46484.24,46496.48,46452.44,46463.67,12.647279,587638.98
2024-01-04 05:27:00,46443.51,46480.32,46400.59,46461.94,0.199004,9246.13
2024-01-04 05:28:00,46429.47,46434.41,46370.8,46381.11,10.510358,487482.0
2024-01-04 05:29:00,46369.01,46386.84,46357.15,46369.64,50.849217,2357859.71
2024-01-04 05:30:00,46382.13,46384.59,46328.19,46357.21,28.137512,1304376.43
2024-01-04 05:31:00,46365.44,46392.14,46352.39,46388.54,17.994218,834725.43
2024-01-04 05:32:00,46342.85,46403.21,46333.53,46390.81,6.680386,309908.53
2024-01-04 05:33:00,46393.82,46428.37,46382.92,46421.98,42.237573,1960751.98
2024-01-04 05:34:00,46392.15,46477.58,46391.78,46457.16,6.807516,316257.85
2024-01-04 05:35:00,46607.14,46623.83,46564.35,46564.9,24.242341,1128842.27
2024-01-04 05:36:00,46553.43,46555.13,46548.56,46549.14,15.300528,712226.41
2024-01-04 05:37:00,46483.59,46512.39,46466.88,46502.09,14.556122,676890.07
2024-01-04 05:38:00,46523.44,46536.45,46479.53,46514.39,15.375214,715168.7
2024-01-04 05:39:00,46478.06,46502.25,46470.01,46474.28,36.882683,1714096.04
2024-01-04 05:40:00,46560.79,46566.44,46544.02,46548.38,23.450173,1091567.45
2024-01-04 05:41:00,46558.4,46560.32,46522.93,46534.21,7.992686,371933.38
2024-01-04 05:42:00,46500.14,46521.43,46488.81,46505.94,27.294548,1269358.51
2024-01-04 05:43:00,46464.77,46501.18,46425.22,46482.37,0.010585,492.02
2024-01-04 05:44:00,46534.85,46538.27,46506.31,46518.29,18.303288,851437.66
2024-01-04 05:45:00,46526.45,46538.09,46491.05,46510.4,18.346277,853292.75
2024-01-04 05:46:00,46480.33,46498.82,46465.84,46478.32,27.791398,1291697.51
2024-01-04 05:47:00,46605.14,46627.07,46558.72,46561.59,2.931833,136510.8
2024-01-04 05:48:00,46510.02,46526.07,46488.85,46518.78,41.036582,1908971.7
2024-01-04 05:49:00,46502.56,46535.64,46490.23,46520.56,17.937293,834452.85
2024-01-04 05:50:00,46561.53,46573.84,46533.52,46553.17,21.380075,995310.32
2024-01-04 05:51:00,46458.11,46479.69,46442.59,46471.61,28.703531,1333899.18
2024-01-04 05:52:00,46505.53,46515.67,46481.09,46495.62,9.154722,425654.45
2024-01-04 05:53:00,46426.2,46450.6,46413.23,46442.86,4.079374,189457.81
2024-01-04 05:54:00,46476.0,46496.19,46451.16,46484.0,23.811112,1106835.8
2024-01-04 05:55:00,46473.69,46500.46,46417.73,46435.87,24.836879,1153322.11
2024-01-04 05:56:00,46462.4,46479.77,46455.22,46470.51,5.995862,278630.77
2024-01-04 05:57:00,46509.82,46526.57,46483.16,46525.8,18.957485,882012.14
2024-01-04 05:58:00,46592.29,46595.31,46564.37,46568.87,15.056875,701181.71
2024-01-04 05:59:00,46560.42,46584.76,46551.64,46581.44,0.223391,10405.87
2024-01-04 06:00:00,46556.01,46579.09,46555.56,46569.87,0.425327,19807.41
2024-01-04 06:01:00,46552.58,46555.6,46533.19,46541.05,40.864842,1901892.72
2024-01-04 06:02:00,46633.37,46639.28,46596.21,46614.6,28.253433,1317022.59
2024-01-04 06:03:00,46604.04,46616.98,46567.33,46579.63,3.283464,152942.53
2024-01-04 06:04:00,46512.83,46544.12,46505.6,46527.78,36.969219,1720095.52
2024-01-04 06:05:00,46572.96,46590.75,46550.59,46561.04,25.10162,1168757.65
2024-01-04 06:06:00,46511.91,46530.33,46508.62,46521.24,19.767793,919622.18
2024-01-04 06:07:00,46461.62,46474.78,46447.41,46473.73,20.531803,954189.54
2024-01-04 06:08:00,46425.62,46470.48,46376.7,46401.55,12.922422,599620.46
2024-01-04 06:09:00,46366.42,46383.77,46359.42,46377.41,40.10528,1859978.95
2024-01-04 06:10:00,46378.84,46384.71,46345.93,46373.27,29.030155,1346223.27
2024-01-04 06:11:00,46388.54,46392.23,46366.18,46385.43,14.902469,691257.37
2024-01-04 06:12:00,46411.58,46461.45,46402.07,46432.99,14.872131,690557.54
2024-01-04 06:13:00,46478.66,46486.06,46457.01,46459.34,8.1705,379596.01
2024-01-04 06:14:00,46461.0,46482.73,46434.27,46449.79,1.374177,63830.23
2024-01-04 06:15:00,46400.16,46441.66,46393.72,46439.88,20.690965,960886.01
2024-01-04 06:16:00,46470.94,46484.51,46442.63,46465.39,5.908136,274523.84
2024-01-04 06:17:00,46513.56,46536.06,46498.62,46529.02,13.013974,605527.46
2024-01-04 06:18:00,46557.28,46575.52,46522.35,46535.34,11.947301,555971.68
2024-01-04 06:19:00,46482.97,46523.08,46471.58,46511.88,17.703631,823429.17
2024-01-04 06:20:00,46455.11,46471.24,46430.87,46462.24,28.824999,1339273.92
2024-01-04 06:21:00,46397.22,46416.79,46365.99,46389.98,18.066742,838115.75
2024-01-04 06:22:00,46424.38,46439.84,46419.17,46423.29,23.871328,1108185.59
2024-01-04 06:23:00,46467.45,46480.59,46435.55,46452.19,28.798852,1337769.68
2024-01-04 06:24:00,46450.69,46488.08,46440.36,46481.06,19.208268,892820.57
2024-01-04 06:25:00,46507.66,46513.56,46469.57,46474.62,11.501132,534510.79
2024-01-04 06:26:00,46555.47,46576.5,46544.88,46544.97,17.434499,811488.23
2024-01-04 06:27:00,46547.96,46553.82,46500.99,46520.76,0.581595,27056.24
2024-01-04 06:28:00,46586.01,46602.67,46567.48,46568.53,33.018507,1537623.25
2024-01-04 06:29:00,46566.36,46568.54,46533.79,46566.59,15.008609,698899.76
2024-01-04 06:30:00,46510.49,46559.47,46492.04,46536.17,4.896297,227854.95
2024-01-04 06:31:00,46554.53,46582.67,46513.17,46565.8,1.366293,63622.53
2024-01-04 06:32:00,46618.07,46636.87,46584.25,46586.28,28.055471,1307000.06
2024-01-04 06:33:00,46631.84,46639.16,46589.87,46604.13,8.294217,386544.79
2024-01-04 06:34:00,46595.8,46626.7,46591.18,46608.19,9.905672,461685.47
2024-01-04 06:35:00,46549.93,46632.79,46534.86,46606.3,6.045749,281769.98
2024-01-04 06:36:00,46721.46,46735.09,46714.24,46725.72,30.22261,1412173.15
2024-01-04 06:37:00,46779.18,46812.7,46777.25,46784.93,19.646599,919164.79
2024-01-04 06:38:00,46816.08,46823.41,46809.17,46821.07,13.742671,643446.58
2024-01-04 06:39:00,46837.23,46874.01,46797.89,46826.66,9.51542,445575.38
2024-01-04 06:40:00,46894.54,46918.5,46867.78,46877.02,10.091351,473052.46
2024-01-04 06:41:00,46922.73,46925.52,46887.1,46902.92,2.860833,134181.43
2024-01-04 06:42:00,46913.14,46932.82,46892.1,46904.23,33.210626,1557718.82
2024-01-04 06:43:00,46853.04,46900.29,46839.06,46889.05,4.900525,229780.95
2024-01-04 06:44:00,46878.18,46887.24,46877.73,46885.01,4.429549,207679.42
2024-01-04 06:45:00,46772.57,46774.76,46717.45,46726.48,1.999967,93451.44
2024-01-04 06:46:00,46744.5,46761.84,46708.5,46737.01,24.415245,1141095.66
2024-01-04 06:47:00,46719.95,46723.96,46694.28,46712.59,34.690792,1620496.78
2024-01-04 06:48:00,46799.41,46803.07,46779.2,46792.22,5.44731,254891.73
2024-01-04 06:49:00,46801.5,46818.08,46786.59,46793.19,25.913254,1212563.86
2024-01-04 06:50:00,46686.08,46743.05,46685.19,46733.74,3.353233,156709.12
2024-01-04 06:51:00,46726.46,46734.1,46723.06,46731.25,14.227818,664883.72
2024-01-04 06:52:00,46678.19,46693.18,46653.75,46678.94,3.614002,168697.78
2024-01-04 06:53:00,46728.24,46731.62,46687.04,46702.61,18.924146,883807.06
2024-01-04 06:54:00,46718.11,46729.87,46707.86,46717.16,4.931929,230405.71
2024-01-04 06:55:00,46732.12,46774.5,46721.37,46765.05,4.499181,210404.45
2024-01-04 06:56:00,46734.11,46751.66,46720.86,46725.51,19.635601,917483.44
2024-01-04 06:57:00,46711.13,46729.41,46710.29,46727.21,17.497352,817602.41
2024-01-04 06:58:00,46634.62,46669.12,46631.62,46658.96,15.269964,712480.62
2024-01-04 06:59:00,46677.35,46709.2,46664.14,46694.03,11.895719,555459.09
2024-01-04 07:00:00,46730.83,46733.25,46697.7,46719.98,15.989703,747038.55
2024-01-04 07:01:00,46769.94,46792.73,46737.96,46744.77,33.401827,1561360.59
2024-01-04 07:02:00,46754.51,46757.8,46727.03,46744.85,34.623944,1618490.97
2024-01-04 07:03:00,46778.23,46785.1,46718.5,46765.59,4.24653,198591.46
2024-01-04 07:04:00,46855.26,46858.92,46832.7,46845.8,31.299232,1466237.68
2024-01-04 07:05:00,46833.58,46841.25,46826.41,46831.55,5.124285,239978.21
2024-01-04 07:06:00,46852.42,46861.2,46836.51,46838.48,7.20233,337346.18
2024-01-04 07:07:00,46735.8,46798.99,46705.34,46784.17,1.695786,79335.94
2024-01-04 07:08:00,46742.98,46748.9,46736.55,46740.76,9.506255,444329.6
2024-01-04 07:09:00,46724.75,46758.49,46721.02,46745.65,11.324902,529389.94
2024-01-04 07:10:00,46824.11,46838.66,46797.45,46800.85,9.946739,465515.82
2024-01-04 07:11:00,46785.09,46801.55,46783.59,46788.03,8.196326,383489.97
2024-01-04 07:12:00,46776.86,46778.69,46764.91,46776.24,12.54575,586842.99
2024-01-04 07:13:00,46725.79,46756.71,46724.39,46755.89,35.10781,1641497.05
2024-01-04 07:14:00,46749.49,46763.68,46721.93,46729.16,30.217516,1412039.06
2024-01-04 07:15:00,46756.45,46772.79,46740.7,46743.91,48.418429,2263266.45
2024-01-04 07:16:00,46680.18,46690.62,46659.97,46669.04,2.984449,139281.35
2024-01-04 07:17:00,46716.83,46738.38,46712.79,46733.09,8.441906,394516.35
2024-01-04 07:18:00,46684.35,46715.55,46676.01,46699.82,36.58603,1708560.95
2024-01-04 07:19:00,46740.39,46756.42,46727.64,46735.91,22.13378,1034442.45
2024-01-04 07:20:00,46658.52,46685.1,46639.85,46672.41,20.700377,966136.58
2024-01-04 07:21:00,46714.55,46725.83,46677.97,46705.86,34.912617,1630623.65
2024-01-04 07:22:00,46696.23,46740.55,46688.42,46739.45,6.704851,313381.07
2024-01-04 07:23:00,46748.91,46771.69,46746.89,46758.66,28.38031,1327025.37
2024-01-04 07:24:00,46744.88,46759.92,46706.04,46708.94,15.20972,710429.92
2024-01-04 07:25:00,46730.21,46741.1,46704.81,46721.42,18.350484,857360.67
2024-01-04 07:26:00,46665.6,46666.08,46653.8,46662.27,21.236334,990935.49
2024-01-04 07:27:00,46689.33,46689.53,46637.96,46649.63,32.920998,1535752.32
2024-01-04 07:28:00,46654.38,46706.02,46638.22,46701.1,24.156643,1128141.75
2024-01-04 07:29:00,46724.63,46748.96,46719.01,46740.93,14.089694,658565.44
2024-01-04 07:30:00,46733.67,46759.46,46726.59,46741.69,3.647805,170504.58
2024-01-04 07:31:00,46710.12,46710.9,46670.33,46692.95,3.425159,159930.81
2024-01-04 07:32:00,46742.75,46742.94,46724.69,46725.23,3.594375,167947.99
2024-01-04 07:33:00,46708.88,46738.24,46691.7,46726.2,15.957581,745637.16
2024-01-04 07:34:00,46630.14,46640.27,46607.8,46610.19,44.868598,2091333.68
2024-01-04 07:35:00,46641.25,46664.39,46637.21,46649.32,29.973501,1398243.36
2024-01-04 07:36:00,46672.34,46679.16,46642.21,46648.11,15.090007,703920.24
2024-01-04 07:37:00,46687.57,46715.46,46680.95,46708.23,26.298746,1228367.8
2024-01-04 07:38:00,46651.0,46659.65,46628.03,46653.46,25.061052,1169184.9
2024-01-04 07:39:00,46484.83,46499.39,46472.7,46494.63,9.85955,458416.11
2024-01-04 07:40:00,46529.7,46532.49,46497.21,46508.58,22.735025,1057373.81
2024-01-04 07:41:00,46512.71,46523.75,46502.88,46523.16,35.39492,1646683.56
2024-01-04 07:42:00,46437.78,46438.82,46435.8,46438.63,3.557894,165223.72
2024-01-04 07:43:00,46399.84,46400.77,46372.82,46389.7,20.674014,959061.34
2024-01-04 07:44:00,46538.37,46540.32,46519.04,46527.46,13.24085,616063.17
2024-01-04 07:45:00,46529.92,46530.83,46483.41,46512.18,8.073148,375499.74
2024-01-04 07:46:00,46552.95,46569.51,46547.36,46548.73,14.395043,670070.99
2024-01-04 07:47:00,46507.83,46518.48,46485.6,46516.2,6.559897,305141.47
2024-01-04 07:48:00,46404.69,46415.66,46399.58,46411.68,3.094299,143611.64
2024-01-04 07:49:00,46403.68,46405.14,46402.09,46403.17,9.984018,463290.08
2024-01-04 07:50:00,46394.88,46409.19,46381.87,46389.89,0.193251,8964.91
2024-01-04 07:51:00,46366.95,46379.2,46357.01,46369.9,9.2804,430331.19
2024-01-04 07:52:00,46364.55,46377.6,46356.15,46364.16,22.050311,1022344.24
2024-01-04 07:53:00,46347.03,46379.88,46331.9,46377.38,9.161176,424871.31
2024-01-04 07:54:00,46383.22,46387.89,46367.68,46369.87,15.626771,724611.36
2024-01-04 07:55:00,46310.29,46310.36,46270.95,46306.67,7.045052,326232.91
2024-01-04 07:56:00,46351.02,46351.06,46329.77,46330.98,9.884957,457979.73
2024-01-04 07:57:00,46233.51,46242.69,46227.4,46233.51,8.362887,386645.65
2024-01-04 07:58:00,46096.23,46133.65,46083.3,46130.99,17.111594,789374.83
2024-01-04 07:59:00,46160.78,46186.41,46131.0,46167.95,13.692546,632156.82
2024-01-04 08:00:00,46189.31,46196.92,46189.21,46193.3,34.777621,1606493.23
2024-01-04 08:01:00,46205.29,46217.75,46166.79,46190.43,9.47875,437827.58
2024-01-04 08:02:00,46079.26,46127.67,46069.13,46120.66,2.550073,117611.07
2024-01-04 08:03:00,46086.09,46095.15,46070.56,46085.27,28.594517,1317785.91
2024-01-04 08:04:00,46082.4,46106.61,46067.03,46072.13,16.61968,765704.04
2024-01-04 08:05:00,45979.1,46012.52,45954.18,45992.33,27.682949,1273203.42
2024-01-04 08:06:00,45956.88,45957.04,45952.88,45955.38,7.600631,349289.89
2024-01-04 08:07:00,45975.46,46002.26,45969.33,45988.0,16.173979,743808.92
2024-01-04 08:08:00,46044.77,46078.97,46028.6,46059.36,54.878235,2527656.62
2024-01-04 08:09:00,46030.22,46041.65,46028.33,46038.39,2.052881,94511.35
2024-01-04 08:10:00,46062.0,46092.13,46018.49,46076.22,13.218458,609056.53
2024-01-04 08:11:00,45994.19,45995.27,45975.5,45980.51,24.339775,1119155.38
2024-01-04 08:12:00,45998.79,46036.46,45992.24,46013.49,8.903013,409658.67
2024-01-04 08:13:00,45955.23,45973.41,45934.2,45973.29,2.151928,98931.22
2024-01-04 08:14:00,46024.02,46033.3,45979.61,45988.66,12.491467,574465.79
2024-01-04 08:15:00,45995.48,46009.26,45972.27,45976.27,7.133611,327976.82
2024-01-04 08:16:00,46005.06,46042.67,46003.87,46042.29,2.731735,125775.34
2024-01-04 08:17:00,45983.27,46017.74,45974.42,45998.57,41.793789,1922454.43
2024-01-04 08:18:00,46034.8,46057.29,46019.15,46029.95,7.770714,357685.54
2024-01-04 08:19:00,46022.45,46022.76,45986.09,46015.97,7.988525,367599.74
2024-01-04 08:20:00,45978.25,46044.36,45961.2,46008.06,29.539056,1359034.6
2024-01-04 08:21:00,46022.04,46029.81,45998.69,45998.86,4.450752,204729.54
2024-01-04 08:22:00,45973.09,45976.55,45937.06,45956.58,7.818662,359318.96
2024-01-04 08:23:00,45965.51,45981.37,45914.67,45955.88,8.092534,371899.49
2024-01-04 08:24:00,45979.88,45994.79,45916.2,45952.74,14.22867,653846.43
2024-01-04 08:25:00,45973.85,45991.72,45960.43,45964.81,10.795605,496217.91
2024-01-04 08:26:00,45978.0,45993.25,45961.44,45969.03,9.419815,433019.77
2024-01-04 08:27:00,46040.08,46044.56,46000.61,46008.93,13.000363,598132.82
2024-01-04 08:28:00,46077.13,46092.05,46046.35,46055.11,26.356029,1213829.7
2024-01-04 08:29:00,45985.74,46002.59,45971.03,46002.58,24.061885,1106908.66
2024-01-04 08:30:00,46058.68,46079.59,46036.02,46046.01,10.788145,496751.09
2024-01-04 08:31:00,45973.41,45988.85,45971.86,45986.7,3.493065,160634.53
2024-01-04 08:32:00,46026.17,46038.97,46014.66,46016.09,28.487452,1310881.16
2024-01-04 08:33:00,46056.61,46073.23,46037.85,46047.08,5.656604,260470.1
2024-01-04 08:34:00,45923.84,45960.6,45923.01,45951.51,19.837946,911583.58
2024-01-04 08:35:00,45953.72,45960.87,45938.36,45956.16,26.789651,1231149.5
2024-01-04 08:36:00,45938.04,45940.17,45920.96,45932.73,22.831606,1048718.1
2024-01-04 08:37:00,45886.07,45914.42,45878.36,45894.8,1.873225,85971.3
2024-01-04 08:38:00,45968.63,45979.94,45955.4,45962.34,26.300683,1208840.9
2024-01-04 08:39:00,45945.77,45969.07,45918.59,45929.66,7.060523,324287.37
2024-01-04 08:40:00,45888.72,45890.14,45881.99,45889.34,1.916495,87946.69
2024-01-04 08:41:00,45897.61,45911.56,45887.42,45893.12,26.622296,1221780.24
2024-01-04 08:42:00,45955.07,45958.55,45924.17,45927.4,32.078115,1473264.45
2024-01-04 08:43:00,45929.78,45949.5,45918.08,45920.32,3.568195,163852.64
2024-01-04 08:44:00,45982.65,46012.64,45972.4,45978.64,45.342616,2084791.66
2024-01-04 08:45:00,45986.02,46008.01,45971.49,46005.19,25.684335,1181612.58
2024-01-04 08:46:00,45909.7,45934.37,45893.26,45896.28,20.142267,924455.02
2024-01-04 08:47:00,45876.4,45890.75,45851.92,45869.8,0.912409,41852.02
2024-01-04 08:48:00,45867.38,45887.26,45838.39,45841.71,3.309411,151709.07
2024-01-04 08:49:00,45866.62,45866.72,45859.57,45865.68,4.224709,193769.14
2024-01-04 08:50:00,45698.11,45742.49,45682.32,45734.44,0.690103,31561.48
2024-01-04 08:51:00,45827.88,45877.29,45820.42,45861.89,4.512217,206938.81
2024-01-04 08:52:00,45903.15,45919.61,45879.82,45888.44,5.593752,256688.54
2024-01-04 08:53:00,45884.48,45907.99,45873.59,45895.88,1.796928,82471.59
2024-01-04 08:54:00,45963.7,45971.39,45940.1,45954.96,23.638555,1086308.86
2024-01-04 08:55:00,46074.43,46075.43,46069.78,46072.14,10.612289,488930.92
2024-01-04 08:56:00,46112.34,46123.3,46112.25,46115.68,5.576744,257175.35
2024-01-04 08:57:00,46161.19,46165.26,46156.58,46163.12,8.557627,395046.77
2024-01-04 08:58:00,46152.35,46184.09,46150.4,46169.66,32.283227,1490505.5
2024-01-04 08:59:00,46162.26,46176.87,46162.08,46162.58,0.33187,15319.96
2024-01-04 09:00:00,46127.1,46154.78,46125.11,46138.79,15.467829,713666.89
2024-01-04 09:01:00,46090.04,46101.59,46073.44,46097.48,9.547295,440106.28
2024-01-04 09:02:00,46056.66,46088.17,46043.73,46063.13,5.339576,245957.6
2024-01-04 09:03:00,45991.07,45997.6,45988.47,45995.61,19.630064,902896.68
2024-01-04 09:04:00,46010.26,46019.32,45975.59,45991.81,27.59615,1269196.97
2024-01-04 09:05:00,45904.98,45927.28,45892.82,45907.58,42.972767,1972775.68
2024-01-04 09:06:00,45937.6,45943.85,45905.72,45917.12,24.783101,1137968.76
2024-01-04 09:07:00,45946.07,45946.21,45904.3,45915.31,7.658959,351663.47
2024-01-04 09:08:00,45939.75,45943.26,45901.3,45922.65,5.935482,272573.11
2024-01-04 09:09:00,45907.24,45911.42,45886.64,45896.55,33.273205,1527125.26
2024-01-04 09:10:00,46056.93,46074.51,46043.05,46050.39,3.769193,173572.8
2024-01-04 09:11:00,46135.7,46136.51,46112.25,46118.4,2.102138,96947.23
2024-01-04 09:12:00,46057.96,46082.74,46037.86,46056.17,36.260508,1670020.11
2024-01-04 09:13:00,46087.5,46090.99,46050.04,46067.81,52.150712,2402469.25
2024-01-04 09:14:00,46049.7,46056.32,46019.15,46037.41,2.440325,112346.25
2024-01-04 09:15:00,45979.49,45988.7,45968.62,45986.69,32.144203,1478205.49
2024-01-04 09:16:00,45937.6,45945.99,45902.05,45919.69,4.517192,207428.04
2024-01-04 09:17:00,45943.13,45965.74,45914.17,45941.3,43.015405,1976183.45
2024-01-04 09:18:00,45905.1,45912.72,45904.03,45907.23,48.141982,2210064.9
2024-01-04 09:19:00,45946.09,45969.58,45916.83,45955.62,11.16741,513205.25
2024-01-04 09:20:00,46008.63,46027.55,45993.02,46005.31,11.927555,548730.84
2024-01-04 09:21:00,46093.93,46130.52,46067.36,46074.0,34.511865,1590099.81
2024-01-04 09:22:00,46049.16,46074.54,46013.22,46031.38,6.989762,321748.4
2024-01-04 09:23:00,46062.22,46080.17,46033.76,46055.15,19.205677,884520.36
2024-01-04 09:24:00,46098.77,46104.89,46076.29,46086.78,26.791801,1234747.72
2024-01-04 09:25:00,46088.5,46088.84,46055.64,46063.07,11.518724,530587.75
2024-01-04 09:26:00,46021.48,46025.76,46006.2,46024.48,40.735347,1874823.05
2024-01-04 09:27:00,46082.65,46106.0,46074.82,46104.95,7.59377,350110.4
2024-01-04 09:28:00,46142.35,46178.46,46113.77,46116.33,2.675833,123399.58
2024-01-04 09:29:00,46137.53,46164.36,46114.83,46148.13,11.996446,553613.51
2024-01-04 09:30:00,46093.22,46117.73,46078.7,46107.02,28.792027,1327514.68
2024-01-04 09:31:00,46010.13,46070.72,45991.2,46046.06,23.548099,1084297.16
2024-01-04 09:32:00,46029.01,46038.25,46006.02,46017.59,9.012006,414710.78
2024-01-04 09:33:00,45978.96,46017.29,45977.03,46011.39,15.683396,721614.77
2024-01-04 09:34:00,45943.17,45973.69,45936.34,45958.17,31.465795,1446110.48
2024-01-04 09:35:00,45969.45,45976.74,45941.1,45957.68,10.167869,467291.67
2024-01-04 09:36:00,45887.7,45890.57,45868.32,45873.26,6.241107,286299.92
2024-01-04 09:37:00,45804.22,45831.33,45791.13,45817.25,2.058557,94317.42
2024-01-04 09:38:00,45848.12,45864.2,45830.0,45850.8,28.185613,1292332.91
2024-01-04 09:39:00,45863.54,45888.43,45844.87,45880.99,6.224737,285597.1
2024-01-04 09:40:00,45850.43,45869.43,45825.8,45861.4,21.356874,979456.05
2024-01-04 09:41:00,45815.83,45846.87,45806.29,45810.51,3.916226,179404.32
2024-01-04 09:42:00,45749.1,45780.39,45743.04,45759.14,8.493054,388634.83
2024-01-04 09:43:00,45735.59,45745.02,45731.14,45740.47,27.209966,1244596.74
2024-01-04 09:44:00,45743.41,45775.0,45737.85,45772.7,19.155528,876800.23
2024-01-04 09:45:00,45841.77,45866.23,45815.39,45819.11,16.929438,775691.84
2024-01-04 09:46:00,45804.49,45823.79,45787.74,45794.29,33.02518,1512364.52
2024-01-04 09:47:00,45752.47,45758.45,45718.14,45736.61,6.346904,290285.88
2024-01-04 09:48:00,45775.81,45787.92,45749.7,45750.0,11.632874,532204.03
2024-01-04 09:49:00,45692.32,45739.98,45671.27,45708.83,33.011831,1508932.04
2024-01-04 09:50:00,45675.75,45694.74,45669.63,45682.91,27.463274,1254602.38
2024-01-04 09:51:00,45711.28,45754.58,45687.94,45749.18,25.911927,1185449.36
2024-01-04 09:52:00,45853.34,45856.69,45767.18,45790.53,9.600444,439609.46
2024-01-04 09:53:00,45795.44,45802.24,45784.35,45798.43,16.545623,757763.61
2024-01-04 09:54:00,45755.61,45759.65,45728.98,45734.84,23.337665,1067344.29
2024-01-04 09:55:00,45720.64,45756.09,45707.39,45745.41,5.100041,233303.46
2024-01-04 09:56:00,45818.47,45827.84,45792.6,45798.54,45.607647,2088763.57
2024-01-04 09:57:00,45816.91,45851.7,45756.34,45779.76,25.56425,1170325.14
2024-01-04 09:58:00,45846.11,45854.07,45841.0,45847.31,33.272316,1525446.28
2024-01-04 09:59:00,45891.73,45914.26,45887.79,45911.95,36.786116,1688922.3
2024-01-04 10:00:00,45992.36,46000.31,45972.92,45995.14,15.540058,714767.08
2024-01-04 10:01:00,45965.86,46037.8,45964.38,46010.4,28.33588,1303745.12
2024-01-04 10:02:00,46039.01,46051.14,46019.03,46039.77,1.792297,82516.94
2024-01-04 10:03:00,46126.9,46145.62,46105.83,46110.48,20.357291,938684.39
2024-01-04 10:04:00,46132.13,46133.86,46131.19,46132.85,8.855815,408543.94
2024-01-04 10:05:00,46102.1,46110.08,46066.69,46107.79,21.820688,1006103.62
2024-01-04 10:06:00,46095.91,46096.21,46064.53,46085.36,24.491392,1128694.57
2024-01-04 10:07:00,46109.37,46126.9,46078.71,46097.29,3.095863,142710.89
2024-01-04 10:08:00,45999.56,46033.56,45996.77,46032.76,22.451785,1033517.57
2024-01-04 10:09:00,46027.37,46033.78,46017.59,46025.6,10.315934,474797.0
2024-01-04 10:10:00,46129.14,46129.98,46060.79,46080.42,6.677896,307720.28
2024-01-04 10:11:00,45944.16,45980.05,45932.28,45970.86,8.71728,400740.87
2024-01-04 10:12:00,46045.88,46068.49,46008.24,46047.58,2.831093,130364.97
2024-01-04 10:13:00,46142.54,46144.6,46087.52,46103.7,0.829152,38226.96
2024-01-04 10:14:00,46102.8,46114.53,46061.97,46080.71,12.025622,554149.27
2024-01-04 10:15:00,46097.62,46129.71,46092.22,46107.88,19.666989,906803.25
2024-01-04 10:16:00,46112.16,46132.52,46101.72,46108.04,34.950743,1611510.3
2024-01-04 10:17:00,46169.5,46175.32,46120.72,46169.54,0.009586,442.59
2024-01-04 10:18:00,46203.71,46234.22,46179.49,46218.68,47.321992,2187159.8
2024-01-04 10:19:00,46147.19,46152.4,46140.27,46148.67,17.53156,809058.18
2024-01-04 10:20:00,46172.44,46194.79,46133.67,46178.03,15.163492,700220.24
2024-01-04 10:21:00,46170.01,46178.54,46147.68,46167.75,23.100364,1066491.89
2024-01-04 10:22:00,46156.93,46176.03,46155.08,46171.89,29.502158,1362170.55
2024-01-04 10:23:00,46109.95,46142.0,46108.63,46135.49,0.908521,41915.08
2024-01-04 10:24:00,46222.07,46226.72,46217.53,46222.89,21.09647,975139.88
2024-01-04 10:25:00,46309.2,46313.61,46268.16,46274.9,30.932694,1431407.19
2024-01-04 10:26:00,46239.55,46241.93,46212.68,46237.91,2.412455,111546.88
2024-01-04 10:27:00,46164.55,46174.95,46145.27,46171.18,10.094777,466087.72
2024-01-04 10:28:00,46166.98,46193.42,46140.47,46151.89,5.345157,246689.09
2024-01-04 10:29:00,46170.45,46180.78,46147.59,46173.62,0.139035,6419.76
2024-01-04 10:30:00,46222.99,46231.59,46171.12,46185.63,3.006182,138842.4
2024-01-04 10:31:00,46248.21,46252.45,46244.32,46248.29,8.083936,373868.19
2024-01-04 10:32:00,46301.79,46317.64,46275.68,46287.78,8.741052,404603.89
2024-01-04 10:33:00,46321.17,46347.3,46317.6,46336.26,16.616579,769950.14
2024-01-04 10:34:00,46362.66,46384.9,46348.87,46352.6,18.559005,860258.2
2024-01-04 10:35:00,46288.64,46309.77,46273.53,46283.14,6.169426,285540.38
2024-01-04 10:36:00,46272.22,46299.29,46242.44,46273.35,2.126439,98397.45
2024-01-04 10:37:00,46316.32,46345.84,46314.88,46326.36,27.018343,1251661.4
2024-01-04 10:38:00,46311.02,46341.49,46305.19,46323.78,2.174543,100733.04
2024-01-04 10:39:00,46354.58,46375.36,46344.07,46348.94,26.483827,1227497.21
2024-01-04 10:40:00,46345.58,46346.27,46320.81,46333.0,4.649288,215415.44
2024-01-04 10:41:00,46278.96,46286.96,46278.2,46281.51,17.539921,811773.97
2024-01-04 10:42:00,46281.09,46302.74,46270.51,46275.34,25.047034,1159060.01
2024-01-04 10:43:00,46290.03,46292.94,46284.93,46290.79,42.993726,1990213.66
2024-01-04 10:44:00,46259.98,46286.04,46253.25,46258.01,27.369339,1266051.13
2024-01-04 10:45:00,46242.21,46251.76,46228.48,46246.22,36.081423,1668629.53
2024-01-04 10:46:00,46199.61,46230.58,46181.18,46199.25,3.821711,176560.17
2024-01-04 10:47:00,46309.17,46319.13,46247.67,46255.21,16.914768,782396.18
2024-01-04 10:48:00,46246.72,46249.87,46232.52,46240.49,6.782448,313623.72
2024-01-04 10:49:00,46326.03,46336.5,46307.95,46313.13,17.269611,799809.68
2024-01-04 10:50:00,46398.33,46406.15,46360.63,46389.56,59.220996,2747236.2
2024-01-04 10:51:00,46380.26,46397.52,46365.81,46385.51,33.934715,1574079.15
2024-01-04 10:52:00,46360.97,46386.53,46327.23,46335.09,0.014231,659.37
2024-01-04 10:53:00,46224.97,46247.93,46214.35,46230.79,25.935087,1198999.7
2024-01-04 10:54:00,46178.29,46183.61,46151.38,46157.19,35.231666,1626194.8
2024-01-04 10:55:00,46081.82,46093.09,46059.08,46088.5,17.648447,813390.49
2024-01-04 10:56:00,46138.23,46171.47,46134.79,46157.42,2.763815,127570.57
2024-01-04 10:57:00,46170.52,46180.28,46154.08,46163.22,1.606358,74154.64
2024-01-04 10:58:00,46160.6,46187.3,46146.16,46182.7,3.059916,141315.17
2024-01-04 10:59:00,46082.39,46092.35,46064.17,46071.68,7.676508,353669.59
2024-01-04 11:00:00,45987.89,46020.57,45963.02,46011.78,18.573819,854614.43
2024-01-04 11:01:00,46049.75,46059.78,46027.35,46056.13,4.909492,226112.21
2024-01-04 11:02:00,46041.83,46096.13,46032.5,46070.47,8.722978,401871.69
2024-01-04 11:03:00,46119.59,46129.57,46062.66,46063.11,8.622902,397197.68
2024-01-04 11:04:00,46058.27,46111.58,46055.04,46091.35,4.1026,189094.36
2024-01-04 11:05:00,46173.34,46190.96,46159.57,46173.14,6.619266,305632.29
2024-01-04 11:06:00,46184.96,46211.52,46158.04,46162.09,10.728747,495261.39
2024-01-04 11:07:00,46186.29,46188.9,46151.93,46165.56,29.054012,1341294.68
2024-01-04 11:08:00,46192.21,46204.04,46147.84,46175.19,3.488068,161062.18
2024-01-04 11:09:00,46288.45,46325.94,46276.2,46294.79,10.276555,475750.99
2024-01-04 11:10:00,46216.85,46221.87,46159.9,46189.83,7.083611,327190.77
2024-01-04 11:11:00,46242.25,46254.46,46216.02,46223.99,10.144644,468925.9
2024-01-04 11:12:00,46222.49,46225.34,46204.69,46218.25,10.043851,464209.2
2024-01-04 11:13:00,46251.4,46266.12,46215.5,46246.58,26.102767,1207163.84
2024-01-04 11:14:00,46207.64,46221.61,46187.99,46213.72,4.278662,197732.87
2024-01-04 11:15:00,46193.07,46220.35,46173.8,46211.27,4.395871,203138.76
2024-01-04 11:16:00,46271.58,46275.89,46234.1,46246.84,10.834306,501052.39
2024-01-04 11:17:00,46428.73,46443.24,46390.16,46402.48,2.258084,104780.72
2024-01-04 11:18:00,46425.2,46452.24,46405.35,46442.89,8.501728,394844.8
2024-01-04 11:19:00,46397.41,46400.72,46387.42,46400.48,11.040545,512286.63
2024-01-04 11:20:00,46376.43,46381.86,46362.71,46379.29,30.995649,1437556.36
2024-01-04 11:21:00,46355.97,46356.81,46331.6,46356.62,5.610655,260091.03
2024-01-04 11:22:00,46268.13,46274.59,46261.66,46266.84,33.988073,1572520.79
2024-01-04 11:23:00,46269.27,46269.31,46246.51,46250.34,8.777485,405961.66
2024-01-04 11:24:00,46272.03,46294.34,46256.03,46286.98,27.123064,1255444.67
2024-01-04 11:25:00,46206.34,46225.16,46204.65,46223.27,5.346239,247120.65
2024-01-04 11:26:00,46300.42,46306.72,46272.64,46275.69,29.336902,1357585.41
2024-01-04 11:27:00,46290.83,46312.63,46268.88,46300.08,22.976198,1063799.78
2024-01-04 11:28:00,46238.11,46272.43,46224.29,46263.37,60.058047,2778487.53
2024-01-04 11:29:00,46246.59,46267.31,46240.23,46256.29,1.958806,90607.1
2024-01-04 11:30:00,46329.61,46344.68,46316.69,46336.21,31.923161,1479198.23
2024-01-04 11:31:00,46403.98,46423.29,46372.72,46372.89,15.955126,739885.21
2024-01-04 11:32:00,46391.82,46402.71,46368.87,46373.32,13.577094,629615.01
2024-01-04 11:33:00,46384.39,46400.54,46350.91,46361.44,16.968144,786667.61
2024-01-04 11:34:00,46381.67,46388.23,46360.1,46365.27,66.72824,3093872.92
2024-01-04 11:35:00,46358.61,46364.47,46330.05,46339.68,3.642825,168807.36
2024-01-04 11:36:00,46220.68,46244.68,46218.71,46234.45,4.225361,195357.22
2024-01-04 11:37:00,46332.58,46358.84,46316.01,46336.55,17.018672,788586.62
2024-01-04 11:38:00,46324.52,46358.9,46322.85,46344.32,8.495252,393706.67
2024-01-04 11:39:00,46360.02,46384.69,46354.23,46364.23,18.191538,843436.6
2024-01-04 11:40:00,46375.01,46375.79,46340.74,46361.33,8.930231,414017.4
2024-01-04 11:41:00,46327.27,46341.46,46307.29,46324.58,5.076353,235159.91
2024-01-04 11:42:00,46341.51,46353.15,46314.31,46315.28,19.887679,921103.41
2024-01-04 11:43:00,46212.48,46240.33,46204.27,46235.31,12.166427,562518.55
2024-01-04 11:44:00,46359.17,46361.19,46345.74,46349.16,25.206409,1168295.99
2024-01-04 11:45:00,46262.47,46288.95,46254.62,46287.44,43.049067,1992631.09
2024-01-04 11:46:00,46237.72,46242.26,46228.25,46235.84,0.032862,1519.38
2024-01-04 11:47:00,46228.63,46228.83,46198.2,46213.83,1.769839,81791.04
2024-01-04 11:48:00,46273.94,46278.88,46255.34,46278.23,16.912948,782701.34
2024-01-04 11:49:00,46289.98,46297.76,46272.77,46278.96,20.420605,945044.32
2024-01-04 11:50:00,46197.96,46240.77,46190.28,46217.15,2.895031,133800.08
2024-01-04 11:51:00,46246.59,46296.65,46240.29,46279.87,16.91056,782618.45
2024-01-04 11:52:00,46327.56,46338.33,46287.44,46316.42,33.309464,1542775.05
2024-01-04 11:53:00,46378.22,46382.81,46325.3,46343.34,3.687969,170912.78
2024-01-04 11:54:00,46359.2,46389.09,46358.69,46379.13,0.514344,23854.82
2024-01-04 11:55:00,46523.29,46544.37,46493.15,46498.84,30.290253,1408461.76
2024-01-04 11:56:00,46608.97,46634.76,46600.73,46608.1,24.148457,1125513.65
2024-01-04 11:57:00,46547.05,46584.31,46535.34,46573.76,22.029672,1026004.7
2024-01-04 11:58:00,46632.33,46668.28,46624.96,46654.96,2.172263,101346.82
2024-01-04 11:59:00,46674.43,46682.79,46670.07,46674.12,18.721393,873804.44
2024-01-04 12:00:00,46690.98,46705.08,46685.26,46699.07,4.236678,197848.9
2024-01-04 12:01:00,46588.2,46623.5,46577.88,46614.46,10.18961,474983.15
2024-01-04 12:02:00,46572.06,46615.52,46552.43,46605.94,21.630926,1008129.6
2024-01-04 12:03:00,46548.36,46570.57,46531.12,46565.3,15.690431,730629.55
2024-01-04 12:04:00,46610.58,46629.05,46602.22,46606.7,1.972338,91924.19
2024-01-04 12:05:00,46660.13,46664.29,46639.64,46660.25,1.442489,67306.92
2024-01-04 12:06:00,46546.5,46584.04,46518.0,46556.53,19.512993,908457.23
2024-01-04 12:07:00,46559.46,46586.31,46533.02,46555.43,3.613377,168222.32
2024-01-04 12:08:00,46632.32,46639.62,46607.88,46611.52,1.622934,75647.43
2024-01-04 12:09:00,46610.07,46612.12,46592.73,46602.19,49.571823,2310155.31
2024-01-04 12:10:00,46636.21,46643.2,46626.44,46638.64,0.992484,46288.1
2024-01-04 12:11:00,46674.76,46679.51,46632.38,46656.2,23.372794,1090485.68
2024-01-04 12:12:00,46654.08,46673.88,46652.56,46673.28,17.851514,833188.7
2024-01-04 12:13:00,46655.22,46666.33,46651.67,46659.71,20.465119,954896.6
2024-01-04 12:14:00,46594.86,46602.01,46591.11,46598.89,3.579878,166818.31
2024-01-04 12:15:00,46518.07,46547.55,46515.04,46542.81,26.382434,1227912.6
2024-01-04 12:16:00,46569.88,46596.21,46538.67,46578.28,7.370344,343297.94
2024-01-04 12:17:00,46537.75,46586.15,46533.83,46579.25,19.298792,898923.24
2024-01-04 12:18:00,46610.57,46622.56,46567.1,46572.32,17.889764,833167.89
2024-01-04 12:19:00,46532.38,46551.6,46515.2,46551.13,1.646093,76627.48
2024-01-04 12:20:00,46567.59,46572.1,46529.71,46535.87,18.717844,871051.14
2024-01-04 12:21:00,46588.98,46593.22,46578.34,46588.22,63.755493,2970254.68
2024-01-04 12:22:00,46582.75,46598.64,46554.8,46571.45,17.648781,821929.41
2024-01-04 12:23:00,46494.62,46507.98,46485.17,46504.4,22.24346,1034418.79
2024-01-04 12:24:00,46545.74,46561.08,46539.68,46541.58,4.920109,228989.68
2024-01-04 12:25:00,46544.35,46560.64,46528.8,46531.34,12.391753,576604.87
2024-01-04 12:26:00,46546.2,46564.28,46531.83,46532.91,30.478498,1418253.19
2024-01-04 12:27:00,46628.78,46635.08,46611.68,46613.29,2.116786,98670.34
2024-01-04 12:28:00,46604.89,46623.38,46585.88,46612.26,5.416366,252469.06
2024-01-04 12:29:00,46617.11,46650.99,46601.02,46626.72,45.869511,2138744.79
2024-01-04 12:30:00,46535.89,46580.0,46524.6,46567.77,3.245845,151151.76
2024-01-04 12:31:00,46567.25,46572.83,46526.35,46556.79,34.306563,1597203.41
2024-01-04 12:32:00,46608.91,46615.33,46547.42,46587.27,17.749562,826903.58
2024-01-04 12:33:00,46541.82,46545.35,46502.6,46509.5,1.061821,49384.75
2024-01-04 12:34:00,46525.64,46536.03,46519.37,46519.54,16.828146,782837.61
2024-01-04 12:35:00,46509.25,46531.7,46499.17,46524.58,4.328427,201378.24
2024-01-04 12:36:00,46492.7,46531.51,46478.76,46526.64,28.094502,1307142.88
2024-01-04 12:37:00,46599.33,46600.47,46552.74,46578.5,34.941877,1627540.24
2024-01-04 12:38:00,46559.3,46610.54,46554.63,46595.22,10.980143,511622.19
2024-01-04 12:39:00,46662.31,46682.79,46648.9,46669.13,36.849529,1719735.32
2024-01-04 12:40:00,46614.96,46627.7,46603.35,46619.45,13.201475,615445.47
2024-01-04 12:41:00,46624.85,46633.53,46613.57,46626.24,28.290262,1319068.64
2024-01-04 12:42:00,46631.18,46648.1,46627.16,46630.47,69.023932,3218618.17
2024-01-04 12:43:00,46579.77,46586.52,46556.64,46577.0,59.502315,2771439.57
2024-01-04 12:44:00,46576.51,46627.05,46553.71,46624.82,6.348957,296018.96
2024-01-04 12:45:00,46741.35,46747.03,46738.67,46741.05,15.8701,741785.2
2024-01-04 12:46:00,46695.61,46744.66,46691.31,46740.2,11.07912,517840.29
2024-01-04 12:47:00,46780.1,46811.36,46765.3,46765.45,25.972912,1214635.01
2024-01-04 12:48:00,46758.58,46783.2,46745.82,46769.68,17.784335,831767.65
2024-01-04 12:49:00,46690.86,46748.57,46668.39,46734.0,5.480377,256119.94
2024-01-04 12:50:00,46626.68,46658.44,46611.59,46642.96,33.73697,1573592.2
2024-01-04 12:51:00,46596.27,46615.24,46586.04,46607.67,4.687808,218487.81
2024-01-04 12:52:00,46561.89,46570.53,46512.54,46538.08,0.41816,19460.35
2024-01-04 12:53:00,46627.21,46628.04,46611.1,46623.28,17.989926,838749.38
2024-01-04 12:54:00,46624.41,46631.84,46610.78,46617.52,0.698546,32564.48
2024-01-04 12:55:00,46623.85,46625.97,46589.1,46600.23,9.366409,436476.83
2024-01-04 12:56:00,46642.76,46648.69,46635.72,46644.69,44.925014,2095513.22
2024-01-04 12:57:00,46603.68,46630.53,46580.95,46588.6,2.293695,106860.04
2024-01-04 12:58:00,46563.93,46577.02,46532.67,46550.26,23.50819,1094312.25
2024-01-04 12:59:00,46527.93,46562.0,46521.71,46553.66,1.669983,77743.83
2024-01-04 13:00:00,46634.56,46638.83,46604.55,46605.1,9.46383,441062.73
2024-01-04 13:01:00,46601.78,46634.02,46588.29,46630.18,8.369018,390248.82
2024-01-04 13:02:00,46660.95,46662.45,46639.33,46642.6,63.688536,2970598.8
2024-01-04 13:03:00,46616.16,46662.56,46599.0,46646.5,25.632515,1195667.2
2024-01-04 13:04:00,46678.54,46720.84,46662.49,46666.52,19.241053,897912.9
2024-01-04 13:05:00,46713.84,46722.81,46650.47,46676.6,0.49104,22920.09
2024-01-04 13:06:00,46620.84,46651.24,46601.99,46625.1,2.308341,107626.63
2024-01-04 13:07:00,46622.28,46645.34,46621.94,46627.4,19.669545,917139.8
2024-01-04 13:08:00,46585.93,46622.0,46549.45,46573.72,45.90072,2137767.25
2024-01-04 13:09:00,46571.19,46586.75,46558.69,46577.77,15.378217,716283.13
2024-01-04 13:10:00,46590.11,46604.38,46543.21,46553.74,13.638984,634945.73
2024-01-04 13:11:00,46684.55,46685.76,46674.25,46680.71,14.076951,657122.06
2024-01-04 13:12:00,46672.31,46690.1,46661.18,46678.72,51.802989,2418097.02
2024-01-04 13:13:00,46597.7,46635.0,46592.36,46608.5,15.99001,745270.45
2024-01-04 13:14:00,46583.14,46617.37,46582.17,46601.79,6.149343,286570.43
2024-01-04 13:15:00,46615.21,46640.06,46599.77,46627.76,45.982231,2144048.55
2024-01-04 13:16:00,46704.42,46719.4,46694.14,46711.43,7.406898,345986.8
2024-01-04 13:17:00,46672.21,46689.54,46667.64,46681.96,23.831682,1112509.59
2024-01-04 13:18:00,46589.67,46607.58,46566.75,46602.84,20.540129,957228.29
2024-01-04 13:19:00,46685.66,46686.92,46629.21,46643.68,6.165804,287595.77
2024-01-04 13:20:00,46554.05,46595.1,46512.51,46574.65,15.832774,737405.9
2024-01-04 13:21:00,46555.77,46557.27,46532.36,46552.84,26.438911,1230806.42
2024-01-04 13:22:00,46551.81,46566.22,46535.26,46539.96,8.366045,389355.38
2024-01-04 13:23:00,46549.08,46557.07,46520.64,46536.48,5.494826,255709.87
2024-01-04 13:24:00,46569.76,46590.66,46557.29,46570.94,6.193001,288413.86
2024-01-04 13:25:00,46531.94,46549.85,46511.08,46536.75,32.274281,1501940.31
2024-01-04 13:26:00,46532.1,46532.2,46507.64,46523.07,35.648392,1658472.58
2024-01-04 13:27:00,46527.69,46550.72,46511.93,46522.35,49.165242,2287282.86
2024-01-04 13:28:00,46524.66,46540.06,46512.75,46529.83,17.0307,792435.67
2024-01-04 13:29:00,46503.49,46550.54,46485.27,46534.73,47.30592,2201368.03
2024-01-04 13:30:00,46547.17,46586.15,46537.89,46556.53,3.85805,179617.42
2024-01-04 13:31:00,46575.79,46601.28,46571.3,46598.72,14.318836,667239.43
2024-01-04 13:32:00,46605.01,46626.26,46588.53,46618.35,11.216383,522889.27
2024-01-04 13:33:00,46641.69,46653.29,46629.49,46641.03,21.466681,1001228.12
2024-01-04 13:34:00,46569.09,46588.66,46543.72,46561.92,15.694872,730783.35
2024-01-04 13:35:00,46600.04,46619.19,46561.6,46564.43,39.076936,1819595.22
2024-01-04 13:36:00,46577.66,46610.14,46569.38,46588.41,32.192141,1499780.51
2024-01-04 13:37:00,46640.34,46640.84,46607.57,46624.85,27.107,1263859.89
2024-01-04 13:38:00,46596.35,46611.92,46581.53,46590.23,1.112833,51847.16
2024-01-04 13:39:00,46583.2,46583.94,46546.0,46557.28,15.624357,727427.61
2024-01-04 13:40:00,46540.1,46553.35,46513.18,46528.58,19.874835,924747.79
2024-01-04 13:41:00,46535.23,46572.26,46531.33,46555.4,5.40441,251604.47
2024-01-04 13:42:00,46572.63,46631.6,46540.95,46607.09,43.381589,2021889.71
2024-01-04 13:43:00,46592.94,46608.25,46573.79,46586.72,13.08693,609677.12
2024-01-04 13:44:00,46621.55,46647.71,46613.77,46632.12,10.190926,475224.47
2024-01-04 13:45:00,46618.69,46638.89,46601.86,46638.29,17.92722,836094.91
2024-01-04 13:46:00,46606.73,46646.42,46587.54,46632.08,16.758904,781502.52
2024-01-04 13:47:00,46624.73,46641.73,46601.71,46621.51,21.254902,990935.59
2024-01-04 13:48:00,46688.99,46692.4,46640.73,46658.84,24.482604,1142329.88
2024-01-04 13:49:00,46666.94,46683.97,46657.79,46675.12,19.35968,903615.34
2024-01-04 13:50:00,46800.71,46811.23,46761.26,46788.91,38.536711,1803090.64
2024-01-04 13:51:00,46744.25,46758.27,46743.58,46746.3,1.080565,50512.43
2024-01-04 13:52:00,46746.41,46783.78,46725.87,46772.2,11.16549,522234.56
2024-01-04 13:53:00,46760.44,46762.81,46716.85,46745.74,1.743454,81499.07
2024-01-04 13:54:00,46680.38,46716.34,46664.31,46702.28,16.924616,790418.14
2024-01-04 13:55:00,46702.17,46703.12,46689.3,46701.73,11.575594,540600.31
2024-01-04 13:56:00,46701.77,46737.67,46693.74,46708.6,7.207567,336655.38
2024-01-04 13:57:00,46872.37,46880.76,46845.5,46854.51,19.550747,916040.68
2024-01-04 13:58:00,46824.14,46850.36,46813.64,46845.3,22.324829,1045813.42
2024-01-04 13:59:00,46796.61,46823.19,46778.13,46788.79,9.739753,455711.28
2024-01-04 14:00:00,46785.65,46841.01,46773.83,46802.45,34.289617,1604837.94
2024-01-04 14:01:00,46688.49,46733.8,46688.08,46698.71,21.444589,1001434.71
2024-01-04 14:02:00,46621.41,46714.02,46603.16,46694.12,27.910718,1303266.27
2024-01-04 14:03:00,46736.76,46737.91,46688.97,46694.92,9.765821,456014.19
2024-01-04 14:04:00,46745.66,46753.64,46721.49,46734.65,4.655499,217573.11
2024-01-04 14:05:00,46767.98,46797.51,46759.69,46783.33,10.257238,479867.72
2024-01-04 14:06:00,46735.66,46764.22,46726.01,46758.15,2.386937,111608.74
2024-01-04 14:07:00,46740.71,46754.65,46711.83,46750.62,44.785928,2093769.85
2024-01-04 14:08:00,46726.65,46727.04,46705.39,46712.31,11.714264,547200.35
2024-01-04 14:09:00,46618.07,46662.97,46614.66,46655.91,16.335174,762132.41
2024-01-04 14:10:00,46668.57,46675.82,46646.76,46671.4,9.118728,425583.83
2024-01-04 14:11:00,46643.14,46654.74,46599.01,46607.73,19.489012,908338.53
2024-01-04 14:12:00,46564.31,46589.77,46529.79,46586.99,5.662293,263789.22
2024-01-04 14:13:00,46538.84,46545.75,46522.18,46537.23,25.470356,1185319.95
2024-01-04 14:14:00,46608.79,46613.92,46554.8,46564.72,2.16149,100649.19
2024-01-04 14:15:00,46667.43,46701.9,46622.44,46654.79,37.529067,1750910.79
2024-01-04 14:16:00,46592.23,46596.48,46575.18,46589.71,19.928942,928483.65
2024-01-04 14:17:00,46507.19,46525.33,46473.52,46497.06,6.948854,323101.3
2024-01-04 14:18:00,46482.8,46500.26,46476.11,46490.82,26.841837,1247898.89
2024-01-04 14:19:00,46517.59,46518.95,46475.21,46491.6,19.860601,923351.13
2024-01-04 14:20:00,46494.55,46504.11,46471.94,46502.53,26.546303,1234470.35
2024-01-04 14:21:00,46441.03,46490.72,46436.89,46480.22,11.714878,544510.06
2024-01-04 14:22:00,46462.36,46484.08,46455.17,46470.19,5.176245,240541.05
2024-01-04 14:23:00,46469.23,46494.1,46461.3,46488.56,12.705524,590661.52
2024-01-04 14:24:00,46534.96,46544.6,46519.85,46540.58,0.007532,350.55
2024-01-04 14:25:00,46437.65,46445.6,46429.02,46442.83,29.586573,1374084.19
2024-01-04 14:26:00,46448.33,46462.25,46417.16,46424.38,39.383736,1828365.68
2024-01-04 14:27:00,46448.98,46457.91,46426.15,46435.07,21.58075,1002103.74
2024-01-04 14:28:00,46394.44,46404.99,46387.86,46389.18,38.363152,1779634.99
2024-01-04 14:29:00,46475.67,46477.44,46459.33,46475.73,32.537291,1512194.47
2024-01-04 14:30:00,46422.79,46460.02,46419.92,46443.96,4.634965,215266.15
2024-01-04 14:31:00,46398.27,46449.81,46393.18,46441.9,26.71585,1240734.79
2024-01-04 14:32:00,46471.96,46472.87,46435.07,46469.7,15.659318,727683.8
2024-01-04 14:33:00,46456.03,46466.36,46423.77,46440.14,13.721376,637222.54
2024-01-04 14:34:00,46345.64,46371.56,46333.4,46347.81,13.647087,632512.56
2024-01-04 14:35:00,46315.68,46334.83,46287.86,46326.37,7.806882,361664.53
2024-01-04 14:36:00,46387.14,46393.18,46347.69,46377.85,18.793896,871620.41
2024-01-04 14:37:00,46359.33,46362.25,46346.71,46361.0,31.886081,1478270.64
2024-01-04 14:38:00,46352.39,46371.91,46307.21,46318.68,2.102317,97376.56
2024-01-04 14:39:00,46389.62,46392.88,46355.62,46364.96,28.126451,1304081.87
2024-01-04 14:40:00,46367.61,46372.27,46327.02,46348.42,8.489587,393479.0
2024-01-04 14:41:00,46338.07,46353.63,46295.49,46322.92,26.884095,1245349.68
2024-01-04 14:42:00,46304.59,46332.16,46293.26,46330.39,0.316758,14675.51
2024-01-04 14:43:00,46382.19,46390.3,46365.33,46368.93,0.614233,28481.33
2024-01-04 14:44:00,46495.54,46502.97,46484.24,46488.01,9.70445,451140.59
2024-01-04 14:45:00,46541.5,46554.78,46505.48,46529.37,40.160705,1868652.45
2024-01-04 14:46:00,46597.22,46598.57,46585.49,46587.37,43.472335,2025261.59
2024-01-04 14:47:00,46571.12,46583.25,46555.83,46562.07,5.375357,250287.73
2024-01-04 14:48:00,46564.79,46573.79,46509.62,46510.77,15.205575,707223.05
2024-01-04 14:49:00,46512.37,46518.35,46494.42,46513.89,4.882175,227088.97
2024-01-04 14:50:00,46537.98,46541.5,46484.47,46519.25,19.592183,911413.67
2024-01-04 14:51:00,46455.9,46471.58,46455.42,46465.32,7.835151,364062.82
2024-01-04 14:52:00,46472.37,46476.41,46435.37,46456.56,21.506449,999115.62
2024-01-04 14:53:00,46495.31,46517.12,46471.27,46476.53,0.071852,3339.42
2024-01-04 14:54:00,46501.83,46522.87,46492.31,46494.54,36.231478,1684566.09
2024-01-04 14:55:00,46553.14,46563.46,46517.89,46519.76,15.845119,737111.13
2024-01-04 14:56:00,46516.62,46544.08,46500.83,46534.31,10.945828,509356.54
2024-01-04 14:57:00,46499.21,46532.88,46483.66,46508.96,2.224121,103441.56
2024-01-04 14:58:00,46487.51,46496.44,46476.14,46483.26,0.800847,37225.99
2024-01-04 14:59:00,46440.93,46445.95,46405.59,46423.31,20.879211,969282.19
2024-01-04 15:00:00,46516.14,46545.11,46481.52,46512.55,12.841214,597277.65
2024-01-04 15:01:00,46538.94,46552.29,46510.06,46513.23,25.420324,1182381.26
2024-01-04 15:02:00,46488.75,46523.79,46468.73,46501.98,20.932946,973423.48
2024-01-04 15:03:00,46432.73,46486.47,46421.36,46455.54,10.394402,482877.61
2024-01-04 15:04:00,46608.49,46624.18,46579.69,46602.33,17.684196,824124.67
2024-01-04 15:05:00,46547.12,46550.42,46526.72,46548.66,1.85065,86145.26
2024-01-04 15:06:00,46538.07,46557.92,46511.01,46527.22,9.036627,420449.13
2024-01-04 15:07:00,46547.46,46551.81,46536.37,46548.01,36.819008,1713851.55
2024-01-04 15:08:00,46571.22,46586.52,46562.95,46578.02,10.214201,475757.24
2024-01-04 15:09:00,46624.42,46653.91,46605.69,46625.92,5.656189,263725.0
2024-01-04 15:10:00,46716.87,46733.86,46712.67,46716.3,14.209689,663824.03
2024-01-04 15:11:00,46735.51,46741.89,46729.17,46741.6,13.311407,622196.51
2024-01-04 15:12:00,46684.74,46699.74,46672.56,46688.8,14.416966,673110.87
2024-01-04 15:13:00,46667.88,46680.21,46665.58,46675.96,43.92088,2050049.08
2024-01-04 15:14:00,46708.48,46710.78,46684.6,46691.35,6.172287,288192.4
2024-01-04 15:15:00,46798.64,46801.16,46748.54,46794.76,15.341103,717883.22
2024-01-04 15:16:00,46770.0,46773.26,46715.57,46724.87,9.530115,445293.38
2024-01-04 15:17:00,46788.21,46812.55,46782.52,46785.0,9.018252,421918.9
2024-01-04 15:18:00,46782.98,46796.0,46781.81,46793.99,8.657445,405116.42
2024-01-04 15:19:00,46889.3,46913.59,46829.1,46835.88,24.286178,1137464.62
2024-01-04 15:20:00,46839.06,46847.52,46821.95,46830.78,11.962427,560209.84
2024-01-04 15:21:00,46808.47,46813.73,46778.05,46788.66,23.773475,1112329.12
2024-01-04 15:22:00,46838.05,46839.75,46807.88,46826.21,11.382689,533008.16
2024-01-04 15:23:00,46871.39,46886.0,46841.17,46858.93,25.254453,1183396.6
2024-01-04 15:24:00,46918.24,46919.94,46891.89,46907.53,17.596765,825420.8
2024-01-04 15:25:00,46884.82,46920.85,46875.84,46906.87,12.278398,575941.16
2024-01-04 15:26:00,46884.23,46898.71,46875.84,46876.88,7.435076,348533.13
2024-01-04 15:27:00,46772.44,46805.27,46759.75,46798.94,13.211432,618280.96
2024-01-04 15:28:00,46836.42,46853.52,46835.76,46839.9,16.325296,764675.32
2024-01-04 15:29:00,46846.59,46862.03,46838.63,46861.1,3.694075,173108.42
2024-01-04 15:30:00,46819.96,46835.82,46805.68,46812.81,10.739513,502746.79
2024-01-04 15:31:00,46792.56,46797.12,46781.09,46785.88,23.712349,1109403.13
2024-01-04 15:32:00,46772.17,46783.0,46754.8,46762.54,13.027702,609208.46
2024-01-04 15:33:00,46694.14,46715.29,46673.92,46688.39,10.037631,468640.88
2024-01-04 15:34:00,46635.37,46655.73,46629.46,46647.51,11.58345,540339.08
2024-01-04 15:35:00,46585.6,46606.09,46584.49,46590.82,18.826782,877155.16
2024-01-04 15:36:00,46588.6,46622.62,46564.78,46570.19,7.856049,365857.73
2024-01-04 15:37:00,46554.62,46559.58,46514.56,46533.26,8.97862,417804.44
2024-01-04 15:38:00,46428.97,46464.54,46427.0,46451.91,12.762242,592830.52
2024-01-04 15:39:00,46522.42,46578.54,46521.84,46553.04,12.222998,569017.7
2024-01-04 15:40:00,46601.13,46637.62,46588.53,46615.67,4.004775,186685.24
2024-01-04 15:41:00,46597.62,46615.71,46552.76,46576.71,46.574406,2169282.84
2024-01-04 15:42:00,46614.63,46639.3,46565.67,46590.34,13.687824,637720.29
2024-01-04 15:43:00,46592.71,46641.47,46588.9,46611.21,6.596698,307480.09
2024-01-04 15:44:00,46676.91,46684.09,46666.17,46670.76,2.278191,106324.9
2024-01-04 15:45:00,46666.52,46675.79,46602.08,46629.83,30.176639,1407131.64
2024-01-04 15:46:00,46692.74,46697.65,46683.76,46684.44,20.900888,975746.22
2024-01-04 15:47:00,46685.47,46692.82,46632.66,46657.04,24.752889,1154896.63
2024-01-04 15:48:00,46610.22,46620.24,46587.15,46590.25,3.916223,182457.82
2024-01-04 15:49:00,46608.25,46635.68,46589.48,46626.46,1.064276,49623.41
2024-01-04 15:50:00,46687.2,46694.25,46676.95,46690.99,9.760977,455749.73
2024-01-04 15:51:00,46821.09,46833.27,46803.61,46820.39,22.542698,1055457.93
2024-01-04 15:52:00,46762.49,46788.8,46757.77,46760.4,11.40304,533210.74
2024-01-04 15:53:00,46813.68,46821.75,46785.65,46795.35,8.41185,393635.48
2024-01-04 15:54:00,46783.03,46785.04,46746.98,46774.86,43.985332,2057407.73
2024-01-04 15:55:00,46755.3,46821.77,46727.74,46814.03,10.581208,495348.97
2024-01-04 15:56:00,46714.25,46755.66,46700.8,46740.5,3.885909,181629.32
2024-01-04 15:57:00,46633.62,46694.01,46632.2,46677.36,16.684236,778776.17
2024-01-04 15:58:00,46642.08,46644.38,46624.33,46638.57,0.261957,12217.32
2024-01-04 15:59:00,46647.33,46664.59,46641.01,46642.52,11.574966,539885.58
2024-01-04 16:00:00,46616.13,46621.07,46585.1,46610.47,2.107998,98254.79
2024-01-04 16:01:00,46624.24,46653.16,46604.22,46643.42,20.843673,972220.14
2024-01-04 16:02:00,46708.25,46714.56,46664.75,46694.76,10.73918,501463.48
2024-01-04 16:03:00,46739.07,46740.21,46713.19,46724.74,0.399695,18675.65
2024-01-04 16:04:00,46780.58,46823.76,46766.43,46805.68,25.813659,1208225.87
2024-01-04 16:05:00,46797.15,46853.73,46796.83,46826.47,26.6399,1247452.55
2024-01-04 16:06:00,46765.62,46775.03,46765.35,46765.63,2.950359,137975.39
2024-01-04 16:07:00,46869.63,46883.55,46810.27,46833.8,12.159734,569486.52
2024-01-04 16:08:00,46837.53,46850.16,46792.36,46803.54,8.234714,385413.73
2024-01-04 16:09:00,46860.33,46879.22,46828.69,46849.06,1.820873,85306.18
2024-01-04 16:10:00,46913.15,46942.78,46888.35,46927.75,1.598308,75004.98
2024-01-04 16:11:00,46968.32,46972.84,46931.71,46950.58,16.678376,783059.45
2024-01-04 16:12:00,46866.72,46888.76,46852.8,46875.77,8.15929,382473.04
2024-01-04 16:13:00,46814.51,46855.76,46803.1,46829.86,9.705853,454523.76
2024-01-04 16:14:00,46853.12,46899.0,46840.49,46896.0,15.97145,748997.12
2024-01-04 16:15:00,46889.59,46902.94,46872.24,46887.54,3.678673,172483.94
2024-01-04 16:16:00,46878.92,46899.23,46865.32,46891.52,14.053984,659012.7
2024-01-04 16:17:00,46931.39,46935.35,46908.07,46929.46,2.871239,134745.71
2024-01-04 16:18:00,46918.29,46964.88,46911.03,46964.28,25.592584,1201937.28
2024-01-04 16:19:00,46981.62,47000.17,46971.63,46978.22,8.783051,412612.11
2024-01-04 16:20:00,46919.16,46980.16,46912.1,46967.79,10.257643,481778.76
2024-01-04 16:21:00,46973.91,46999.81,46938.68,46952.15,3.208788,150659.52
2024-01-04 16:22:00,47005.49,47024.79,46990.13,46995.05,32.57021,1530638.55
2024-01-04 16:23:00,47017.15,47034.45,47009.61,47022.73,0.132116,6212.45
2024-01-04 16:24:00,47021.12,47042.19,47004.27,47009.86,23.240122,1092514.9
2024-01-04 16:25:00,47044.4,47068.7,47042.47,47063.97,30.30137,1426102.65
2024-01-04 16:26:00,47058.96,47060.36,47046.29,47057.51,40.829613,1921340.1
2024-01-04 16:27:00,47030.83,47038.13,47013.15,47014.93,17.066243,802368.24
2024-01-04 16:28:00,46915.1,46979.71,46910.0,46976.98,17.962206,843810.26
2024-01-04 16:29:00,46919.1,46948.85,46891.35,46928.05,33.304389,1562909.91
2024-01-04 16:30:00,46913.97,46929.24,46912.95,46914.43,30.029679,1408825.16
2024-01-04 16:31:00,46972.19,46983.59,46972.04,46976.11,2.338549,109855.95
2024-01-04 16:32:00,46965.0,46965.44,46929.43,46935.86,54.739874,2569262.88
2024-01-04 16:33:00,46922.8,46955.64,46908.56,46945.28,11.617742,545398.18
2024-01-04 16:34:00,46900.02,46932.31,46874.14,46912.45,20.349955,954666.18
2024-01-04 16:35:00,46861.11,46917.73,46856.43,46899.43,6.55399,307378.38
2024-01-04 16:36:00,46854.13,46859.56,46807.85,46823.93,13.623849,637922.13
2024-01-04 16:37:00,46807.98,46820.49,46789.47,46812.9,16.312866,763652.6
2024-01-04 16:38:00,46794.45,46812.44,46766.26,46803.22,41.626294,1948244.46
2024-01-04 16:39:00,46829.18,46830.95,46819.19,46830.23,2.545269,119195.53
2024-01-04 16:40:00,46854.12,46855.74,46808.62,46841.39,9.526052,446213.56
2024-01-04 16:41:00,46788.42,46816.09,46774.59,46781.48,28.34584,1326060.19
2024-01-04 16:42:00,46888.64,46901.62,46829.69,46835.69,17.541411,821564.02
2024-01-04 16:43:00,46855.28,46858.55,46820.34,46846.2,2.737361,128234.98
2024-01-04 16:44:00,46846.82,46857.85,46831.81,46856.12,10.63521,498324.67
2024-01-04 16:45:00,46844.43,46866.89,46818.28,46855.66,2.439327,114296.26
2024-01-04 16:46:00,46821.92,46843.36,46820.98,46829.77,23.840724,1116455.69
2024-01-04 16:47:00,46810.63,46863.15,46808.51,46840.66,43.75879,2049690.73
2024-01-04 16:48:00,46865.24,46891.84,46842.26,46864.44,4.509802,211349.37
2024-01-04 16:49:00,46792.77,46808.58,46760.2,46777.1,18.417827,861532.48
2024-01-04 16:50:00,46737.89,46772.37,46721.38,46750.16,20.595131,962825.64
2024-01-04 16:51:00,46721.26,46747.02,46708.67,46737.41,11.451197,535199.3
2024-01-04 16:52:00,46780.54,46785.42,46749.66,46750.22,21.251151,993496.01
2024-01-04 16:53:00,46781.36,46828.59,46780.84,46809.89,8.591983,402189.75
2024-01-04 16:54:00,46729.94,46778.0,46721.64,46771.3,12.183329,569830.14
2024-01-04 16:55:00,46723.34,46749.89,46718.84,46746.4,10.175231,475655.42
2024-01-04 16:56:00,46689.97,46724.16,46681.87,46720.77,27.57826,1288477.69
2024-01-04 16:57:00,46688.42,46695.4,46673.32,46680.7,18.938536,884064.1
2024-01-04 16:58:00,46656.12,46670.92,46644.6,46663.34,44.93073,2096617.88
2024-01-04 16:59:00,46697.49,46734.82,46686.08,46701.88,21.460561,1002248.53
2024-01-04 17:00:00,46672.25,46675.17,46619.17,46649.19,21.859268,1019717.1
2024-01-04 17:01:00,46656.75,46673.04,46653.4,46670.58,9.973095,465450.1
2024-01-04 17:02:00,46600.98,46619.54,46556.15,46585.48,44.942565,2093671.08
2024-01-04 17:03:00,46587.64,46588.42,46546.16,46557.42,29.246458,1361639.52
2024-01-04 17:04:00,46531.83,46568.88,46523.43,46540.94,2.64848,123262.75
2024-01-04 17:05:00,46639.42,46654.19,46622.89,46624.68,25.147794,1172507.94
2024-01-04 17:06:00,46606.11,46619.1,46600.51,46610.94,4.662811,217338.0
2024-01-04 17:07:00,46519.36,46519.81,46497.22,46500.88,4.395034,204372.94
2024-01-04 17:08:00,46369.51,46420.38,46350.56,46400.94,39.332675,1825072.99
2024-01-04 17:09:00,46369.73,46417.18,46349.46,46402.64,17.751668,823724.25
2024-01-04 17:10:00,46425.5,46435.57,46401.15,46433.33,23.230473,1078668.15
2024-01-04 17:11:00,46434.32,46459.52,46432.53,46452.1,33.392502,1551151.85
2024-01-04 17:12:00,46450.14,46476.15,46442.71,46460.48,20.964465,974019.08
2024-01-04 17:13:00,46514.2,46525.94,46508.81,46518.59,6.223567,289511.57
2024-01-04 17:14:00,46506.01,46507.25,46480.86,46491.61,43.225626,2009629.05
2024-01-04 17:15:00,46528.2,46559.87,46511.61,46536.36,20.322946,945755.9
2024-01-04 17:16:00,46438.28,46485.88,46429.23,46454.76,21.735942,1009737.89
2024-01-04 17:17:00,46402.48,46418.06,46387.15,46409.51,11.117517,515958.51
2024-01-04 17:18:00,46303.77,46342.98,46302.66,46319.16,32.21521,1492181.38
2024-01-04 17:19:00,46286.74,46333.45,46268.18,46305.42,48.299126,2236511.11
2024-01-04 17:20:00,46270.84,46320.04,46268.86,46303.1,2.493138,115440.03
2024-01-04 17:21:00,46310.2,46311.66,46308.49,46308.81,31.308301,1449850.07
2024-01-04 17:22:00,46300.53,46315.88,46283.98,46311.9,10.687454,494956.32
2024-01-04 17:23:00,46284.85,46287.68,46245.15,46265.52,29.962147,1386214.46
2024-01-04 17:24:00,46227.06,46273.08,46215.8,46256.01,18.0811,836359.59
2024-01-04 17:25:00,46170.3,46187.3,46163.5,46181.14,18.485828,853696.61
2024-01-04 17:26:00,46285.56,46287.52,46234.12,46249.3,30.207096,1397057.1
2024-01-04 17:27:00,46215.33,46245.48,46207.18,46234.12,22.181509,1025542.55
2024-01-04 17:28:00,46204.94,46218.79,46185.41,46209.68,25.381971,1172892.66
2024-01-04 17:29:00,46264.81,46307.53,46250.58,46289.12,61.792113,2860302.71
2024-01-04 17:30:00,46200.04,46233.1,46177.95,46227.01,20.56767,950781.88
2024-01-04 17:31:00,46201.68,46205.27,46168.12,46170.73,4.701555,217074.23
2024-01-04 17:32:00,46119.34,46125.82,46109.92,46115.92,7.467109,344352.6
2024-01-04 17:33:00,46115.2,46116.03,46097.47,46112.53,42.700035,1969006.47
2024-01-04 17:34:00,46100.18,46135.29,46089.24,46134.11,15.38378,709716.98
2024-01-04 17:35:00,46178.27,46181.73,46159.63,46171.09,34.759191,1604869.8
2024-01-04 17:36:00,46322.84,46336.99,46294.82,46299.69,10.323355,477968.15
2024-01-04 17:37:00,46210.21,46219.1,46155.21,46187.22,6.631588,306294.62
2024-01-04 17:38:00,46231.02,46245.34,46200.96,46217.66,19.002982,878273.29
2024-01-04 17:39:00,46167.21,46202.52,46150.51,46189.8,39.611874,1829664.52
2024-01-04 17:40:00,46166.74,46174.37,46153.74,46160.48,7.147242,329920.13
2024-01-04 17:41:00,46142.84,46152.65,46122.52,46129.49,11.247239,518829.42
2024-01-04 17:42:00,46048.16,46094.12,46041.48,46084.05,9.495003,437568.23
2024-01-04 17:43:00,46145.85,46178.46,46137.36,46168.28,49.317198,2276890.12
2024-01-04 17:44:00,46228.16,46237.33,46188.35,46210.39,11.963461,552836.22
2024-01-04 17:45:00,46229.07,46243.23,46210.87,46211.55,16.927582,782249.87
2024-01-04 17:46:00,46248.13,46286.32,46245.17,46279.1,1.423689,65887.05
2024-01-04 17:47:00,46219.38,46219.77,46194.19,46203.48,37.862704,1749388.61
2024-01-04 17:48:00,46138.85,46159.61,46136.5,46136.94,9.536631,439990.99
2024-01-04 17:49:00,46043.66,46050.18,46013.41,46028.04,2.771375,127560.95
2024-01-04 17:50:00,45980.38,46025.81,45975.23,45993.07,33.743046,1551946.4
2024-01-04 17:51:00,46014.06,46017.1,45983.96,46001.16,16.845817,774927.11
2024-01-04 17:52:00,46023.18,46057.68,45995.14,46006.3,14.389158,661991.93
2024-01-04 17:53:00,46006.74,46035.43,45995.72,46013.77,14.467044,665683.23
2024-01-04 17:54:00,45943.57,45954.83,45928.99,45943.22,6.944998,319075.55
2024-01-04 17:55:00,45970.4,46021.39,45941.79,45983.37,11.048298,508037.99
2024-01-04 17:56:00,46028.39,46028.39,45995.34,45995.35,28.931155,1330698.72
2024-01-04 17:57:00,46029.6,46041.48,46009.93,46032.01,14.811705,681812.52
2024-01-04 17:58:00,45918.93,45949.94,45907.66,45937.37,8.144351,374130.05
2024-01-04 17:59:00,45938.63,45964.93,45917.14,45952.94,7.161803,329105.93
2024-01-04 18:00:00,45896.09,45911.68,45891.89,45893.56,31.536082,1447302.94
2024-01-04 18:01:00,45888.76,45896.76,45866.17,45873.69,4.406917,202161.52
2024-01-04 18:02:00,45873.69,45902.87,45864.73,45900.41,33.358148,1531152.6
2024-01-04 18:03:00,45941.92,45948.42,45902.29,45904.96,5.4941,252206.46
2024-01-04 18:04:00,45868.56,45885.6,45859.91,45862.38,17.565279,805585.58
2024-01-04 18:05:00,45872.03,45895.57,45862.62,45862.7,1.672762,76717.39
2024-01-04 18:06:00,45784.18,45786.84,45782.18,45786.12,0.506944,23211.0
2024-01-04 18:07:00,45844.02,45860.33,45825.28,45843.64,2.715047,124467.61
2024-01-04 18:08:00,45830.41,45849.04,45826.86,45833.37,9.508887,435824.33
2024-01-04 18:09:00,45909.65,45924.17,45867.5,45889.3,15.965868,732662.48
2024-01-04 18:10:00,45862.81,45881.21,45855.35,45862.97,23.227662,1065289.6
2024-01-04 18:11:00,45852.13,45859.69,45827.93,45836.79,43.246713,1982290.63
2024-01-04 18:12:00,45789.91,45814.2,45780.09,45798.58,20.80014,952616.97
2024-01-04 18:13:00,45846.31,45853.04,45826.61,45842.39,16.266,745672.35
2024-01-04 18:14:00,45790.84,45822.27,45786.8,45806.92,19.940517,913413.67
2024-01-04 18:15:00,45863.48,45887.58,45834.38,45839.15,28.568535,1309557.37
2024-01-04 18:16:00,45803.35,45832.23,45797.05,45820.03,15.856595,726549.63
2024-01-04 18:17:00,45714.73,45722.3,45693.62,45721.23,0.850018,38863.87
2024-01-04 18:18:00,45686.42,45711.69,45681.95,45692.71,42.043808,1921095.68
2024-01-04 18:19:00,45626.68,45657.49,45609.5,45633.76,17.234416,786471.16
2024-01-04 18:20:00,45649.9,45661.14,45618.04,45635.45,13.534574,617656.41
2024-01-04 18:21:00,45569.6,45579.72,45564.0,45575.93,23.810132,1085168.99
2024-01-04 18:22:00,45650.11,45683.65,45617.81,45622.23,2.295422,104722.29
2024-01-04 18:23:00,45601.31,45633.74,45592.92,45617.68,26.231226,1196607.66
2024-01-04 18:24:00,45612.19,45637.8,45598.79,45608.8,33.049113,1507330.35
2024-01-04 18:25:00,45626.08,45663.26,45621.59,45641.59,13.627955,622001.57
2024-01-04 18:26:00,45698.21,45711.8,45678.65,45689.79,11.600622,530029.96
2024-01-04 18:27:00,45688.46,45697.7,45674.84,45688.78,3.359087,153472.61
2024-01-04 18:28:00,45647.12,45652.61,45635.42,45650.22,9.572894,437004.76
2024-01-04 18:29:00,45585.29,45596.74,45561.01,45561.53,34.314478,1563419.97
2024-01-04 18:30:00,45514.14,45529.59,45488.17,45527.22,3.067552,139657.1
2024-01-04 18:31:00,45508.09,45511.15,45490.17,45496.36,23.176019,1054424.53
2024-01-04 18:32:00,45486.34,45509.74,45480.99,45501.72,0.568367,25861.68
2024-01-04 18:33:00,45486.71,45493.17,45480.72,45484.46,30.265487,1376609.25
2024-01-04 18:34:00,45494.94,45521.35,45476.01,45518.85,21.574459,982044.68
2024-01-04 18:35:00,45474.95,45491.83,45461.54,45488.21,29.442389,1339281.44
2024-01-04 18:36:00,45483.71,45498.38,45482.89,45485.35,47.642378,2167030.38
2024-01-04 18:37:00,45580.85,45592.73,45543.86,45544.55,41.639723,1896462.54
2024-01-04 18:38:00,45563.66,45608.97,45552.8,45561.64,25.07541,1142476.89
2024-01-04 18:39:00,45591.74,45601.93,45548.62,45558.64,19.382539,883042.16
2024-01-04 18:40:00,45532.95,45546.87,45527.48,45528.54,18.949956,862763.94
2024-01-04 18:41:00,45489.14,45499.88,45487.81,45496.88,14.811816,673891.47
2024-01-04 18:42:00,45485.14,45489.16,45452.43,45454.35,14.797645,672617.36
2024-01-04 18:43:00,45436.04,45444.51,45427.06,45427.3,16.72733,759877.48
2024-01-04 18:44:00,45452.23,45472.59,45431.17,45465.09,28.119897,1278473.51
2024-01-04 18:45:00,45463.4,45476.2,45420.07,45453.99,26.525918,1205708.82
2024-01-04 18:46:00,45380.65,45387.35,45366.52,45386.5,9.500828,431209.37
2024-01-04 18:47:00,45435.13,45512.28,45427.16,45474.91,6.25047,284239.58
2024-01-04 18:48:00,45509.63,45533.08,45473.23,45490.91,10.403071,473245.15
2024-01-04 18:49:00,45442.46,45444.9,45419.73,45420.56,1.74248,79144.43
2024-01-04 18:50:00,45435.23,45452.84,45382.12,45398.47,45.604693,2070383.26
2024-01-04 18:51:00,45412.46,45425.65,45393.12,45404.01,15.415277,699915.43
2024-01-04 18:52:00,45484.27,45512.97,45477.27,45489.24,24.995798,1137039.92
2024-01-04 18:53:00,45450.54,45470.55,45419.06,45433.84,24.876808,1130248.85
2024-01-04 18:54:00,45499.64,45509.13,45468.77,45482.64,0.607832,27645.8
2024-01-04 18:55:00,45585.38,45589.37,45545.76,45552.61,15.921014,725243.82
2024-01-04 18:56:00,45520.29,45530.11,45511.07,45521.18,35.259189,1605039.95
2024-01-04 18:57:00,45503.99,45516.09,45496.88,45507.31,3.399485,154701.42
2024-01-04 18:58:00,45441.18,45458.2,45434.88,45455.49,36.238697,1647247.74
2024-01-04 18:59:00,45456.07,45459.7,45417.38,45445.32,32.364705,1470824.29
2024-01-04 19:00:00,45412.52,45465.8,45411.09,45443.49,4.197202,190735.5
2024-01-04 19:01:00,45491.99,45502.28,45450.02,45476.47,12.161217,553049.2
2024-01-04 19:02:00,45542.74,45547.6,45503.63,45530.98,13.308644,605955.61
2024-01-04 19:03:00,45505.28,45536.73,45484.11,45493.57,14.805966,673576.32
2024-01-04 19:04:00,45397.97,45405.35,45389.08,45395.21,48.094035,2183238.76
2024-01-04 19:05:00,45424.81,45439.34,45392.74,45394.15,0.211754,9612.4
2024-01-04 19:06:00,45426.26,45430.11,45377.99,45408.82,53.485046,2428692.96
2024-01-04 19:07:00,45409.15,45429.33,45405.71,45421.29,1.056872,48004.51
2024-01-04 19:08:00,45393.18,45415.27,45356.08,45404.96,17.590063,798676.12
2024-01-04 19:09:00,45393.6,45426.99,45389.9,45411.2,23.999798,1089859.57
2024-01-04 19:10:00,45498.0,45499.29,45477.9,45486.97,9.176483,417410.4
2024-01-04 19:11:00,45486.05,45511.46,45476.39,45506.06,3.327537,151423.1
2024-01-04 19:12:00,45509.06,45531.24,45483.74,45487.39,34.574331,1572696.04
2024-01-04 19:13:00,45488.84,45499.96,45462.19,45462.38,10.798326,490917.59
2024-01-04 19:14:00,45436.31,45463.5,45419.52,45453.89,8.172282,371461.97
2024-01-04 19:15:00,45532.01,45542.11,45515.71,45535.72,25.949854,1181645.35
2024-01-04 19:16:00,45526.89,45545.9,45520.44,45526.56,10.59125,482183.17
2024-01-04 19:17:00,45543.25,45564.15,45524.5,45525.57,15.262247,694822.45
2024-01-04 19:18:00,45533.64,45548.98,45476.27,45501.45,22.49811,1023696.68
2024-01-04 19:19:00,45522.69,45556.57,45496.98,45556.4,21.360249,973096.09
2024-01-04 19:20:00,45648.03,45654.93,45646.8,45654.39,6.726748,307105.59
2024-01-04 19:21:00,45671.6,45677.71,45658.48,45676.92,26.527157,1211678.92
2024-01-04 19:22:00,45653.05,45685.72,45633.07,45681.06,11.018217,503323.86
2024-01-04 19:23:00,45673.2,45687.79,45659.85,45682.9,17.419144,795757.03
2024-01-04 19:24:00,45572.24,45578.01,45541.05,45563.69,2.887736,131575.91
2024-01-04 19:25:00,45595.37,45617.95,45581.38,45600.94,27.935918,1273904.21
2024-01-04 19:26:00,45576.76,45614.87,45564.54,45607.65,4.7566,216937.34
2024-01-04 19:27:00,45686.55,45723.13,45605.41,45629.07,33.736292,1539355.6
2024-01-04 19:28:00,45598.82,45628.23,45586.09,45593.5,0.928609,42338.52
2024-01-04 19:29:00,45576.51,45596.45,45566.61,45574.27,24.387156,1111426.94
2024-01-04 19:30:00,45531.76,45563.06,45511.96,45553.72,25.651798,1168534.89
2024-01-04 19:31:00,45610.02,45640.14,45591.82,45604.8,5.471073,249507.2
2024-01-04 19:32:00,45582.58,45590.22,45571.52,45585.87,2.258628,102961.51
2024-01-04 19:33:00,45652.23,45702.49,45631.26,45690.0,17.9574,820473.59
2024-01-04 19:34:00,45690.14,45719.43,45688.26,45711.54,32.238414,1473667.58
2024-01-04 19:35:00,45663.66,45678.7,45631.84,45647.76,2.801318,127873.9
2024-01-04 19:36:00,45680.21,45682.04,45621.42,45641.33,4.865567,222070.94
2024-01-04 19:37:00,45616.09,45620.59,45604.81,45608.75,36.025988,1643100.17
2024-01-04 19:38:00,45521.09,45524.1,45490.46,45499.03,13.228993,601906.31
2024-01-04 19:39:00,45575.89,45579.19,45569.78,45579.0,25.596031,1166641.51
2024-01-04 19:40:00,45612.43,45616.16,45598.48,45614.16,24.054113,1097208.1
2024-01-04 19:41:00,45662.64,45688.68,45639.46,45640.82,5.970836,272513.86
2024-01-04 19:42:00,45682.34,45691.64,45634.68,45649.09,51.727779,2361325.96
2024-01-04 19:43:00,45606.01,45619.85,45557.12,45579.99,27.080947,1234349.21
2024-01-04 19:44:00,45534.48,45558.67,45526.27,45555.81,11.466677,522373.71
2024-01-04 19:45:00,45596.56,45622.13,45595.15,45597.9,14.500611,661197.34
2024-01-04 19:46:00,45550.89,45578.09,45544.18,45545.33,9.913008,451491.26
2024-01-04 19:47:00,45413.55,45449.99,45369.2,45418.75,37.876709,1720312.64
2024-01-04 19:48:00,45415.15,45423.13,45396.7,45407.39,35.394954,1607192.52
2024-01-04 19:49:00,45416.71,45425.97,45386.31,45400.3,15.505947,703974.69
2024-01-04 19:50:00,45427.14,45430.82,45392.53,45407.08,15.205629,690443.25
2024-01-04 19:51:00,45477.22,45485.48,45432.49,45443.51,12.252591,556800.7
2024-01-04 19:52:00,45468.8,45485.54,45466.33,45475.39,4.536963,206320.13
2024-01-04 19:53:00,45461.05,45514.94,45458.21,45488.33,17.510867,796540.05
2024-01-04 19:54:00,45555.27,45577.78,45537.76,45548.1,25.562513,1164323.95
2024-01-04 19:55:00,45509.83,45521.99,45439.02,45472.15,15.591134,708962.43
2024-01-04 19:56:00,45487.84,45511.91,45477.22,45497.38,6.897862,313834.69
2024-01-04 19:57:00,45542.45,45548.21,45518.66,45528.71,6.661207,303276.18
2024-01-04 19:58:00,45480.65,45482.71,45465.56,45466.73,0.737403,33527.29
2024-01-04 19:59:00,45395.42,45411.83,45370.56,45391.59,9.598476,435690.07
2024-01-04 20:00:00,45354.43,45379.83,45333.16,45354.29,8.209193,372322.11
2024-01-04 20:01:00,45302.75,45321.69,45293.52,45321.21,9.468467,429122.43
2024-01-04 20:02:00,45313.25,45373.22,45302.6,45358.89,15.95996,723926.01
2024-01-04 20:03:00,45305.92,45342.08,45286.51,45328.16,25.577364,1159374.79
2024-01-04 20:04:00,45277.53,45289.56,45268.4,45285.34,14.916556,675501.31
2024-01-04 20:05:00,45276.71,45281.34,45245.66,45254.76,2.568077,116217.72
2024-01-04 20:06:00,45308.63,45331.2,45300.58,45310.69,21.770839,986451.77
2024-01-04 20:07:00,45300.96,45333.62,45294.75,45311.34,19.64179,889995.89
2024-01-04 20:08:00,45284.56,45313.25,45279.3,45302.38,12.123801,549237.03
2024-01-04 20:09:00,45310.02,45312.73,45295.42,45296.88,10.561957,478423.69
2024-01-04 20:10:00,45388.65,45393.34,45360.69,45361.48,41.73677,1893241.78
2024-01-04 20:11:00,45345.29,45361.85,45310.41,45324.02,0.113086,5125.5
2024-01-04 20:12:00,45401.92,45414.93,45352.6,45389.8,16.615639,754180.51
2024-01-04 20:13:00,45370.81,45401.78,45368.46,45400.32,5.762976,261640.97
2024-01-04 20:14:00,45385.27,45396.85,45377.04,45392.3,0.514343,23347.21
2024-01-04 20:15:00,45556.29,45561.26,45514.08,45517.35,13.123461,597345.14
2024-01-04 20:16:00,45487.01,45509.05,45451.89,45464.57,29.777906,1353839.61
2024-01-04 20:17:00,45416.13,45449.23,45396.66,45446.88,20.75178,943103.73
2024-01-04 20:18:00,45384.15,45388.99,45357.97,45385.26,5.117064,232239.3
2024-01-04 20:19:00,45440.15,45447.02,45432.43,45432.88,19.179798,871393.52
2024-01-04 20:20:00,45502.1,45531.21,45471.29,45517.34,20.389341,928068.65
2024-01-04 20:21:00,45554.66,45619.87,45536.53,45600.84,13.55477,618108.91
2024-01-04 20:22:00,45664.01,45667.53,45649.91,45662.04,0.560685,25602.02
2024-01-04 20:23:00,45636.4,45681.67,45628.66,45652.16,14.018898,639992.9
2024-01-04 20:24:00,45618.22,45646.18,45608.68,45633.89,32.930526,1502748.14
2024-01-04 20:25:00,45543.24,45567.94,45536.85,45550.34,35.716272,1626888.16
2024-01-04 20:26:00,45649.46,45675.9,45641.89,45652.13,11.21371,511929.74
2024-01-04 20:27:00,45675.4,45676.26,45661.5,45675.58,0.189836,8670.88
2024-01-04 20:28:00,45633.3,45661.18,45609.82,45650.98,14.012834,639699.6
2024-01-04 20:29:00,45712.98,45725.08,45694.0,45717.38,49.172602,2248042.7
2024-01-04 20:30:00,45633.6,45671.67,45632.46,45668.74,4.202282,191912.94
2024-01-04 20:31:00,45695.3,45708.18,45673.59,45689.08,23.556573,1076278.06
2024-01-04 20:32:00,45623.32,45690.33,45606.67,45680.44,13.935604,636584.57
2024-01-04 20:33:00,45706.59,45719.18,45702.51,45712.38,0.087956,4020.69
2024-01-04 20:34:00,45727.58,45741.59,45695.46,45709.2,0.75912,34698.78
2024-01-04 20:35:00,45615.47,45641.5,45581.6,45636.65,17.6625,806057.39
2024-01-04 20:36:00,45654.76,45655.8,45632.43,45640.43,32.448506,1480963.85
2024-01-04 20:37:00,45715.99,45726.02,45688.82,45692.88,7.589387,346780.92
2024-01-04 20:38:00,45625.26,45694.0,45620.79,45691.41,38.591467,1763298.73
2024-01-04 20:39:00,45727.14,45734.66,45704.52,45730.17,1.02465,46857.42
2024-01-04 20:40:00,45620.38,45689.22,45612.75,45677.89,4.03959,184519.96
2024-01-04 20:41:00,45674.22,45688.17,45669.09,45676.58,12.665281,578506.71
2024-01-04 20:42:00,45645.21,45685.39,45639.97,45645.36,3.771189,172137.26
2024-01-04 20:43:00,45633.05,45685.65,45628.94,45682.7,14.80238,676212.76
2024-01-04 20:44:00,45722.78,45743.25,45677.85,45684.28,18.053229,824748.75
2024-01-04 20:45:00,45724.5,45749.76,45697.25,45718.78,12.156184,555765.94
2024-01-04 20:46:00,45756.19,45775.92,45718.68,45773.17,39.497519,1807926.59
2024-01-04 20:47:00,45837.06,45842.58,45791.83,45807.75,19.155116,877452.76
2024-01-04 20:48:00,45785.49,45822.94,45766.03,45821.4,34.320038,1572592.36
2024-01-04 20:49:00,45746.91,45795.68,45745.37,45771.49,9.568877,437981.8
2024-01-04 20:50:00,45725.37,45794.63,45694.18,45771.36,16.884632,772832.49
2024-01-04 20:51:00,45780.72,45781.45,45734.96,45744.7,12.908771,590507.86
2024-01-04 20:52:00,45734.14,45740.52,45725.8,45727.5,14.055473,642721.6
2024-01-04 20:53:00,45721.96,45750.33,45703.26,45708.77,40.211925,1838037.66
2024-01-04 20:54:00,45665.79,45669.34,45655.22,45659.77,3.411631,155774.3
2024-01-04 20:55:00,45573.38,45602.65,45558.08,45561.91,12.121982,552300.61
2024-01-04 20:56:00,45530.06,45537.21,45521.42,45528.5,45.108932,2053742.04
2024-01-04 20:57:00,45543.59,45572.27,45535.17,45538.17,32.560294,1482736.19
2024-01-04 20:58:00,45472.91,45480.51,45450.58,45470.76,9.954443,452636.1
2024-01-04 20:59:00,45459.37,45479.99,45456.79,45471.54,0.374891,17046.85
2024-01-04 21:00:00,45565.63,45574.23,45537.82,45566.56,28.321053,1290492.89
2024-01-04 21:01:00,45623.18,45631.84,45614.1,45617.71,12.496568,570064.82
2024-01-04 21:02:00,45702.1,45727.49,45697.83,45699.89,0.577787,26404.82
2024-01-04 21:03:00,45689.89,45721.62,45666.49,45719.44,19.341536,884284.26
2024-01-04 21:04:00,45750.92,45782.91,45739.74,45777.82,11.757967,538254.1
2024-01-04 21:05:00,45763.28,45766.98,45728.28,45741.62,16.249679,743286.66
2024-01-04 21:06:00,45703.26,45733.71,45695.31,45709.4,26.680703,1219559.04
2024-01-04 21:07:00,45584.14,45596.97,45556.15,45572.45,18.352976,836390.05
2024-01-04 21:08:00,45609.91,45653.47,45597.94,45631.75,6.094653,278109.71
2024-01-04 21:09:00,45679.31,45713.48,45673.12,45708.77,42.228491,1930212.42
2024-01-04 21:10:00,45664.24,45681.7,45660.25,45681.11,2.948879,134708.09
2024-01-04 21:11:00,45663.96,45674.77,45649.3,45668.41,32.864618,1500874.99
2024-01-04 21:12:00,45617.42,45646.77,45589.59,45630.72,20.876762,952621.7
2024-01-04 21:13:00,45675.73,45679.44,45643.23,45649.85,26.432142,1206623.41
2024-01-04 21:14:00,45709.69,45730.22,45696.79,45706.1,18.64825,852338.77
2024-01-04 21:15:00,45655.94,45661.43,45614.34,45618.96,19.086638,870712.63
2024-01-04 21:16:00,45647.52,45683.62,45637.41,45639.43,35.837147,1635587.1
2024-01-04 21:17:00,45577.35,45638.85,45546.73,45625.6,5.261748,240070.41
2024-01-04 21:18:00,45652.39,45671.48,45618.45,45631.27,3.272366,149322.2
2024-01-04 21:19:00,45624.03,45667.11,45613.84,45654.22,35.413077,1616756.39
2024-01-04 21:20:00,45649.42,45662.94,45633.54,45644.81,10.033492,457976.85
2024-01-04 21:21:00,45624.14,45644.58,45604.6,45639.63,4.394392,200558.41
2024-01-04 21:22:00,45671.79,45679.95,45613.01,45628.94,26.017314,1187142.39
2024-01-04 21:23:00,45706.24,45722.73,45669.72,45677.45,16.019308,731721.17
2024-01-04 21:24:00,45683.55,45705.82,45667.23,45698.39,13.34615,609897.56
2024-01-04 21:25:00,45706.87,45721.32,45704.79,45709.42,32.183934,1471108.96
2024-01-04 21:26:00,45650.76,45668.21,45630.03,45645.87,15.201663,693893.16
2024-01-04 21:27:00,45644.21,45670.61,45624.66,45626.94,0.898686,41004.28
2024-01-04 21:28:00,45672.46,45689.05,45669.24,45671.88,15.925387,727342.31
2024-01-04 21:29:00,45653.26,45679.89,45641.14,45673.76,19.734035,901327.6
2024-01-04 21:30:00,45692.39,45721.16,45681.25,45706.74,5.402085,246911.69
2024-01-04 21:31:00,45794.97,45810.12,45781.51,45795.06,5.177226,237091.38
2024-01-04 21:32:00,45871.68,45877.07,45843.04,45846.99,31.567144,1447258.65
2024-01-04 21:33:00,45860.21,45861.37,45845.44,45851.65,5.574527,255601.28
2024-01-04 21:34:00,45810.63,45843.28,45788.84,45826.1,1.115321,51110.8
2024-01-04 21:35:00,45711.39,45716.58,45677.99,45698.42,4.407704,201425.14
2024-01-04 21:36:00,45682.27,45692.02,45680.9,45690.01,4.947491,226050.87
2024-01-04 21:37:00,45691.51,45694.69,45659.68,45673.7,9.823973,448697.24
2024-01-04 21:38:00,45743.76,45756.69,45691.04,45693.22,43.547163,1989810.22
2024-01-04 21:39:00,45678.35,45696.37,45667.17,45685.53,0.986379,45063.27
2024-01-04 21:40:00,45685.54,45702.28,45661.82,45669.51,25.687749,1173146.88
2024-01-04 21:41:00,45565.63,45588.77,45549.36,45580.54,10.369183,472632.95
2024-01-04 21:42:00,45531.3,45551.28,45519.93,45533.54,20.99053,955773.13
2024-01-04 21:43:00,45557.96,45567.07,45556.46,45557.37,13.387114,609881.75
2024-01-04 21:44:00,45639.29,45666.38,45631.78,45643.17,10.500641,479282.54
2024-01-04 21:45:00,45687.55,45695.51,45626.27,45638.29,13.498733,616059.13
2024-01-04 21:46:00,45648.55,45662.52,45632.86,45654.68,18.319188,836356.69
2024-01-04 21:47:00,45714.04,45720.39,45699.57,45702.31,5.461953,249623.86
2024-01-04 21:48:00,45623.16,45663.89,45605.33,45661.76,6.459486,294951.49
2024-01-04 21:49:00,45688.74,45702.84,45657.08,45680.1,21.54873,984348.18
2024-01-04 21:50:00,45665.92,45686.11,45622.06,45643.08,12.839087,586015.45
2024-01-04 21:51:00,45675.77,45687.84,45672.17,45686.32,15.925979,727599.38
2024-01-04 21:52:00,45643.68,45707.14,45621.67,45693.89,13.578921,620473.72
2024-01-04 21:53:00,45708.04,45715.67,45678.6,45708.81,30.195509,1380200.84
2024-01-04 21:54:00,45670.03,45681.17,45656.36,45669.68,23.656792,1080398.17
2024-01-04 21:55:00,45719.52,45733.75,45704.24,45705.03,46.104933,2107227.52
2024-01-04 21:56:00,45849.49,45855.12,45806.94,45809.27,40.987918,1877626.57
2024-01-04 21:57:00,45751.27,45768.85,45740.5,45758.87,1.415249,64760.21
2024-01-04 21:58:00,45724.76,45755.57,45711.49,45741.89,29.983583,1371505.64
2024-01-04 21:59:00,45730.13,45765.56,45713.41,45753.47,30.675998,1403533.23
2024-01-04 22:00:00,45796.75,45798.46,45791.82,45792.79,19.421824,889379.41
2024-01-04 22:01:00,45774.4,45793.18,45734.68,45764.81,8.421494,385408.06
2024-01-04 22:02:00,45612.24,45635.98,45600.08,45623.16,22.528963,1027842.45
2024-01-04 22:03:00,45706.69,45732.6,45686.04,45691.12,25.959767,1186130.77
2024-01-04 22:04:00,45738.45,45740.68,45711.06,45729.14,22.842184,1044553.49
2024-01-04 22:05:00,45642.86,45670.7,45637.01,45641.99,20.986688,957874.3
2024-01-04 22:06:00,45593.57,45619.58,45588.02,45611.62,50.661353,2310746.21
2024-01-04 22:07:00,45680.39,45738.26,45661.47,45690.03,58.066553,2653062.31
2024-01-04 22:08:00,45713.82,45767.4,45700.43,45762.42,28.183892,1289762.99
2024-01-04 22:09:00,45814.06,45817.6,45776.0,45809.35,20.219336,926234.57
2024-01-04 22:10:00,45801.07,45833.4,45787.72,45800.54,50.914445,2331909.19
2024-01-04 22:11:00,45808.46,45814.88,45785.38,45804.69,30.045636,1376231.08
2024-01-04 22:12:00,45808.23,45810.76,45782.71,45798.14,30.258656,1385790.31
2024-01-04 22:13:00,45862.27,45868.38,45827.73,45854.56,18.770363,860706.68
2024-01-04 22:14:00,45808.56,45812.82,45790.37,45810.76,25.821895,1182920.76
2024-01-04 22:15:00,45771.45,45772.47,45767.33,45770.47,14.783934,676667.68
2024-01-04 22:16:00,45792.9,45823.69,45773.33,45820.99,25.597035,1172881.44
2024-01-04 22:17:00,45807.1,45850.12,45799.49,45818.77,10.710535,490743.55
2024-01-04 22:18:00,45888.7,45894.27,45869.11,45887.69,11.429816,524487.9
2024-01-04 22:19:00,45839.4,45856.66,45822.37,45854.12,7.148826,327803.12
2024-01-04 22:20:00,45868.58,45874.64,45846.28,45851.38,2.416268,110789.22
2024-01-04 22:21:00,45792.09,45817.01,45785.84,45805.26,6.851256,313823.54
2024-01-04 22:22:00,45809.95,45812.6,45782.5,45805.63,0.409372,18751.54
2024-01-04 22:23:00,45734.03,45738.23,45725.18,45731.7,5.97966,273460.02
2024-01-04 22:24:00,45722.24,45751.13,45704.87,45707.32,3.321958,151837.8
2024-01-04 22:25:00,45653.52,45657.17,45633.16,45635.51,9.034484,412293.23
2024-01-04 22:26:00,45684.08,45688.73,45646.42,45670.2,18.471265,843586.4
2024-01-04 22:27:00,45663.91,45706.94,45657.63,45706.03,20.282106,927014.56
2024-01-04 22:28:00,45643.4,45661.14,45612.31,45619.52,15.210871,693912.61
2024-01-04 22:29:00,45716.76,45738.26,45658.06,45686.21,15.236568,696101.08
2024-01-04 22:30:00,45801.44,45823.93,45798.36,45811.08,36.527175,1673349.41
2024-01-04 22:31:00,45818.12,45839.58,45791.73,45813.38,6.536995,299481.84
2024-01-04 22:32:00,45763.51,45798.53,45751.7,45781.33,33.779024,1546448.53
2024-01-04 22:33:00,45883.58,45931.43,45880.07,45922.54,16.588488,761785.56
2024-01-04 22:34:00,45841.82,45873.73,45826.64,45856.6,30.011258,1376214.09
2024-01-04 22:35:00,45846.8,45885.25,45832.24,45857.6,13.523786,620168.39
2024-01-04 22:36:00,45859.48,45880.5,45850.22,45866.58,21.336757,978644.09
2024-01-04 22:37:00,45914.66,45937.87,45906.76,45933.84,29.79208,1368464.6
2024-01-04 22:38:00,45937.16,45962.43,45927.93,45951.83,48.143795,2212295.3
2024-01-04 22:39:00,45926.67,45938.24,45923.97,45926.89,31.492507,1446353.04
2024-01-04 22:40:00,45863.93,45887.92,45861.47,45879.34,18.964574,870082.06
2024-01-04 22:41:00,45873.11,45879.12,45848.73,45862.24,16.970255,778293.99
2024-01-04 22:42:00,45825.53,45834.63,45804.32,45811.9,38.316686,1755360.1
2024-01-04 22:43:00,45861.9,45899.91,45802.27,45814.29,7.391788,338649.53
2024-01-04 22:44:00,45808.59,45809.18,45779.48,45786.08,4.28963,196405.34
2024-01-04 22:45:00,45716.24,45718.67,45686.27,45711.38,3.554477,162480.06
2024-01-04 22:46:00,45761.73,45784.84,45757.31,45774.13,8.351362,382276.37
2024-01-04 22:47:00,45755.13,45758.8,45709.23,45749.25,23.255878,1063939.01
2024-01-04 22:48:00,45692.38,45695.35,45672.42,45685.84,2.417916,110464.53
2024-01-04 22:49:00,45667.16,45677.67,45660.22,45677.43,27.903843,1274575.88
2024-01-04 22:50:00,45696.52,45702.25,45680.69,45680.85,10.669868,487408.62
2024-01-04 22:51:00,45565.56,45619.98,45539.05,45593.53,10.752247,490232.86
2024-01-04 22:52:00,45605.22,45619.03,45588.43,45610.11,47.499929,2166476.92
2024-01-04 22:53:00,45568.87,45569.51,45518.62,45557.75,13.562192,617862.99
2024-01-04 22:54:00,45637.55,45653.02,45617.41,45643.3,8.917157,407008.48
2024-01-04 22:55:00,45665.37,45673.92,45656.68,45669.5,20.47804,935221.86
2024-01-04 22:56:00,45646.75,45658.03,45638.39,45649.51,45.942896,2097270.48
2024-01-04 22:57:00,45595.53,45620.13,45592.99,45612.25,9.065125,413480.73
2024-01-04 22:58:00,45630.48,45652.37,45606.79,45607.0,18.795161,857190.86
2024-01-04 22:59:00,45617.28,45639.11,45616.79,45637.64,7.834275,357537.82
2024-01-04 23:00:00,45642.73,45649.17,45621.02,45636.36,7.939188,362315.69
2024-01-04 23:01:00,45633.78,45661.69,45622.46,45625.51,0.198151,9040.72
2024-01-04 23:02:00,45609.45,45635.47,45595.79,45628.42,1.201678,54830.66
2024-01-04 23:03:00,45599.69,45606.44,45561.07,45598.23,43.921155,2002726.98
2024-01-04 23:04:00,45562.88,45601.47,45546.21,45581.07,1.07666,49075.34
2024-01-04 23:05:00,45504.6,45522.92,45457.43,45476.78,20.812819,946500.03
2024-01-04 23:06:00,45502.69,45544.9,45486.6,45525.47,12.508136,569438.72
2024-01-04 23:07:00,45527.33,45568.58,45516.76,45540.41,30.356346,1382440.35
2024-01-04 23:08:00,45477.25,45506.05,45460.99,45501.73,34.850322,1585750.12
2024-01-04 23:09:00,45569.52,45605.42,45556.18,45596.67,13.889305,633306.07
2024-01-04 23:10:00,45632.85,45647.24,45591.18,45601.02,32.255126,1470866.71
2024-01-04 23:11:00,45560.07,45572.91,45534.79,45549.21,51.178777,2331153.11
2024-01-04 23:12:00,45594.86,45604.0,45588.22,45592.05,3.683089,167919.57
2024-01-04 23:13:00,45598.82,45631.7,45587.67,45611.95,6.518687,297330.04
2024-01-04 23:14:00,45649.84,45650.28,45606.12,45631.68,14.631109,667642.14
2024-01-04 23:15:00,45593.91,45632.11,45557.91,45610.4,47.073991,2147063.34
2024-01-04 23:16:00,45648.79,45683.45,45623.17,45632.92,19.847729,905709.84
2024-01-04 23:17:00,45602.38,45636.93,45596.9,45619.83,2.004236,91432.89
2024-01-04 23:18:00,45634.74,45656.49,45616.48,45647.63,25.693772,1172859.77
2024-01-04 23:19:00,45567.55,45587.2,45523.74,45552.38,3.68026,167644.6
2024-01-04 23:20:00,45547.97,45554.19,45527.46,45530.69,9.782322,445395.85
2024-01-04 23:21:00,45628.75,45635.79,45612.46,45616.8,8.955183,408506.75
2024-01-04 23:22:00,45557.45,45596.91,45551.64,45578.44,57.803123,2634576.33
2024-01-04 23:23:00,45539.32,45562.75,45529.77,45548.25,4.879988,222274.93
2024-01-04 23:24:00,45528.99,45542.59,45490.79,45525.85,5.858559,266715.91
2024-01-04 23:25:00,45448.13,45465.22,45439.55,45465.11,12.311187,559729.52
2024-01-04 23:26:00,45382.12,45384.98,45334.56,45354.7,17.70191,802864.79
2024-01-04 23:27:00,45295.13,45345.4,45286.78,45343.17,27.674468,1254848.09
2024-01-04 23:28:00,45334.39,45350.55,45334.28,45349.96,2.126082,96417.75
2024-01-04 23:29:00,45337.15,45363.1,45336.95,45347.34,20.714632,939353.4
2024-01-04 23:30:00,45283.21,45344.49,45280.63,45340.09,1.970561,89345.41
2024-01-04 23:31:00,45314.32,45361.45,45312.2,45342.25,27.874429,1263889.17
2024-01-04 23:32:00,45405.89,45408.33,45392.48,45393.39,19.147293,869160.47
2024-01-04 23:33:00,45384.47,45387.2,45383.48,45383.86,51.48766,2336709.01
2024-01-04 23:34:00,45386.62,45387.87,45331.84,45355.16,13.917927,631249.82
2024-01-04 23:35:00,45372.01,45388.78,45334.02,45341.1,13.587597,616076.64
2024-01-04 23:36:00,45378.73,45392.15,45368.49,45370.07,36.195103,1642174.42
2024-01-04 23:37:00,45446.94,45468.7,45430.78,45440.67,7.960283,361720.64
2024-01-04 23:38:00,45410.58,45416.9,45399.38,45409.27,18.536682,841737.12
2024-01-04 23:39:00,45361.11,45414.64,45346.92,45414.21,10.899164,494976.95
2024-01-04 23:40:00,45403.24,45449.33,45391.89,45431.13,39.8072,1808486.08
2024-01-04 23:41:00,45383.52,45401.25,45374.29,45381.5,0.13069,5930.9
2024-01-04 23:42:00,45394.84,45402.67,45370.32,45382.52,14.644857,664620.56
2024-01-04 23:43:00,45315.03,45321.49,45297.74,45309.24,11.070553,501598.35
2024-01-04 23:44:00,45202.94,45234.82,45192.17,45220.79,8.010541,362242.94
2024-01-04 23:45:00,45257.87,45264.78,45220.02,45239.12,17.733831,802262.96
2024-01-04 23:46:00,45249.58,45253.83,45214.07,45219.93,12.517056,566020.4
2024-01-04 23:47:00,45248.8,45251.48,45209.46,45230.04,1.370052,61967.53
2024-01-04 23:48:00,45248.94,45261.88,45225.62,45229.15,18.859854,853015.15
2024-01-04 23:49:00,45169.14,45188.91,45164.43,45180.33,23.389951,1056765.69
2024-01-04 23:50:00,45199.59,45203.64,45167.11,45178.07,24.71198,1116439.47
2024-01-04 23:51:00,45119.33,45121.3,45096.6,45116.41,4.141427,186846.34
2024-01-04 23:52:00,45196.19,45205.41,45183.68,45185.96,2.420181,109358.2
2024-01-04 23:53:00,45125.47,45133.01,45099.08,45118.16,49.26238,2222628.02
2024-01-04 23:54:00,45105.94,45111.49,45097.04,45108.37,12.752483,575243.76
2024-01-04 23:55:00,45039.06,45078.35,45026.57,45056.26,4.850254,218534.29
2024-01-04 23:56:00,45083.14,45111.8,45082.73,45084.78,19.541641,881030.56
2024-01-04 23:57:00,45087.94,45099.78,45058.09,45068.21,8.649612,389822.49
2024-01-04 23:58:00,45033.45,45060.58,45032.0,45042.27,2.846364,128206.72
2024-01-04 23:59:00,45102.8,45106.99,45077.04,45084.93,18.78827,847067.94
2024-01-05 00:00:00,45101.15,45101.97,45073.08,45086.41,2.875455,129643.93
2024-01-05 00:01:00,45106.26,45117.77,45102.44,45112.24,10.303946,464834.07
2024-01-05 00:02:00,45090.95,45120.3,45062.15,45063.17,18.664998,841104.02
2024-01-05 00:03:00,44985.82,44995.63,44983.33,44992.93,38.088577,1713716.72
2024-01-05 00:04:00,45028.48,45039.82,44994.31,44998.29,4.7498,213732.89
2024-01-05 00:05:00,44991.03,44995.3,44978.96,44982.35,14.702451,661350.77
2024-01-05 00:06:00,45013.35,45017.14,45005.38,45013.67,0.611201,27512.39
2024-01-05 00:07:00,44991.92,45009.96,44974.76,45009.68,3.637358,163716.29
2024-01-05 00:08:00,45018.16,45041.81,45014.38,45019.93,5.880914,264758.32
2024-01-05 00:09:00,44934.69,44955.08,44905.08,44938.76,15.926065,715697.62
2024-01-05 00:10:00,45008.02,45062.46,45005.58,45033.18,9.606844,432626.77
2024-01-05 00:11:00,45020.62,45028.29,45018.36,45024.97,16.285094,733235.88
2024-01-05 00:12:00,45043.77,45073.0,45035.23,45059.85,7.62349,343513.32
2024-01-05 00:13:00,45029.76,45036.37,45015.73,45018.04,22.600396,1017425.66
2024-01-05 00:14:00,45059.57,45077.39,45025.22,45033.45,24.573629,1106635.19
2024-01-05 00:15:00,44943.76,44979.81,44942.79,44968.3,3.648394,164062.08
2024-01-05 00:16:00,45025.15,45033.94,44980.77,44990.91,17.320628,779270.76
2024-01-05 00:17:00,44970.54,45018.94,44953.8,44973.11,1.034356,46518.21
2024-01-05 00:18:00,44955.07,45011.52,44951.12,44974.57,36.321555,1633546.23
2024-01-05 00:19:00,45024.62,45033.18,44997.97,45009.47,2.820396,126944.52
2024-01-05 00:20:00,44938.91,44956.49,44937.11,44947.84,5.964459,268089.52
2024-01-05 00:21:00,44911.98,44938.69,44904.6,44913.61,0.623812,28017.65
2024-01-05 00:22:00,44928.4,44954.6,44922.11,44936.48,4.661526,209472.56
2024-01-05 00:23:00,45025.06,45058.44,45024.32,45041.39,50.673958,2282425.59
2024-01-05 00:24:00,45048.97,45057.78,45027.78,45034.49,19.728232,888450.82
2024-01-05 00:25:00,45058.32,45083.9,45051.68,45064.04,11.361743,512006.11
2024-01-05 00:26:00,45029.96,45084.28,45027.27,45058.7,0.475581,21429.07
2024-01-05 00:27:00,45166.83,45180.68,45154.03,45155.81,32.262235,1456827.3
2024-01-05 00:28:00,45044.34,45082.25,45036.81,45068.45,0.912813,41139.06
2024-01-05 00:29:00,45050.11,45078.69,45013.42,45073.18,12.415584,559609.82
2024-01-05 00:30:00,45015.75,45024.74,44977.06,44991.9,54.059031,2432218.57
2024-01-05 00:31:00,44842.65,44885.05,44842.02,44866.57,9.145059,410307.44
2024-01-05 00:32:00,44835.12,44883.12,44817.18,44881.45,20.791489,933152.08
2024-01-05 00:33:00,44900.88,44914.81,44888.11,44888.42,15.770904,707930.95
2024-01-05 00:34:00,44868.1,44895.01,44857.99,44874.18,20.563185,922756.05
2024-01-05 00:35:00,44864.52,44875.03,44862.72,44868.87,4.301928,193022.65
2024-01-05 00:36:00,45017.49,45041.16,45015.16,45023.78,1.845115,83074.06
2024-01-05 00:37:00,45015.51,45021.26,45003.53,45010.88,14.529859,654001.68
2024-01-05 00:38:00,45021.33,45039.56,44994.57,45036.38,0.879414,39605.63
2024-01-05 00:39:00,45033.44,45050.51,44982.53,45003.91,36.63276,1648617.52
2024-01-05 00:40:00,44989.15,45018.78,44976.56,45018.67,6.48932,292140.57
2024-01-05 00:41:00,45015.66,45027.06,45004.8,45006.76,3.66666,165024.5
2024-01-05 00:42:00,44999.08,45010.95,44972.82,44986.24,11.556983,519905.18
2024-01-05 00:43:00,45061.99,45085.36,45060.71,45077.18,13.019736,586893.02
2024-01-05 00:44:00,45115.57,45145.32,45110.15,45136.04,5.151924,232537.43
2024-01-05 00:45:00,45163.22,45172.97,45131.33,45142.88,9.131222,412209.65
2024-01-05 00:46:00,45007.85,45039.6,44994.92,45027.67,53.357454,2402561.71
2024-01-05 00:47:00,44997.48,45021.8,44981.72,45009.62,34.540051,1554634.5
2024-01-05 00:48:00,45162.52,45165.09,45118.66,45144.77,21.829839,985503.03
2024-01-05 00:49:00,45133.93,45140.32,45128.67,45133.24,46.184578,2084459.45
2024-01-05 00:50:00,45152.45,45205.91,45137.56,45188.4,8.548282,386283.14
2024-01-05 00:51:00,45295.43,45300.83,45246.64,45260.49,8.751844,396112.76
2024-01-05 00:52:00,45260.84,45282.63,45242.55,45271.44,11.111925,503052.88
2024-01-05 00:53:00,45221.3,45231.4,45194.14,45229.35,35.563103,1608496.08
2024-01-05 00:54:00,45112.7,45128.41,45089.72,45107.59,49.139852,2216580.06
2024-01-05 00:55:00,45154.29,45178.48,45131.87,45141.79,28.148193,1270659.92
2024-01-05 00:56:00,45140.28,45142.08,45094.34,45101.06,38.467722,1734934.86
2024-01-05 00:57:00,45076.66,45120.52,45072.44,45109.86,44.746741,2018519.37
2024-01-05 00:58:00,45063.89,45084.75,45027.18,45047.37,56.793927,2558417.16
2024-01-05 00:59:00,45048.97,45068.32,45022.39,45034.11,7.913136,356361.04
2024-01-05 01:00:00,45033.05,45041.39,45022.39,45035.8,57.119363,2572415.98
2024-01-05 01:01:00,45064.97,45093.85,45048.3,45049.23,44.633009,2010682.49
2024-01-05 01:02:00,45012.17,45020.94,44987.6,44993.48,25.448508,1145017.07
2024-01-05 01:03:00,45025.69,45075.04,45021.77,45053.33,3.139294,141435.65
2024-01-05 01:04:00,45058.48,45060.44,45010.32,45023.49,13.164783,592724.4
2024-01-05 01:05:00,44908.59,44957.48,44897.94,44939.76,28.200491,1267323.37
2024-01-05 01:06:00,44911.6,44941.41,44909.38,44934.31,28.615988,1285839.71
2024-01-05 01:07:00,44930.79,44955.24,44924.55,44936.03,41.100101,1846875.37
2024-01-05 01:08:00,44982.56,44995.4,44941.21,44944.06,4.026223,180954.78
2024-01-05 01:09:00,45006.0,45025.45,44995.71,45012.17,40.864748,1839410.82
2024-01-05 01:10:00,44999.7,45028.9,44985.89,45000.34,24.414498,1098660.77
2024-01-05 01:11:00,45023.0,45045.7,44984.31,44994.36,20.598295,926807.16
2024-01-05 01:12:00,44933.2,44942.37,44926.99,44939.2,16.80611,755253.19
2024-01-05 01:13:00,44956.66,44990.52,44935.36,44980.23,1.948713,87653.55
2024-01-05 01:14:00,44981.1,44992.77,44964.88,44989.45,11.567516,520416.12
2024-01-05 01:15:00,44995.86,45008.39,44956.08,44968.44,27.531016,1238027.0
2024-01-05 01:16:00,44874.63,44914.69,44867.83,44873.21,22.082762,990924.45
2024-01-05 01:17:00,44984.04,45028.4,44926.07,44945.43,11.175084,502268.98
2024-01-05 01:18:00,44898.81,44901.65,44878.98,44884.05,22.374659,1004265.25
2024-01-05 01:19:00,44841.59,44863.32,44837.62,44854.48,24.50674,1099237.19
2024-01-05 01:20:00,44873.42,44902.43,44843.37,44872.4,19.770403,887145.47
2024-01-05 01:21:00,44795.51,44834.99,44779.19,44812.57,59.563693,2669202.35
2024-01-05 01:22:00,44724.53,44762.72,44708.87,44737.9,24.526379,1097258.64
2024-01-05 01:23:00,44721.28,44743.81,44621.24,44631.7,29.356459,1310228.69
2024-01-05 01:24:00,44688.12,44699.42,44654.99,44667.75,47.517167,2122484.95
2024-01-05 01:25:00,44657.71,44674.44,44624.97,44640.49,27.002342,1205397.8
2024-01-05 01:26:00,44774.39,44809.5,44737.64,44786.85,1.021114,45732.47
2024-01-05 01:27:00,44768.53,44775.28,44715.07,44737.14,34.854057,1559270.73
2024-01-05 01:28:00,44713.05,44722.88,44690.45,44691.06,1.972116,88135.95
2024-01-05 01:29:00,44700.43,44707.12,44634.54,44662.79,9.652167,431092.75
2024-01-05 01:30:00,44711.61,44734.22,44672.08,44674.95,7.939552,354699.09
2024-01-05 01:31:00,44621.86,44669.41,44617.62,44651.44,34.626979,1546144.51
2024-01-05 01:32:00,44659.86,44689.71,44646.49,44682.06,22.404915,1001097.72
2024-01-05 01:33:00,44613.05,44642.78,44588.47,44633.13,31.216721,1393299.92
2024-01-05 01:34:00,44545.17,44584.76,44537.65,44564.05,22.501817,1002772.05
2024-01-05 01:35:00,44480.61,44483.24,44474.1,44474.14,13.776946,612717.79
2024-01-05 01:36:00,44351.62,44365.61,44351.2,44362.96,16.36023,725788.21
2024-01-05 01:37:00,44378.51,44390.4,44321.37,44337.06,21.82157,967504.14
2024-01-05 01:38:00,44360.1,44370.22,44316.28,44322.01,2.049799,90851.19
2024-01-05 01:39:00,44290.31,44305.59,44289.54,44290.43,15.806004,700054.77
2024-01-05 01:40:00,44391.71,44413.41,44331.88,44352.61,0.297699,13203.71
2024-01-05 01:41:00,44443.77,44461.22,44407.56,44414.01,20.882467,927474.03
2024-01-05 01:42:00,44388.25,44413.65,44372.31,44397.27,2.956746,131271.42
2024-01-05 01:43:00,44267.39,44315.82,44266.16,44307.57,52.592333,2330238.49
2024-01-05 01:44:00,44274.88,44281.69,44256.22,44279.24,18.825264,833568.31
2024-01-05 01:45:00,44236.35,44252.63,44226.2,44249.24,12.38975,548237.06
2024-01-05 01:46:00,44220.52,44223.48,44207.25,44216.39,2.126746,94037.04
2024-01-05 01:47:00,44183.29,44193.4,44166.82,44181.5,28.31474,1250987.74
2024-01-05 01:48:00,44150.09,44155.96,44136.33,44148.83,14.238845,628628.3
2024-01-05 01:49:00,44139.97,44151.73,44113.54,44129.5,16.315429,719991.73
2024-01-05 01:50:00,44073.47,44104.69,44041.5,44097.72,1.289406,56859.89
2024-01-05 01:51:00,44116.37,44135.33,44083.89,44108.14,12.418593,547761.04
2024-01-05 01:52:00,44117.37,44130.21,44110.37,44126.16,19.725464,870408.95
2024-01-05 01:53:00,44084.63,44093.08,44074.0,44080.63,12.913246,569223.99
2024-01-05 01:54:00,44163.33,44179.97,44138.68,44144.18,23.41864,1033796.66
2024-01-05 01:55:00,44070.69,44099.52,44041.8,44095.18,8.633056,380676.12
2024-01-05 01:56:00,44008.66,44017.04,43996.23,44014.29,27.584835,1214126.82
2024-01-05 01:57:00,44030.95,44037.07,44015.05,44033.33,17.462668,768939.34
2024-01-05 01:58:00,43982.17,44008.3,43965.33,43992.46,1.941973,85432.18
2024-01-05 01:59:00,44026.52,44046.13,43978.82,44008.52,49.362942,2172390.0
2024-01-05 02:00:00,43873.93,43893.38,43852.16,43888.34,35.701967,1566899.94
2024-01-05 02:01:00,43946.85,43965.72,43946.1,43957.96,30.86924,1356948.77
2024-01-05 02:02:00,43977.38,43993.0,43961.41,43991.57,4.484108,197262.96
2024-01-05 02:03:00,43938.39,43949.9,43890.63,43916.55,30.646952,1345908.41
2024-01-05 02:04:00,43832.76,43849.92,43831.17,43842.61,16.814163,737176.81
2024-01-05 02:05:00,43935.43,43936.24,43916.7,43926.22,4.445298,195265.15
2024-01-05 02:06:00,43928.87,43961.15,43878.04,43889.36,7.917986,347515.32
2024-01-05 02:07:00,43846.15,43855.84,43843.84,43847.65,10.768693,472181.86
2024-01-05 02:08:00,43756.58,43778.4,43709.38,43734.34,4.269692,186732.18
2024-01-05 02:09:00,43750.23,43770.55,43714.95,43716.8,12.883515,563226.1
2024-01-05 02:10:00,43725.96,43738.17,43683.03,43705.42,29.131083,1273186.16
2024-01-05 02:11:00,43740.86,43762.74,43719.45,43741.19,8.581484,375364.33
2024-01-05 02:12:00,43684.08,43712.69,43656.29,43671.24,8.831977,385703.37
2024-01-05 02:13:00,43569.48,43597.31,43553.73,43595.22,20.347487,887053.25
2024-01-05 02:14:00,43602.17,43628.5,43593.99,43617.77,10.030066,437489.16
2024-01-05 02:15:00,43656.02,43671.89,43651.18,43668.11,31.01011,1354152.86
2024-01-05 02:16:00,43634.36,43640.04,43576.61,43589.55,12.666734,552137.27
2024-01-05 02:17:00,43627.38,43645.67,43621.56,43643.63,18.743754,818045.41
2024-01-05 02:18:00,43628.96,43661.92,43608.4,43645.5,0.065127,2842.49
2024-01-05 02:19:00,43679.22,43735.62,43658.75,43700.1,13.143898,574389.58
2024-01-05 02:20:00,43707.78,43715.33,43663.63,43696.58,21.260158,928996.28
2024-01-05 02:21:00,43573.32,43579.83,43562.12,43570.47,31.689217,1380714.07
2024-01-05 02:22:00,43584.61,43594.31,43551.9,43562.87,20.879626,909576.47
2024-01-05 02:23:00,43629.3,43663.44,43613.49,43615.88,7.510079,327558.69
2024-01-05 02:24:00,43543.58,43585.06,43519.29,43571.19,33.055018,1440246.52
2024-01-05 02:25:00,43535.65,43573.51,43522.99,43551.79,21.182055,922516.5
2024-01-05 02:26:00,43570.29,43586.67,43536.01,43542.99,1.299684,56592.1
2024-01-05 02:27:00,43393.95,43407.11,43388.17,43398.01,9.995406,433780.74
2024-01-05 02:28:00,43505.33,43513.04,43472.35,43481.58,31.348872,1363098.42
2024-01-05 02:29:00,43433.52,43452.47,43432.8,43436.51,20.893785,907553.08
2024-01-05 02:30:00,43442.44,43463.21,43429.69,43461.8,24.980696,1085705.92
2024-01-05 02:31:00,43451.4,43468.21,43418.88,43457.46,22.0492,958202.24
2024-01-05 02:32:00,43500.98,43535.23,43480.5,43520.34,2.53737,110427.22
2024-01-05 02:33:00,43529.33,43545.18,43516.02,43540.65,42.868143,1866506.59
2024-01-05 02:34:00,43532.92,43541.49,43524.97,43528.9,3.418184,148789.79
2024-01-05 02:35:00,43494.46,43507.21,43477.28,43484.22,45.568214,1981498.38
2024-01-05 02:36:00,43492.31,43524.23,43484.69,43524.12,26.010821,1132097.99
2024-01-05 02:37:00,43430.1,43430.77,43427.74,43430.44,7.662182,332771.95
2024-01-05 02:38:00,43451.01,43484.68,43434.01,43462.74,3.369105,146430.53
2024-01-05 02:39:00,43394.82,43408.85,43389.84,43407.79,0.72729,31570.07
2024-01-05 02:40:00,43473.05,43477.88,43467.86,43470.4,13.004088,565292.89
2024-01-05 02:41:00,43467.46,43498.47,43465.86,43478.47,34.008559,1478639.93
2024-01-05 02:42:00,43538.31,43549.59,43495.32,43510.67,19.080563,830208.12
2024-01-05 02:43:00,43538.53,43572.7,43495.4,43514.77,22.971004,999577.97
2024-01-05 02:44:00,43450.79,43459.14,43389.75,43427.15,11.595752,503570.46
2024-01-05 02:45:00,43374.22,43406.91,43370.47,43384.12,0.388984,16875.72
2024-01-05 02:46:00,43398.48,43430.41,43384.67,43417.73,24.007115,1042334.53
2024-01-05 02:47:00,43427.71,43449.02,43423.34,43426.07,12.160241,528071.46
2024-01-05 02:48:00,43482.11,43503.77,43466.86,43485.12,19.541243,849753.22
2024-01-05 02:49:00,43493.1,43505.55,43472.0,43505.28,22.274478,969057.4
2024-01-05 02:50:00,43433.43,43459.19,43398.13,43456.95,13.323801,579011.71
2024-01-05 02:51:00,43416.31,43434.61,43413.28,43417.14,41.638124,1807808.34
2024-01-05 02:52:00,43414.21,43442.11,43408.48,43422.29,0.630721,27387.35
2024-01-05 02:53:00,43320.35,43335.17,43284.99,43306.59,6.381832,276375.36
2024-01-05 02:54:00,43403.56,43416.23,43389.56,43390.26,25.299376,1097746.46
2024-01-05 02:55:00,43434.36,43454.64,43397.77,43412.35,24.972066,1084095.95
2024-01-05 02:56:00,43448.51,43474.42,43445.36,43473.7,1.401085,60910.36
2024-01-05 02:57:00,43402.69,43417.2,43392.56,43394.67,35.320118,1532704.78
2024-01-05 02:58:00,43442.35,43484.61,43441.57,43456.9,14.959049,650073.82
2024-01-05 02:59:00,43544.06,43572.49,43523.39,43568.47,3.223343,140436.11
2024-01-05 03:00:00,43493.85,43505.06,43473.1,43502.43,11.092756,482561.82
2024-01-05 03:01:00,43562.37,43563.37,43523.46,43541.0,26.930232,1172569.13
2024-01-05 03:02:00,43533.61,43552.2,43520.37,43541.05,8.922251,388484.21
2024-01-05 03:03:00,43495.14,43506.62,43448.38,43463.83,15.356045,667432.52
2024-01-05 03:04:00,43499.45,43506.09,43476.13,43488.47,22.088827,960609.38
2024-01-05 03:05:00,43522.27,43532.61,43519.91,43530.15,15.315059,666666.9
2024-01-05 03:06:00,43523.3,43528.21,43481.62,43500.1,6.996368,304342.68
2024-01-05 03:07:00,43567.3,43589.65,43539.96,43558.39,20.425361,889695.91
2024-01-05 03:08:00,43456.4,43476.45,43439.46,43475.06,26.404015,1147916.02
2024-01-05 03:09:00,43437.49,43452.95,43391.52,43400.32,17.204581,746684.28
2024-01-05 03:10:00,43412.34,43429.12,43394.32,43407.15,22.646967,983040.27
2024-01-05 03:11:00,43408.79,43409.04,43407.94,43408.42,24.510886,1063978.78
2024-01-05 03:12:00,43355.48,43400.41,43338.72,43372.59,2.078743,90160.46
2024-01-05 03:13:00,43436.66,43456.24,43384.61,43413.07,1.328854,57689.64
2024-01-05 03:14:00,43449.96,43462.07,43438.47,43439.61,54.535739,2369011.42
2024-01-05 03:15:00,43495.1,43499.74,43474.51,43482.52,36.515199,1587772.88
2024-01-05 03:16:00,43466.21,43503.69,43447.98,43476.36,9.035882,392847.3
2024-01-05 03:17:00,43523.17,43529.66,43497.39,43506.49,23.656579,1029214.78
2024-01-05 03:18:00,43502.45,43510.4,43454.73,43484.21,8.753697,380647.58
2024-01-05 03:19:00,43573.53,43603.05,43553.11,43586.9,1.977625,86198.56
2024-01-05 03:20:00,43517.93,43552.05,43506.86,43546.27,14.938193,650502.64
2024-01-05 03:21:00,43663.17,43674.16,43644.51,43651.54,15.713228,685906.56
2024-01-05 03:22:00,43621.82,43669.26,43603.36,43653.28,15.947303,696152.14
2024-01-05 03:23:00,43587.55,43597.51,43551.31,43584.51,31.676522,1380605.6
2024-01-05 03:24:00,43643.97,43665.88,43636.77,43652.91,5.759321,251411.14
2024-01-05 03:25:00,43683.58,43689.56,43631.33,43659.21,31.331758,1367919.69
2024-01-05 03:26:00,43693.91,43714.18,43683.96,43701.76,23.058267,1007686.89
2024-01-05 03:27:00,43785.1,43790.06,43751.81,43762.96,59.184624,2590094.05
2024-01-05 03:28:00,43769.57,43808.54,43724.27,43779.85,43.342319,1897520.37
2024-01-05 03:29:00,43770.24,43790.09,43742.47,43750.24,39.843135,1743146.73
2024-01-05 03:30:00,43840.23,43859.71,43797.43,43799.03,26.713652,1170031.97
2024-01-05 03:31:00,43777.7,43815.87,43771.67,43799.06,7.884508,345334.06
2024-01-05 03:32:00,43839.2,43840.93,43826.02,43833.36,15.85588,695016.47
2024-01-05 03:33:00,43780.65,43783.71,43706.97,43725.67,54.951104,2402773.9
2024-01-05 03:34:00,43749.35,43750.44,43728.82,43748.02,20.139095,881045.52
2024-01-05 03:35:00,43717.33,43733.98,43683.4,43716.09,6.435571,281338.02
2024-01-05 03:36:00,43814.53,43831.53,43790.57,43798.76,16.719389,732288.45
2024-01-05 03:37:00,43830.73,43856.02,43823.54,43829.91,9.792097,429186.72
2024-01-05 03:38:00,43807.76,43864.15,43778.75,43841.9,7.123884,312324.63
2024-01-05 03:39:00,43888.86,43890.47,43847.56,43866.22,18.257985,800908.77
2024-01-05 03:40:00,43776.24,43835.26,43754.09,43816.3,24.790918,1086246.24
2024-01-05 03:41:00,43889.12,43915.8,43865.54,43897.46,5.958439,261560.35
2024-01-05 03:42:00,44021.18,44038.85,43977.87,43997.03,1.191129,52406.15
2024-01-05 03:43:00,44009.54,44040.03,44006.02,44016.67,18.527502,815519.0
2024-01-05 03:44:00,44082.32,44111.72,44077.25,44096.19,7.41412,326934.46
2024-01-05 03:45:00,44085.32,44103.85,44048.6,44067.74,28.920546,1274463.02
2024-01-05 03:46:00,44010.86,44056.19,43998.99,44027.88,4.0171,176864.4
2024-01-05 03:47:00,44005.48,44031.15,44001.42,44029.93,11.59154,510374.68
2024-01-05 03:48:00,44057.16,44072.36,44051.02,44051.67,25.115788,1106392.49
2024-01-05 03:49:00,44028.32,44033.52,44014.95,44031.97,10.145158,446711.36
2024-01-05 03:50:00,44033.99,44067.36,44029.82,44058.86,8.798166,387637.21
2024-01-05 03:51:00,44086.92,44097.56,44063.06,44074.18,6.06846,267462.43
2024-01-05 03:52:00,44033.56,44035.82,44010.3,44024.27,6.992741,307850.32
2024-01-05 03:53:00,44043.01,44054.88,44036.11,44050.21,15.760258,694242.62
2024-01-05 03:54:00,44087.56,44104.67,44054.12,44093.38,23.433658,1033269.28
2024-01-05 03:55:00,44111.36,44115.05,44086.22,44101.96,24.173201,1066085.48
2024-01-05 03:56:00,44183.4,44191.63,44152.73,44159.59,3.625452,160098.45
2024-01-05 03:57:00,44093.06,44113.07,44087.7,44098.72,1.923946,84843.56
2024-01-05 03:58:00,44135.21,44159.25,44109.08,44122.12,27.297109,1204406.24
2024-01-05 03:59:00,44074.91,44079.45,44062.36,44063.6,4.648457,204827.75
2024-01-05 04:00:00,44025.48,44027.6,43999.4,44007.9,20.240605,890746.49
2024-01-05 04:01:00,43977.14,43994.88,43973.94,43976.35,12.831443,564280.04
2024-01-05 04:02:00,43911.0,43931.04,43904.93,43929.25,13.416257,589366.1
2024-01-05 04:03:00,43892.6,43904.07,43887.32,43901.85,3.219127,141325.62
2024-01-05 04:04:00,43898.0,43905.78,43883.51,43891.14,8.78903,385760.54
2024-01-05 04:05:00,43969.37,43970.53,43927.67,43933.0,12.149227,533751.96
2024-01-05 04:06:00,43907.26,43930.16,43898.26,43916.94,9.904679,434983.22
2024-01-05 04:07:00,43853.76,43883.94,43810.48,43837.66,0.17797,7801.77
2024-01-05 04:08:00,43888.1,43907.1,43870.0,43894.66,12.495984,548507.01
2024-01-05 04:09:00,43855.02,43863.31,43835.87,43852.81,25.094385,1100459.26
2024-01-05 04:10:00,43880.18,43895.25,43832.99,43849.87,21.500002,942772.35
2024-01-05 04:11:00,43887.49,43891.15,43864.17,43872.2,20.485712,898753.25
2024-01-05 04:12:00,43857.35,43901.47,43855.87,43882.18,21.742963,954128.62
2024-01-05 04:13:00,43925.44,43937.74,43924.72,43936.89,0.544777,23935.79
2024-01-05 04:14:00,43985.96,43985.99,43942.24,43960.84,30.608179,1345561.25
2024-01-05 04:15:00,43920.61,43930.14,43898.35,43917.77,0.966802,42459.8
2024-01-05 04:16:00,44003.73,44050.35,44003.64,44026.7,2.22312,97876.66
2024-01-05 04:17:00,44020.04,44059.1,44016.62,44036.42,14.007105,616822.73
2024-01-05 04:18:00,44043.12,44052.01,44021.3,44029.05,9.831131,432855.38
2024-01-05 04:19:00,44097.14,44104.89,44061.3,44077.25,9.173155,404327.42
2024-01-05 04:20:00,44090.08,44100.52,44081.43,44089.72,5.832925,257172.03
2024-01-05 04:21:00,44159.19,44173.97,44103.21,44109.68,8.692516,383424.11
2024-01-05 04:22:00,44250.77,44270.26,44225.11,44234.29,9.529852,421546.26
2024-01-05 04:23:00,44215.67,44224.08,44199.01,44220.54,35.118673,1552966.49
2024-01-05 04:24:00,44188.33,44224.42,44185.43,44204.65,28.620657,1265166.04
2024-01-05 04:25:00,44190.98,44215.62,44181.63,44210.48,21.019845,929297.34
2024-01-05 04:26:00,44270.76,44280.52,44253.03,44264.05,7.069008,312902.92
2024-01-05 04:27:00,44178.95,44209.45,44161.67,44188.73,1.919681,84828.25
2024-01-05 04:28:00,44123.92,44135.13,44068.24,44090.45,9.46815,417454.95
2024-01-05 04:29:00,44090.42,44104.16,44040.47,44061.09,1.125647,49597.24
2024-01-05 04:30:00,43992.06,43997.9,43973.32,43979.4,4.018604,176735.78
2024-01-05 04:31:00,43934.57,43980.63,43927.98,43958.15,8.424137,370309.51
2024-01-05 04:32:00,43969.83,43993.71,43968.73,43983.28,7.567672,332851.02
2024-01-05 04:33:00,43963.85,43965.75,43926.32,43938.74,6.338509,278506.09
2024-01-05 04:34:00,43856.14,43883.92,43834.47,43867.4,29.097482,1276430.87
2024-01-05 04:35:00,43893.31,43932.13,43862.04,43870.87,17.593582,771845.69
2024-01-05 04:36:00,43923.49,43941.02,43881.11,43913.99,10.795552,474075.81
2024-01-05 04:37:00,43830.28,43842.34,43828.94,43829.25,35.465477,1554425.07
2024-01-05 04:38:00,43856.2,43910.54,43852.63,43870.26,2.157216,94637.61
2024-01-05 04:39:00,43909.24,43917.52,43881.37,43911.12,37.52052,1647568.15
2024-01-05 04:40:00,43962.62,43965.48,43951.48,43958.83,13.347302,586731.75
2024-01-05 04:41:00,44040.4,44042.13,44015.17,44019.75,11.475643,505154.96
2024-01-05 04:42:00,44112.14,44147.98,44109.18,44129.85,25.436544,1122510.92
2024-01-05 04:43:00,44106.79,44151.22,44103.66,44112.05,8.119431,358164.71
2024-01-05 04:44:00,44118.42,44128.4,44084.27,44117.53,43.486656,1918523.66
2024-01-05 04:45:00,44109.96,44111.41,44086.57,44096.7,2.193004,96704.26
2024-01-05 04:46:00,44078.63,44102.06,44057.53,44096.8,20.181799,889952.8
2024-01-05 04:47:00,44147.11,44184.44,44143.45,44173.45,3.561092,157305.72
2024-01-05 04:48:00,44119.67,44138.01,44105.84,44106.2,39.832277,1756850.18
2024-01-05 04:49:00,44032.78,44087.46,44016.17,44063.14,16.067194,707971.07
2024-01-05 04:50:00,44157.7,44169.2,44105.26,44132.0,51.945598,2292463.22
2024-01-05 04:51:00,44179.88,44220.79,44170.95,44183.0,33.58144,1483728.89
2024-01-05 04:52:00,44133.9,44173.47,44121.83,44164.85,26.740658,1180997.06
2024-01-05 04:53:00,44197.96,44220.09,44179.23,44207.57,9.102341,402392.34
2024-01-05 04:54:00,44232.21,44254.25,44224.5,44224.63,11.677082,516414.62
2024-01-05 04:55:00,44288.99,44301.48,44281.87,44299.64,3.666454,162422.58
2024-01-05 04:56:00,44303.77,44324.41,44267.12,44303.37,10.524545,466272.79
2024-01-05 04:57:00,44369.45,44374.19,44336.31,44354.65,12.954416,574588.55
2024-01-05 04:58:00,44482.71,44490.58,44478.3,44486.75,8.013949,356514.56
2024-01-05 04:59:00,44497.91,44526.35,44491.19,44516.65,6.868751,305773.8
2024-01-05 05:00:00,44513.14,44534.34,44499.79,44519.12,8.072223,359368.29
2024-01-05 05:01:00,44583.54,44586.65,44531.26,44555.24,10.204568,454667.01
2024-01-05 05:02:00,44570.68,44586.65,44521.02,44536.98,26.008344,1158333.05
2024-01-05 05:03:00,44615.98,44665.9,44610.45,44656.38,14.449704,645271.44
2024-01-05 05:04:00,44687.2,44716.36,44656.83,44665.38,26.265064,1173139.09
2024-01-05 05:05:00,44656.74,44658.09,44629.97,44651.73,19.744371,881620.4
2024-01-05 05:06:00,44628.43,44636.22,44606.7,44609.95,24.27251,1082795.44
2024-01-05 05:07:00,44653.8,44666.17,44642.78,44664.81,6.666103,297740.23
2024-01-05 05:08:00,44672.8,44724.57,44671.2,44708.17,43.064226,1925322.75
2024-01-05 05:09:00,44694.99,44715.55,44669.74,44683.3,25.701782,1148440.5
2024-01-05 05:10:00,44693.31,44722.64,44676.36,44712.12,22.432785,1003017.47
2024-01-05 05:11:00,44608.93,44641.65,44588.3,44636.7,19.400221,865961.77
2024-01-05 05:12:00,44619.58,44656.64,44617.85,44645.95,6.638298,296373.11
2024-01-05 05:13:00,44680.6,44683.88,44647.07,44668.58,31.92979,1426258.48
2024-01-05 05:14:00,44756.74,44788.89,44740.69,44753.95,43.14418,1930872.47
2024-01-05 05:15:00,44731.06,44743.15,44709.07,44715.41,11.506516,514518.59
2024-01-05 05:16:00,44664.87,44685.8,44637.67,44651.49,14.339568,640283.08
2024-01-05 05:17:00,44598.3,44633.56,44575.29,44606.72,15.135422,675141.55
2024-01-05 05:18:00,44538.48,44561.35,44533.46,44539.89,13.06275,581813.47
2024-01-05 05:19:00,44596.5,44616.97,44593.12,44606.72,21.832744,973887.19
2024-01-05 05:20:00,44679.95,44698.84,44677.26,44684.16,38.339522,1713169.18
2024-01-05 05:21:00,44680.82,44731.21,44680.7,44700.17,22.866573,1022139.63
2024-01-05 05:22:00,44769.04,44774.66,44755.51,44761.23,42.335699,1894998.06
2024-01-05 05:23:00,44789.43,44802.92,44756.81,44767.93,9.735275,435828.11
2024-01-05 05:24:00,44746.84,44781.5,44728.41,44763.17,14.557585,651643.72
2024-01-05 05:25:00,44772.15,44780.79,44739.13,44746.52,8.892553,397910.83
2024-01-05 05:26:00,44733.27,44744.72,44723.11,44731.0,3.684187,164797.4
2024-01-05 05:27:00,44658.43,44677.51,44651.67,44653.61,11.945911,533428.07
2024-01-05 05:28:00,44632.84,44670.24,44611.47,44666.83,7.543131,336927.7
2024-01-05 05:29:00,44628.66,44688.46,44611.7,44664.81,3.730345,166615.15
2024-01-05 05:30:00,44704.96,44714.72,44696.15,44702.08,5.167863,231014.23
2024-01-05 05:31:00,44722.55,44726.47,44688.35,44706.75,27.224514,1217119.64
2024-01-05 05:32:00,44685.19,44704.85,44683.57,44698.62,20.25246,905256.96
2024-01-05 05:33:00,44688.46,44698.74,44642.41,44655.06,14.954384,667788.91
2024-01-05 05:34:00,44673.36,44690.07,44651.52,44658.67,31.070948,1387587.11
2024-01-05 05:35:00,44677.41,44712.28,44656.81,44695.58,15.26359,682214.99
2024-01-05 05:36:00,44639.03,44640.84,44607.17,44638.41,13.575988,606010.55
2024-01-05 05:37:00,44692.32,44695.78,44637.99,44642.78,7.600925,339326.48
2024-01-05 05:38:00,44629.59,44669.42,44621.09,44654.44,4.324963,193128.78
2024-01-05 05:39:00,44629.1,44649.38,44616.66,44618.53,4.280847,191005.12
2024-01-05 05:40:00,44582.69,44594.79,44571.25,44589.14,12.942417,577091.24
2024-01-05 05:41:00,44614.81,44616.12,44591.42,44600.67,30.358136,1353993.23
2024-01-05 05:42:00,44569.35,44585.28,44533.27,44544.0,21.407275,953565.65
2024-01-05 05:43:00,44553.77,44575.33,44552.58,44561.5,21.292363,948819.56
2024-01-05 05:44:00,44539.11,44541.88,44514.92,44516.73,12.123123,539681.76
2024-01-05 05:45:00,44614.3,44632.15,44567.65,44569.87,20.456637,911749.69
2024-01-05 05:46:00,44688.09,44702.24,44683.44,44686.76,2.015851,90081.85
2024-01-05 05:47:00,44659.42,44675.58,44632.32,44643.72,13.514733,603348.0
2024-01-05 05:48:00,44658.63,44682.29,44655.19,44670.44,21.040297,939879.24
2024-01-05 05:49:00,44634.48,44653.08,44631.62,44634.1,13.124144,585784.33
2024-01-05 05:50:00,44682.61,44686.35,44679.96,44686.15,13.148074,587536.76
2024-01-05 05:51:00,44638.82,44668.8,44599.73,44622.88,14.725247,657082.96
2024-01-05 05:52:00,44671.01,44681.96,44639.54,44646.91,29.972695,1338188.29
2024-01-05 05:53:00,44601.07,44615.41,44592.13,44603.26,0.337509,15054.01
2024-01-05 05:54:00,44623.59,44630.43,44581.69,44592.91,8.775713,391334.63
2024-01-05 05:55:00,44571.96,44577.53,44536.11,44541.36,13.399286,596822.44
2024-01-05 05:56:00,44599.42,44601.81,44574.29,44582.48,0.335719,14967.17
2024-01-05 05:57:00,44530.31,44569.51,44514.05,44540.63,0.700955,31220.98
2024-01-05 05:58:00,44555.99,44603.7,44550.23,44568.23,1.472851,65642.37
2024-01-05 05:59:00,44534.78,44570.55,44518.07,44551.02,7.445539,331706.4
2024-01-05 06:00:00,44564.28,44576.64,44533.54,44545.3,44.941744,2001943.5
2024-01-05 06:01:00,44528.45,44580.52,44513.98,44552.69,8.158491,363482.73
2024-01-05 06:02:00,44528.13,44548.69,44483.37,44514.6,19.7508,879198.9
2024-01-05 06:03:00,44503.49,44548.62,44490.98,44525.12,10.631858,473384.69
2024-01-05 06:04:00,44618.1,44627.86,44582.7,44601.63,3.849471,171692.7
2024-01-05 06:05:00,44563.07,44587.2,44550.72,44562.73,9.516046,424060.96
2024-01-05 06:06:00,44647.99,44664.29,44607.16,44621.32,25.386912,1132797.48
2024-01-05 06:07:00,44719.05,44725.75,44690.99,44696.22,8.930651,399166.38
2024-01-05 06:08:00,44684.12,44719.71,44652.61,44655.41,6.781309,302822.19
2024-01-05 06:09:00,44611.88,44619.01,44577.33,44582.66,5.304533,236490.19
2024-01-05 06:10:00,44600.63,44603.66,44596.78,44597.76,9.869603,440162.18
2024-01-05 06:11:00,44547.21,44589.81,44538.2,44570.39,30.801803,1372848.38
2024-01-05 06:12:00,44642.77,44679.43,44626.87,44663.82,1.061279,47400.76
2024-01-05 06:13:00,44623.82,44668.87,44615.91,44665.56,39.388191,1759295.61
2024-01-05 06:14:00,44603.78,44630.79,44584.96,44625.45,14.89412,664656.81
2024-01-05 06:15:00,44569.47,44582.83,44547.7,44568.09,38.117708,1698833.53
2024-01-05 06:16:00,44611.39,44626.97,44608.16,44622.59,6.001146,267786.67
2024-01-05 06:17:00,44590.43,44596.08,44572.03,44594.03,4.663552,207966.55
2024-01-05 06:18:00,44606.07,44606.78,44583.71,44596.22,30.864554,1376442.43
2024-01-05 06:19:00,44637.93,44653.79,44630.23,44644.01,1.220284,54478.39
2024-01-05 06:20:00,44597.36,44639.8,44574.55,44619.8,35.710736,1593405.82
2024-01-05 06:21:00,44616.44,44642.95,44596.82,44617.5,21.574275,962590.23
2024-01-05 06:22:00,44598.7,44626.13,44585.59,44616.67,39.28925,1752955.61
2024-01-05 06:23:00,44645.42,44665.92,44644.92,44650.84,9.529436,425497.31
2024-01-05 06:24:00,44707.23,44708.49,44677.55,44680.38,29.130218,1301549.07
2024-01-05 06:25:00,44663.96,44671.83,44644.96,44669.37,4.854943,216867.26
2024-01-05 06:26:00,44707.97,44715.33,44662.03,44672.55,37.928499,1694362.87
2024-01-05 06:27:00,44682.6,44710.12,44653.69,44653.96,27.918334,1246664.27
2024-01-05 06:28:00,44568.5,44596.8,44546.2,44580.08,9.871961,440092.85
2024-01-05 06:29:00,44570.74,44604.93,44558.52,44592.96,29.248281,1304267.52
2024-01-05 06:30:00,44686.52,44694.39,44682.89,44687.57,11.84026,529112.47
2024-01-05 06:31:00,44666.45,44679.65,44636.5,44643.39,10.429504,465608.39
2024-01-05 06:32:00,44594.93,44609.73,44586.69,44604.74,39.954069,1782140.68
2024-01-05 06:33:00,44579.36,44580.58,44556.16,44561.2,12.365871,551038.04
2024-01-05 06:34:00,44621.6,44642.49,44590.57,44597.43,0.489995,21852.53
2024-01-05 06:35:00,44604.37,44656.96,44591.84,44619.85,8.232498,367332.83
2024-01-05 06:36:00,44598.4,44630.87,44576.74,44611.93,13.152771,586770.45
2024-01-05 06:37:00,44580.28,44582.49,44536.83,44566.02,46.893062,2089837.38
2024-01-05 06:38:00,44573.68,44575.86,44556.37,44570.64,19.822103,883483.9
2024-01-05 06:39:00,44478.69,44492.63,44472.58,44492.41,37.178091,1654142.95
2024-01-05 06:40:00,44492.54,44515.86,44474.6,44499.58,9.020224,401396.22
2024-01-05 06:41:00,44541.75,44556.92,44537.54,44543.16,1.584847,70594.09
2024-01-05 06:42:00,44449.3,44484.21,44445.48,44480.6,17.75535,789768.64
2024-01-05 06:43:00,44419.29,44433.47,44397.71,44403.97,44.870948,1992448.41
2024-01-05 06:44:00,44473.37,44485.34,44458.02,44482.95,19.383897,862252.86
2024-01-05 06:45:00,44396.68,44456.05,44374.79,44452.36,14.287473,635111.86
2024-01-05 06:46:00,44508.68,44511.28,44498.71,44509.16,2.188415,97404.5
2024-01-05 06:47:00,44486.62,44515.76,44463.23,44501.46,11.389928,506868.38
2024-01-05 06:48:00,44527.13,44529.5,44491.47,44493.36,10.468152,465763.22
2024-01-05 06:49:00,44503.57,44528.49,44498.51,44515.28,10.831535,482168.81
2024-01-05 06:50:00,44449.13,44473.49,44432.46,44471.08,28.641945,1273738.2
2024-01-05 06:51:00,44487.86,44507.95,44474.74,44477.7,4.535673,201736.32
2024-01-05 06:52:00,44445.42,44462.54,44411.6,44458.63,33.177225,1475013.95
2024-01-05 06:53:00,44377.02,44397.43,44370.81,44392.6,4.838608,214798.43
2024-01-05 06:54:00,44419.67,44431.93,44405.42,44409.48,39.116515,1737144.01
2024-01-05 06:55:00,44375.5,44417.37,44365.5,44396.31,42.023507,1865688.77
2024-01-05 06:56:00,44359.32,44414.25,44350.44,44388.46,7.830182,347569.71
2024-01-05 06:57:00,44362.47,44378.31,44325.59,44327.95,0.594654,26359.8
2024-01-05 06:58:00,44419.11,44432.31,44406.58,44407.52,31.245082,1387516.74
2024-01-05 06:59:00,44446.08,44462.56,44438.65,44451.36,4.841469,215209.88
2024-01-05 07:00:00,44499.5,44513.1,44472.26,44499.57,29.399211,1308252.18
2024-01-05 07:01:00,44494.41,44509.55,44482.79,44484.3,14.351311,638407.93
2024-01-05 07:02:00,44417.3,44424.77,44379.88,44397.84,25.936843,1151539.7
2024-01-05 07:03:00,44480.36,44523.83,44479.93,44495.48,0.617788,27488.78
2024-01-05 07:04:00,44499.75,44502.65,44481.56,44492.43,7.543124,335611.88
2024-01-05 07:05:00,44444.85,44456.62,44435.02,44454.99,13.595925,604406.66
2024-01-05 07:06:00,44472.05,44483.55,44452.05,44475.83,9.909272,440723.05
2024-01-05 07:07:00,44537.4,44563.55,44517.45,44534.18,3.566454,158829.12
2024-01-05 07:08:00,44532.9,44537.8,44522.73,44533.03,22.972245,1023023.67
2024-01-05 07:09:00,44611.67,44615.81,44587.6,44596.96,11.955495,533178.72
2024-01-05 07:10:00,44660.85,44664.78,44628.15,44651.11,30.400986,1357437.75
2024-01-05 07:11:00,44567.13,44618.64,44558.61,44597.29,43.07222,1920904.27
2024-01-05 07:12:00,44536.44,44567.19,44505.92,44563.6,27.731443,1235812.97
2024-01-05 07:13:00,44604.08,44620.12,44583.3,44611.48,21.799269,972497.59
2024-01-05 07:14:00,44512.42,44522.55,44451.13,44475.85,4.324439,192333.1
2024-01-05 07:15:00,44451.34,44496.27,44428.03,44468.37,27.539913,1224655.16
2024-01-05 07:16:00,44392.67,44407.43,44382.65,44396.83,7.609101,337819.99
2024-01-05 07:17:00,44362.28,44376.7,44345.75,44373.0,22.386817,993370.36
2024-01-05 07:18:00,44346.98,44360.84,44346.24,44358.06,1.039578,46113.69
2024-01-05 07:19:00,44343.72,44379.18,44318.42,44340.15,35.449034,1571815.56
2024-01-05 07:20:00,44340.55,44362.96,44299.55,44312.54,4.450088,197194.67
2024-01-05 07:21:00,44266.8,44269.45,44241.02,44257.68,3.698425,163683.74
2024-01-05 07:22:00,44356.21,44395.25,44346.8,44372.28,2.787082,123669.16
2024-01-05 07:23:00,44520.71,44526.34,44463.19,44465.65,33.629503,1495357.73
2024-01-05 07:24:00,44409.12,44414.29,44400.87,44407.55,16.628027,738409.89
2024-01-05 07:25:00,44475.11,44504.99,44467.79,44486.65,4.364317,194153.84
2024-01-05 07:26:00,44494.92,44499.57,44462.32,44466.68,12.835249,570740.88
2024-01-05 07:27:00,44463.76,44473.32,44441.27,44473.14,31.426722,1397644.95
2024-01-05 07:28:00,44503.23,44512.88,44437.52,44469.97,32.624744,1450821.57
2024-01-05 07:29:00,44419.57,44445.96,44412.81,44436.99,17.201505,764383.08
2024-01-05 07:30:00,44514.78,44526.53,44481.14,44486.18,16.165792,719154.34
2024-01-05 07:31:00,44496.5,44509.89,44479.86,44492.47,14.006765,623195.61
2024-01-05 07:32:00,44494.47,44495.48,44457.13,44468.65,13.98378,621839.76
2024-01-05 07:33:00,44441.45,44459.84,44396.27,44403.42,12.438208,552298.95
2024-01-05 07:34:00,44336.09,44382.77,44325.42,44358.74,10.823879,480133.61
2024-01-05 07:35:00,44302.18,44331.09,44246.64,44276.67,3.13303,138720.13
2024-01-05 07:36:00,44249.1,44284.08,44228.76,44277.28,1.883338,83389.07
2024-01-05 07:37:00,44196.5,44238.25,44159.71,44217.45,10.566047,467203.63
2024-01-05 07:38:00,44188.1,44209.22,44177.08,44204.17,23.545238,1040797.67
2024-01-05 07:39:00,44282.75,44289.98,44267.16,44272.67,45.509138,2014811.23
2024-01-05 07:40:00,44333.3,44350.92,44322.95,44332.64,21.019699,931858.71
2024-01-05 07:41:00,44327.68,44342.83,44286.71,44331.02,55.559796,2463022.7
2024-01-05 07:42:00,44329.6,44337.76,44315.72,44326.67,14.018501,621393.46
2024-01-05 07:43:00,44432.49,44434.2,44419.79,44420.66,45.677747,2029035.85
2024-01-05 07:44:00,44460.07,44470.21,44436.08,44446.7,18.711682,831672.54
2024-01-05 07:45:00,44452.2,44455.8,44423.62,44430.31,14.795792,657381.64
2024-01-05 07:46:00,44395.41,44408.59,44333.02,44359.01,6.63544,294341.56
2024-01-05 07:47:00,44378.28,44380.01,44370.54,44378.7,15.982019,709261.31
2024-01-05 07:48:00,44409.75,44421.63,44409.19,44420.17,18.63157,827617.52
2024-01-05 07:49:00,44400.86,44413.95,44385.39,44388.59,18.349056,814488.68
2024-01-05 07:50:00,44380.26,44420.31,44378.13,44403.15,24.001081,1065723.56
2024-01-05 07:51:00,44371.4,44400.64,44361.0,44384.97,19.679876,873490.71
2024-01-05 07:52:00,44395.76,44401.91,44361.96,44375.77,24.023427,1066058.03
2024-01-05 07:53:00,44248.89,44253.24,44224.12,44251.38,21.979069,972604.05
2024-01-05 07:54:00,44216.12,44261.5,44211.96,44240.29,38.424951,1699930.87
2024-01-05 07:55:00,44258.96,44305.76,44251.19,44288.76,7.24205,320741.38
2024-01-05 07:56:00,44258.16,44267.22,44242.01,44257.19,9.742052,431155.81
2024-01-05 07:57:00,44282.65,44291.03,44252.93,44259.81,32.145171,1422739.24
2024-01-05 07:58:00,44244.59,44271.26,44215.45,44222.01,11.496785,508411.0
2024-01-05 07:59:00,44242.25,44243.21,44235.04,44240.04,13.464666,595677.33
2024-01-05 08:00:00,44269.39,44288.29,44201.68,44229.21,14.172358,626832.22
2024-01-05 08:01:00,44180.15,44193.67,44179.17,44182.25,9.066169,400563.74
2024-01-05 08:02:00,44246.11,44267.6,44219.96,44248.88,13.107107,579974.74
2024-01-05 08:03:00,44243.97,44298.84,44238.7,44295.32,20.754534,919328.79
2024-01-05 08:04:00,44256.13,44269.02,44245.18,44265.08,20.866206,923644.24
2024-01-05 08:05:00,44307.01,44314.67,44272.17,44289.97,8.442543,373919.94
2024-01-05 08:06:00,44348.12,44359.49,44314.13,44316.84,10.963066,485848.4
2024-01-05 08:07:00,44332.35,44352.1,44320.8,44348.95,8.660295,384075.0
2024-01-05 08:08:00,44273.48,44304.71,44246.24,44264.24,10.705487,473870.25
2024-01-05 08:09:00,44335.51,44343.8,44301.49,44314.57,17.748978,786538.34
2024-01-05 08:10:00,44286.31,44299.55,44272.66,44286.09,25.127799,1112811.86
2024-01-05 08:11:00,44222.53,44273.62,44215.52,44268.19,30.980668,1371458.2
2024-01-05 08:12:00,44405.03,44428.33,44394.61,44400.09,22.748584,1010039.15
2024-01-05 08:13:00,44430.41,44457.0,44395.14,44415.18,21.210065,942048.88
2024-01-05 08:14:00,44376.92,44404.5,44358.29,44395.87,9.812023,435613.25
2024-01-05 08:15:00,44280.52,44294.27,44273.01,44285.6,18.305158,810654.94
2024-01-05 08:16:00,44331.98,44363.37,44320.4,44355.09,26.617856,1180637.35
2024-01-05 08:17:00,44236.43,44292.13,44232.76,44287.83,10.571369,468182.97
2024-01-05 08:18:00,44258.2,44267.28,44222.56,44237.66,13.390648,592370.87
2024-01-05 08:19:00,44221.01,44246.95,44219.33,44221.09,14.289832,631911.95
2024-01-05 08:20:00,44323.86,44325.29,44288.33,44291.91,15.141055,670626.25
2024-01-05 08:21:00,44347.72,44352.04,44315.09,44330.57,22.930815,1016536.12
2024-01-05 08:22:00,44315.6,44332.74,44292.54,44322.68,8.091435,358634.06
2024-01-05 08:23:00,44336.43,44354.41,44334.64,44338.09,28.10187,1245983.34
2024-01-05 08:24:00,44319.4,44325.94,44288.01,44308.08,23.76811,1053119.21
2024-01-05 08:25:00,44334.4,44343.95,44295.52,44315.06,21.550933,955030.82
2024-01-05 08:26:00,44325.18,44333.08,44308.36,44318.72,15.892891,704352.67
2024-01-05 08:27:00,44389.27,44412.42,44353.14,44367.16,13.320935,591012.09
2024-01-05 08:28:00,44409.59,44429.12,44384.35,44415.52,27.659825,1228525.58
2024-01-05 08:29:00,44420.28,44446.25,44392.56,44440.22,32.381472,1439039.79
2024-01-05 08:30:00,44420.81,44436.94,44412.89,44422.1,43.272813,1922269.36
2024-01-05 08:31:00,44463.3,44482.62,44451.34,44459.19,18.816861,836582.49
2024-01-05 08:32:00,44430.57,44464.2,44430.08,44454.6,5.587073,248371.07
2024-01-05 08:33:00,44373.77,44412.68,44346.97,44400.5,11.483285,509863.58
2024-01-05 08:34:00,44389.28,44408.05,44362.98,44380.34,12.625556,560326.42
2024-01-05 08:35:00,44376.44,44406.07,44347.19,44384.56,5.242855,232701.8
2024-01-05 08:36:00,44426.76,44446.62,44419.11,44430.07,23.053405,1024264.49
2024-01-05 08:37:00,44413.7,44422.92,44386.13,44420.9,3.762989,167155.34
2024-01-05 08:38:00,44390.85,44399.84,44354.23,44360.44,24.940256,1106360.66
2024-01-05 08:39:00,44388.51,44390.49,44344.63,44363.27,29.380583,1303418.85
2024-01-05 08:40:00,44344.2,44385.16,44319.69,44368.95,7.44318,330246.04
2024-01-05 08:41:00,44367.58,44389.92,44365.35,44378.24,6.954387,308623.46
2024-01-05 08:42:00,44441.23,44447.81,44414.82,44424.23,12.273111,545223.52
2024-01-05 08:43:00,44487.22,44496.79,44468.22,44475.18,40.073132,1782259.7
2024-01-05 08:44:00,44444.64,44448.17,44443.59,44445.47,1.85418,82409.92
2024-01-05 08:45:00,44391.91,44419.19,44384.47,44414.66,1.936071,85989.92
2024-01-05 08:46:00,44349.0,44365.97,44339.84,44362.65,16.421443,728498.73
2024-01-05 08:47:00,44387.26,44397.59,44358.26,44397.59,23.135608,1027165.29
2024-01-05 08:48:00,44475.57,44486.87,44445.87,44470.03,20.539347,913385.41
2024-01-05 08:49:00,44488.35,44493.77,44436.85,44454.28,10.645872,473254.57
2024-01-05 08:50:00,44428.47,44455.42,44425.63,44442.21,3.889621,172863.32
2024-01-05 08:51:00,44495.03,44523.48,44485.77,44515.55,16.636456,740580.93
2024-01-05 08:52:00,44538.65,44544.53,44526.73,44540.82,54.011399,2405712.19
2024-01-05 08:53:00,44583.27,44592.44,44554.3,44562.64,47.385077,2111603.9
2024-01-05 08:54:00,44474.15,44504.65,44461.99,44503.09,6.283882,279652.15
2024-01-05 08:55:00,44566.1,44578.27,44532.73,44537.03,13.645955,607750.25
2024-01-05 08:56:00,44487.13,44491.49,44465.35,44490.57,51.987596,2312957.76
2024-01-05 08:57:00,44419.18,44444.73,44414.7,44433.87,4.826218,214447.53
2024-01-05 08:58:00,44384.53,44423.38,44379.69,44416.53,56.642354,2515856.81
2024-01-05 08:59:00,44401.37,44407.18,44378.13,44387.24,24.793222,1100502.69
2024-01-05 09:00:00,44372.74,44385.19,44366.87,44376.16,18.930799,840076.19
2024-01-05 09:01:00,44307.53,44312.5,44277.78,44304.11,22.877974,1013588.3
2024-01-05 09:02:00,44334.04,44385.14,44325.6,44352.05,6.8297,302911.2
2024-01-05 09:03:00,44402.05,44416.93,44392.12,44408.44,22.979134,1020467.39
2024-01-05 09:04:00,44301.34,44311.44,44281.68,44311.07,13.609274,603041.46
2024-01-05 09:05:00,44357.98,44372.29,44345.44,44359.99,31.748329,1408355.64
2024-01-05 09:06:00,44306.07,44326.68,44306.06,44319.47,8.711431,386085.95
2024-01-05 09:07:00,44331.63,44376.16,44310.42,44362.31,23.081967,1023969.49
2024-01-05 09:08:00,44413.46,44426.89,44344.6,44358.89,8.413667,373220.95
2024-01-05 09:09:00,44333.06,44379.13,44316.13,44360.33,21.494047,953483.02
2024-01-05 09:10:00,44354.71,44361.32,44342.08,44351.08,10.773026,477795.28
2024-01-05 09:11:00,44376.24,44430.02,44371.18,44411.68,22.127741,982730.19
2024-01-05 09:12:00,44309.76,44358.86,44291.41,44349.7,33.100268,1467987.03
2024-01-05 09:13:00,44382.05,44386.28,44378.8,44380.09,21.425572,950868.9
2024-01-05 09:14:00,44438.65,44463.66,44413.47,44435.16,6.918944,307444.39
2024-01-05 09:15:00,44496.21,44529.13,44452.48,44470.98,0.886353,39417.0
2024-01-05 09:16:00,44595.2,44600.37,44584.39,44587.21,25.416092,1133232.73
2024-01-05 09:17:00,44557.77,44560.91,44542.84,44560.77,15.506287,690972.01
2024-01-05 09:18:00,44589.64,44613.88,44562.4,44608.63,7.21533,321866.01
2024-01-05 09:19:00,44633.31,44645.68,44585.59,44603.33,36.043644,1607666.44
2024-01-05 09:20:00,44683.57,44716.4,44662.9,44665.0,15.243263,680840.3
2024-01-05 09:21:00,44639.69,44691.4,44624.24,44664.61,23.05827,1029888.68
2024-01-05 09:22:00,44645.98,44663.05,44631.74,44645.22,2.159629,96417.12
2024-01-05 09:23:00,44713.4,44730.25,44695.77,44710.52,32.614302,1458202.5
2024-01-05 09:24:00,44679.03,44698.43,44674.02,44685.94,21.707165,970005.18
2024-01-05 09:25:00,44630.75,44631.45,44602.07,44615.31,43.50995,1941209.82
2024-01-05 09:26:00,44606.1,44617.15,44552.28,44589.47,28.776789,1283141.66
2024-01-05 09:27:00,44616.61,44620.73,44609.71,44620.42,17.532437,782304.67
2024-01-05 09:28:00,44684.4,44696.35,44669.59,44690.02,15.036605,671986.16
2024-01-05 09:29:00,44725.55,44747.36,44685.68,44695.58,0.615123,27493.26
2024-01-05 09:30:00,44780.14,44782.44,44727.99,44761.49,3.433362,153682.39
2024-01-05 09:31:00,44695.02,44707.41,44688.49,44693.58,0.621808,27790.81
2024-01-05 09:32:00,44638.83,44686.62,44626.28,44671.41,5.661508,252907.56
2024-01-05 09:33:00,44663.86,44672.11,44648.12,44656.98,16.339549,729675.0
2024-01-05 09:34:00,44665.22,44670.14,44636.61,44651.26,9.028765,403145.7
2024-01-05 09:35:00,44600.37,44665.96,44595.35,44655.46,27.69668,1236808.04
2024-01-05 09:36:00,44695.04,44719.01,44684.32,44690.01,11.603437,518557.67
2024-01-05 09:37:00,44659.43,44693.28,44643.23,44667.77,1.663687,74313.19
2024-01-05 09:38:00,44670.3,44681.86,44666.74,44674.72,25.489364,1138730.15
2024-01-05 09:39:00,44654.31,44691.62,44649.47,44672.46,26.644751,1190286.65
2024-01-05 09:40:00,44623.2,44633.81,44610.17,44626.17,41.634784,1858000.83
2024-01-05 09:41:00,44648.32,44651.42,44617.0,44620.48,21.756443,970783.02
2024-01-05 09:42:00,44604.37,44617.13,44575.55,44613.3,3.129565,139620.21
2024-01-05 09:43:00,44624.36,44627.8,44595.35,44605.05,17.829362,795279.55
2024-01-05 09:44:00,44590.51,44608.91,44571.11,44606.64,43.423574,1936979.52
2024-01-05 09:45:00,44625.59,44635.22,44585.43,44610.42,9.767796,435745.46
2024-01-05 09:46:00,44588.84,44591.3,44561.73,44588.8,2.908444,129684.04
2024-01-05 09:47:00,44659.48,44659.96,44631.49,44652.44,12.739242,568838.25
2024-01-05 09:48:00,44594.11,44597.04,44584.5,44593.97,28.15164,1255393.27
2024-01-05 09:49:00,44570.75,44571.74,44541.16,44557.92,62.305333,2776195.89
2024-01-05 09:50:00,44645.56,44707.86,44629.77,44696.92,10.650141,476028.43
2024-01-05 09:51:00,44616.62,44646.42,44596.07,44645.02,14.343575,640369.14
2024-01-05 09:52:00,44585.67,44588.69,44567.3,44577.33,12.588826,561176.22
2024-01-05 09:53:00,44573.18,44619.79,44553.45,44614.05,39.896803,1779958.03
2024-01-05 09:54:00,44499.58,44525.98,44499.5,44510.2,15.732988,700278.38
2024-01-05 09:55:00,44497.35,44500.74,44475.37,44498.43,19.896053,885343.15
2024-01-05 09:56:00,44589.16,44623.84,44583.54,44605.72,7.639203,340752.16
2024-01-05 09:57:00,44514.65,44535.13,44499.37,44528.48,9.345944,416160.64
2024-01-05 09:58:00,44434.81,44447.07,44424.1,44429.38,24.188096,1074662.09
2024-01-05 09:59:00,44374.61,44386.83,44352.96,44354.42,39.505857,1752259.36
2024-01-05 10:00:00,44380.17,44404.36,44361.77,44399.34,25.600017,1136623.78
2024-01-05 10:01:00,44444.08,44466.3,44442.62,44455.58,17.753737,789252.61
2024-01-05 10:02:00,44415.32,44435.48,44404.13,44429.95,11.420837,507427.17
2024-01-05 10:03:00,44415.68,44469.41,44413.28,44464.11,5.966013,265273.44
2024-01-05 10:04:00,44536.45,44544.23,44530.19,44533.62,25.553509,1137990.29
2024-01-05 10:05:00,44641.68,44649.08,44618.27,44622.99,22.134122,987690.66
2024-01-05 10:06:00,44631.0,44654.5,44579.06,44610.67,35.23074,1571666.94
2024-01-05 10:07:00,44478.18,44503.28,44451.67,44495.6,21.162271,941627.88
2024-01-05 10:08:00,44429.52,44460.11,44408.28,44454.55,2.549423,113333.46
2024-01-05 10:09:00,44433.65,44440.04,44406.29,44433.21,6.063986,269442.4
2024-01-05 10:10:00,44436.85,44440.98,44398.98,44420.27,19.228435,854132.2
2024-01-05 10:11:00,44413.97,44425.4,44410.54,44410.87,22.562884,1002037.4
2024-01-05 10:12:00,44472.6,44487.09,44464.94,44466.82,2.521197,112109.6
2024-01-05 10:13:00,44553.38,44568.27,44527.01,44530.54,34.485966,1535678.66
2024-01-05 10:14:00,44507.17,44533.78,44504.01,44521.96,22.00594,979747.47
2024-01-05 10:15:00,44572.48,44584.86,44556.88,44576.88,48.759991,2173568.25
2024-01-05 10:16:00,44627.46,44640.58,44590.31,44594.76,18.395918,820361.61
2024-01-05 10:17:00,44594.05,44605.04,44570.56,44597.99,18.021465,803721.09
2024-01-05 10:18:00,44617.97,44647.76,44615.9,44643.32,6.349634,283468.72
2024-01-05 10:19:00,44633.54,44654.94,44618.62,44646.93,2.308484,103066.72
2024-01-05 10:20:00,44731.06,44772.47,44729.84,44749.82,4.826963,216005.73
2024-01-05 10:21:00,44685.04,44701.37,44675.03,44677.9,29.98296,1339575.66
2024-01-05 10:22:00,44634.22,44666.99,44628.93,44652.14,16.972209,757845.46
2024-01-05 10:23:00,44651.23,44678.18,44621.21,44645.81,11.266544,503004.03
2024-01-05 10:24:00,44653.07,44684.06,44635.24,44667.79,23.326627,1041948.81
2024-01-05 10:25:00,44688.72,44761.01,44681.84,44731.18,17.459503,780984.25
2024-01-05 10:26:00,44736.1,44741.24,44721.6,44729.96,0.829408,37099.38
2024-01-05 10:27:00,44661.82,44674.0,44650.44,44658.85,20.072439,896412.12
2024-01-05 10:28:00,44711.33,44715.74,44700.83,44700.98,4.849963,216798.09
2024-01-05 10:29:00,44725.27,44748.75,44722.3,44738.73,4.860432,217449.52
2024-01-05 10:30:00,44626.04,44645.13,44620.83,44641.63,22.647122,1011004.54
2024-01-05 10:31:00,44649.47,44649.5,44631.32,44641.44,12.517626,558804.87
2024-01-05 10:32:00,44592.32,44607.37,44555.93,44561.94,40.855867,1820616.53
2024-01-05 10:33:00,44528.93,44568.36,44522.41,44528.7,0.369077,16434.54
2024-01-05 10:34:00,44492.06,44505.84,44445.52,44483.56,1.359754,60486.69
2024-01-05 10:35:00,44517.59,44532.45,44500.59,44524.03,34.735836,1546579.3
2024-01-05 10:36:00,44499.0,44530.62,44493.64,44529.87,2.656269,118283.32
2024-01-05 10:37:00,44484.94,44496.22,44460.83,44465.59,1.735635,77176.01
2024-01-05 10:38:00,44527.76,44531.69,44489.31,44509.59,17.66203,786129.75
2024-01-05 10:39:00,44452.12,44454.14,44427.01,44437.9,6.722923,298752.58
2024-01-05 10:40:00,44450.77,44458.94,44444.34,44454.41,3.769093,167552.82
2024-01-05 10:41:00,44425.65,44460.52,44378.01,44413.71,3.859915,171433.12
2024-01-05 10:42:00,44413.3,44436.32,44385.0,44395.42,37.246499,1653574.07
2024-01-05 10:43:00,44453.04,44460.47,44411.09,44420.64,6.987132,310372.85
2024-01-05 10:44:00,44466.48,44467.66,44445.14,44446.71,1.242968,55245.83
2024-01-05 10:45:00,44514.83,44522.91,44503.41,44513.56,4.062328,180828.68
2024-01-05 10:46:00,44483.28,44521.85,44477.81,44509.44,17.09843,761041.62
2024-01-05 10:47:00,44527.88,44534.16,44519.17,44524.77,39.22568,1746514.29
2024-01-05 10:48:00,44508.01,44519.28,44465.91,44502.88,6.617617,294503.02
2024-01-05 10:49:00,44526.16,44552.93,44479.67,44511.98,7.255886,322973.85
2024-01-05 10:50:00,44561.03,44564.73,44514.66,44533.95,48.377385,2154436.25
2024-01-05 10:51:00,44527.14,44559.25,44510.75,44529.04,12.711019,566009.47
2024-01-05 10:52:00,44480.87,44483.68,44412.02,44438.85,7.881452,350242.68
2024-01-05 10:53:00,44420.24,44459.11,44410.57,44455.42,11.436692,508423.0
2024-01-05 10:54:00,44482.04,44502.8,44470.05,44473.65,14.9092,663066.57
2024-01-05 10:55:00,44423.67,44444.16,44416.56,44439.64,9.091887,404040.21
2024-01-05 10:56:00,44337.28,44377.43,44328.23,44375.42,25.192159,1117912.77
2024-01-05 10:57:00,44445.18,44467.22,44444.99,44449.22,34.402405,1529160.03
2024-01-05 10:58:00,44444.65,44483.69,44440.85,44473.79,2.83579,126118.33
2024-01-05 10:59:00,44459.11,44469.74,44439.8,44462.34,13.759068,611760.33
2024-01-05 11:00:00,44406.18,44412.9,44398.88,44405.49,34.759475,1543511.35
2024-01-05 11:01:00,44386.77,44394.12,44353.37,44364.39,10.750577,476942.84
2024-01-05 11:02:00,44399.37,44436.11,44394.69,44429.52,24.389495,1083613.64
2024-01-05 11:03:00,44454.58,44477.61,44400.13,44436.41,18.486225,821461.44
2024-01-05 11:04:00,44410.84,44414.0,44400.4,44408.88,3.285518,145906.15
2024-01-05 11:05:00,44454.94,44469.64,44432.08,44434.36,8.322692,369813.5
2024-01-05 11:06:00,44385.01,44412.33,44364.45,44393.64,31.186425,1384478.98
2024-01-05 11:07:00,44442.04,44471.28,44431.17,44468.68,43.492651,1934060.97
2024-01-05 11:08:00,44511.97,44545.8,44498.89,44536.32,3.372457,150196.85
2024-01-05 11:09:00,44487.16,44519.05,44482.47,44513.0,17.906009,797050.12
2024-01-05 11:10:00,44491.12,44515.95,44479.85,44481.56,31.215878,1388531.01
2024-01-05 11:11:00,44380.19,44404.95,44308.17,44350.66,37.295629,1654085.62
2024-01-05 11:12:00,44265.28,44288.06,44252.45,44276.58,4.486652,198653.6
2024-01-05 11:13:00,44222.19,44229.35,44191.0,44209.6,65.298063,2886801.44
2024-01-05 11:14:00,44185.89,44224.28,44184.89,44216.36,37.544331,1660073.75
2024-01-05 11:15:00,44203.66,44220.33,44198.08,44200.05,13.943106,616286.0
2024-01-05 11:16:00,44146.16,44157.46,44123.3,44132.78,39.99979,1765302.11
2024-01-05 11:17:00,44089.76,44121.6,44087.78,44118.73,2.834566,125057.43
2024-01-05 11:18:00,44139.92,44148.76,44139.16,44143.99,4.468185,197243.54
2024-01-05 11:19:00,44184.7,44186.35,44163.44,44170.38,19.264208,850907.49
2024-01-05 11:20:00,44016.73,44077.96,44009.03,44075.4,3.841033,169295.09
2024-01-05 11:21:00,44095.7,44125.71,44065.68,44068.99,15.686207,691275.27
2024-01-05 11:22:00,44006.89,44014.26,43998.62,43999.82,8.759839,385431.34
2024-01-05 11:23:00,44059.24,44072.67,44030.4,44044.91,6.066327,267190.83
2024-01-05 11:24:00,44075.86,44106.71,44066.69,44084.11,19.386307,854628.18
2024-01-05 11:25:00,44004.76,44055.56,43974.76,44039.21,3.242191,142783.53
2024-01-05 11:26:00,44011.59,44017.99,43996.25,44000.91,22.796848,1003082.11
2024-01-05 11:27:00,43976.2,43988.73,43970.24,43977.85,19.40641,853452.16
2024-01-05 11:28:00,43865.85,43866.27,43850.75,43865.21,35.467483,1555788.52
2024-01-05 11:29:00,43903.76,43920.15,43871.61,43882.01,3.198896,140373.97
2024-01-05 11:30:00,43883.61,43889.42,43860.23,43868.36,43.255812,1897561.72
2024-01-05 11:31:00,43955.3,43956.02,43899.85,43916.87,27.377463,1202332.56
2024-01-05 11:32:00,43865.03,43874.76,43850.68,43861.95,11.083161,486129.09
2024-01-05 11:33:00,43817.17,43849.67,43805.31,43831.0,2.958189,129660.36
2024-01-05 11:34:00,43751.9,43759.59,43741.65,43755.67,3.740401,163663.75
2024-01-05 11:35:00,43713.77,43742.09,43698.93,43705.46,6.294465,275102.48
2024-01-05 11:36:00,43666.67,43669.43,43621.98,43646.36,38.767592,1692064.16
2024-01-05 11:37:00,43666.81,43708.59,43666.6,43696.16,5.063187,221241.82
2024-01-05 11:38:00,43661.41,43690.39,43658.76,43661.24,1.072687,46834.83
2024-01-05 11:39:00,43699.64,43701.73,43646.91,43667.45,47.811198,2087793.15
2024-01-05 11:40:00,43643.61,43669.02,43638.14,43648.41,14.538513,634583.0
2024-01-05 11:41:00,43603.56,43604.92,43574.21,43584.94,5.960308,259779.65
2024-01-05 11:42:00,43586.39,43595.56,43576.12,43576.52,1.229386,53572.35
2024-01-05 11:43:00,43625.6,43629.71,43583.79,43606.48,18.501751,806796.23
2024-01-05 11:44:00,43529.9,43575.87,43524.97,43546.09,2.440923,106292.67
2024-01-05 11:45:00,43570.44,43604.89,43555.31,43586.55,1.706924,74398.91
2024-01-05 11:46:00,43544.47,43548.97,43529.96,43544.06,1.06417,46338.29
2024-01-05 11:47:00,43489.27,43533.08,43476.38,43519.91,19.594607,852755.6
2024-01-05 11:48:00,43541.05,43551.06,43532.47,43546.45,17.6343,767911.11
2024-01-05 11:49:00,43518.33,43529.5,43509.04,43513.27,11.737988,510758.3
2024-01-05 11:50:00,43550.85,43555.62,43508.35,43515.15,8.552897,372180.64
2024-01-05 11:51:00,43507.47,43510.85,43464.03,43499.42,12.081876,525554.57
2024-01-05 11:52:00,43518.39,43528.14,43491.93,43505.89,6.472678,281599.58
2024-01-05 11:53:00,43410.14,43414.88,43386.59,43386.85,27.937244,1212109.03
2024-01-05 11:54:00,43276.07,43320.98,43270.55,43295.37,30.727118,1330341.8
2024-01-05 11:55:00,43322.86,43339.68,43287.53,43326.16,15.434141,668702.13
2024-01-05 11:56:00,43426.53,43455.21,43359.55,43378.02,14.296256,620143.31
2024-01-05 11:57:00,43330.92,43350.49,43323.24,43332.5,3.399639,147314.84
2024-01-05 11:58:00,43342.63,43363.17,43319.2,43320.3,31.621863,1369868.5
2024-01-05 11:59:00,43354.31,43358.93,43326.55,43335.03,12.877033,558026.64
2024-01-05 12:00:00,43340.13,43387.26,43329.81,43369.69,15.954729,691951.73
2024-01-05 12:01:00,43274.52,43289.65,43262.07,43268.31,3.473502,150292.55
2024-01-05 12:02:00,43226.94,43236.96,43218.31,43224.01,11.521437,498002.71
2024-01-05 12:03:00,43213.98,43225.47,43191.65,43207.38,15.468312,668345.21
2024-01-05 12:04:00,43227.45,43246.97,43220.63,43242.54,13.352714,577405.23
2024-01-05 12:05:00,43345.12,43369.68,43341.33,43367.46,11.638083,504714.09
2024-01-05 12:06:00,43346.54,43393.6,43342.09,43356.06,33.891126,1469385.64
2024-01-05 12:07:00,43283.75,43292.24,43263.02,43285.71,6.108861,264426.39
2024-01-05 12:08:00,43329.52,43347.13,43294.06,43305.82,4.2413,183672.99
2024-01-05 12:09:00,43408.22,43415.62,43354.43,43371.87,10.344012,448639.16
2024-01-05 12:10:00,43405.2,43408.07,43368.47,43377.27,0.997182,43255.02
2024-01-05 12:11:00,43349.14,43358.57,43325.13,43331.94,26.780318,1160443.16
2024-01-05 12:12:00,43359.75,43419.48,43342.29,43379.84,34.762922,1508010.0
2024-01-05 12:13:00,43404.84,43428.59,43404.35,43413.02,12.111342,525789.89
2024-01-05 12:14:00,43365.91,43381.75,43356.17,43361.71,0.838336,36351.7
2024-01-05 12:15:00,43368.14,43413.82,43347.61,43380.78,36.491099,1583012.52
2024-01-05 12:16:00,43442.19,43454.23,43420.23,43430.65,16.463279,715010.89
2024-01-05 12:17:00,43504.15,43515.72,43471.62,43489.74,12.344236,536847.65
2024-01-05 12:18:00,43497.15,43510.46,43483.45,43486.42,16.824807,731650.64
2024-01-05 12:19:00,43489.02,43503.49,43467.02,43468.52,23.117789,1004895.98
2024-01-05 12:20:00,43511.79,43560.77,43492.35,43529.88,17.783276,774103.86
2024-01-05 12:21:00,43488.03,43489.2,43453.03,43469.37,14.2719,620390.54
2024-01-05 12:22:00,43477.39,43523.87,43466.35,43491.3,10.191501,443241.64
2024-01-05 12:23:00,43403.98,43424.28,43385.97,43422.8,36.964486,1605101.47
2024-01-05 12:24:00,43486.71,43499.52,43451.19,43476.07,4.674319,203221.0
2024-01-05 12:25:00,43487.48,43491.67,43456.27,43463.17,10.02474,435706.95
2024-01-05 12:26:00,43536.36,43550.43,43521.48,43526.6,41.039871,1786325.83
2024-01-05 12:27:00,43551.58,43581.05,43533.92,43551.17,16.51453,719227.05
2024-01-05 12:28:00,43496.21,43498.36,43484.29,43490.0,8.668285,376983.76
2024-01-05 12:29:00,43563.96,43606.08,43557.57,43561.24,22.614934,985134.47
2024-01-05 12:30:00,43616.28,43641.99,43613.8,43638.8,14.545791,634760.83
2024-01-05 12:31:00,43658.06,43697.15,43617.66,43682.91,4.782304,208904.99
2024-01-05 12:32:00,43643.26,43654.0,43642.02,43644.83,14.902032,650396.72
2024-01-05 12:33:00,43631.13,43655.42,43620.58,43629.53,6.175346,269427.46
2024-01-05 12:34:00,43637.03,43652.66,43606.49,43636.8,46.535447,2030658.17
2024-01-05 12:35:00,43615.14,43637.21,43589.21,43601.62,14.775539,644237.41
2024-01-05 12:36:00,43681.93,43687.05,43674.14,43686.24,8.764148,382872.65
2024-01-05 12:37:00,43704.71,43723.54,43669.23,43693.45,2.147383,93826.57
2024-01-05 12:38:00,43555.39,43565.19,43547.15,43558.28,25.191565,1097301.36
2024-01-05 12:39:00,43611.72,43637.17,43564.38,43575.25,11.822581,515171.94
2024-01-05 12:40:00,43559.46,43564.5,43542.34,43557.84,64.409287,2805529.71
2024-01-05 12:41:00,43600.91,43603.78,43543.17,43554.1,19.105057,832103.53
2024-01-05 12:42:00,43542.71,43578.37,43512.75,43535.67,28.513098,1241336.73
2024-01-05 12:43:00,43571.75,43580.8,43566.74,43576.02,0.267816,11670.35
2024-01-05 12:44:00,43614.02,43634.1,43600.36,43632.0,6.177326,269529.11
2024-01-05 12:45:00,43617.3,43647.1,43605.67,43646.16,20.75464,905860.26
2024-01-05 12:46:00,43609.36,43649.32,43596.92,43629.19,0.920858,40176.29
2024-01-05 12:47:00,43609.53,43628.41,43603.81,43627.12,41.831057,1824968.72
2024-01-05 12:48:00,43636.0,43637.54,43613.72,43628.1,18.025837,786433.12
2024-01-05 12:49:00,43577.46,43602.51,43562.36,43587.98,21.24557,926051.52
2024-01-05 12:50:00,43620.67,43638.47,43604.16,43616.93,4.49555,196082.07
2024-01-05 12:51:00,43665.57,43672.79,43629.83,43639.93,15.925578,694991.12
2024-01-05 12:52:00,43715.2,43717.93,43697.51,43716.95,20.281897,886662.73
2024-01-05 12:53:00,43821.3,43828.17,43754.33,43779.72,24.63237,1078398.3
2024-01-05 12:54:00,43721.92,43761.2,43712.09,43745.44,14.680141,642189.2
2024-01-05 12:55:00,43783.44,43790.79,43777.92,43786.45,31.781068,1391580.21
2024-01-05 12:56:00,43728.12,43746.99,43723.82,43738.9,19.327743,845374.29
2024-01-05 12:57:00,43792.43,43794.25,43772.99,43773.7,2.62459,114888.02
2024-01-05 12:58:00,43703.07,43756.32,43677.08,43747.87,18.276097,799540.32
2024-01-05 12:59:00,43667.85,43705.63,43662.75,43696.71,20.159008,880882.26
2024-01-05 13:00:00,43708.56,43713.57,43707.83,43710.71,47.522144,2077226.63
2024-01-05 13:01:00,43608.01,43625.85,43549.72,43576.98,23.23738,1012614.9
2024-01-05 13:02:00,43493.95,43509.49,43456.01,43489.43,33.154378,1441865.11
2024-01-05 13:03:00,43453.53,43485.86,43433.79,43480.56,28.660335,1246167.35
2024-01-05 13:04:00,43460.74,43486.47,43450.13,43484.68,2.138423,92988.63
2024-01-05 13:05:00,43499.67,43523.24,43455.78,43466.21,11.80976,513325.56
2024-01-05 13:06:00,43374.82,43398.42,43371.13,43387.24,27.370464,1187528.95
2024-01-05 13:07:00,43327.49,43376.63,43302.84,43346.35,21.594403,936038.51
2024-01-05 13:08:00,43395.46,43418.08,43355.11,43365.91,23.034861,998927.67
2024-01-05 13:09:00,43415.22,43418.99,43393.78,43395.0,35.178356,1526564.69
2024-01-05 13:10:00,43419.67,43419.91,43378.53,43394.19,8.972815,389367.99
2024-01-05 13:11:00,43433.03,43456.84,43415.61,43452.03,26.280396,1141936.49
2024-01-05 13:12:00,43441.4,43494.36,43431.49,43471.9,1.087434,47272.81
2024-01-05 13:13:00,43437.19,43439.8,43420.08,43434.53,10.764686,467559.04
2024-01-05 13:14:00,43427.2,43452.49,43417.17,43420.5,4.537753,197031.51
2024-01-05 13:15:00,43357.65,43359.11,43348.8,43350.36,19.196254,832164.45
2024-01-05 13:16:00,43374.51,43384.3,43342.81,43344.95,7.909488,342836.35
2024-01-05 13:17:00,43365.88,43413.54,43360.17,43400.55,23.523588,1020936.76
2024-01-05 13:18:00,43452.01,43464.54,43428.3,43434.82,4.362549,189486.52
2024-01-05 13:19:00,43482.99,43508.45,43468.22,43504.92,48.850172,2125222.8
2024-01-05 13:20:00,43506.89,43514.0,43466.84,43489.78,21.350704,928537.31
2024-01-05 13:21:00,43547.58,43564.68,43531.66,43557.08,31.95843,1392015.89
2024-01-05 13:22:00,43531.14,43566.46,43521.01,43547.42,34.156375,1487421.85
2024-01-05 13:23:00,43608.8,43639.12,43607.7,43620.99,13.056427,569534.34
2024-01-05 13:24:00,43590.99,43633.69,43576.12,43619.9,27.867496,1215577.44
2024-01-05 13:25:00,43656.07,43656.32,43649.89,43655.26,35.844683,1564809.09
2024-01-05 13:26:00,43713.57,43734.69,43693.56,43729.02,12.0338,526226.29
2024-01-05 13:27:00,43735.07,43752.31,43718.4,43719.35,9.937858,434476.66
2024-01-05 13:28:00,43743.07,43752.17,43722.25,43730.27,4.303276,188183.41
2024-01-05 13:29:00,43828.47,43842.31,43791.2,43794.71,22.585163,989110.66
2024-01-05 13:30:00,43795.39,43803.15,43781.04,43788.06,12.709687,556532.52
2024-01-05 13:31:00,43732.43,43761.35,43717.91,43722.02,1.637863,71610.67
2024-01-05 13:32:00,43857.17,43871.87,43820.76,43829.17,20.25788,887885.96
2024-01-05 13:33:00,43793.12,43826.55,43773.25,43805.68,3.023495,132446.23
2024-01-05 13:34:00,43783.85,43824.4,43761.91,43813.62,38.415628,1683127.53
2024-01-05 13:35:00,43875.42,43886.86,43865.57,43871.42,10.761589,472126.13
2024-01-05 13:36:00,43812.54,43858.15,43799.47,43840.99,55.763135,2444711.07
2024-01-05 13:37:00,43839.68,43843.18,43781.96,43790.6,5.564415,243669.07
2024-01-05 13:38:00,43832.39,43858.51,43794.36,43803.28,16.202468,709721.32
2024-01-05 13:39:00,43756.91,43766.03,43693.93,43713.63,27.266598,1191922.0
2024-01-05 13:40:00,43700.48,43717.15,43693.12,43699.24,1.832228,80066.96
2024-01-05 13:41:00,43722.5,43737.73,43680.07,43711.49,4.455397,194752.01
2024-01-05 13:42:00,43688.8,43714.11,43687.37,43697.99,9.382272,409986.43
2024-01-05 13:43:00,43638.48,43657.48,43611.13,43620.82,44.838245,1955880.87
2024-01-05 13:44:00,43676.22,43708.4,43673.68,43700.53,17.575179,768044.57
2024-01-05 13:45:00,43654.84,43708.05,43633.76,43705.7,0.144537,6317.08
2024-01-05 13:46:00,43761.45,43793.59,43739.71,43777.26,51.035302,2234185.7
2024-01-05 13:47:00,43735.15,43789.08,43731.43,43764.26,10.224165,447452.99
2024-01-05 13:48:00,43749.82,43755.33,43700.6,43720.26,31.506335,1377465.11
2024-01-05 13:49:00,43770.03,43773.43,43726.03,43733.72,17.736535,775684.61
2024-01-05 13:50:00,43694.87,43752.78,43691.78,43722.93,21.164735,925384.17
2024-01-05 13:51:00,43689.87,43703.16,43652.8,43664.04,25.544544,1115378.0
2024-01-05 13:52:00,43756.56,43784.01,43727.32,43737.53,19.961022,873045.76
2024-01-05 13:53:00,43675.02,43717.31,43635.71,43706.42,5.599359,244727.92
2024-01-05 13:54:00,43606.6,43622.64,43592.54,43614.4,33.554323,1463451.72
2024-01-05 13:55:00,43669.21,43683.74,43660.03,43680.81,13.350257,583150.06
2024-01-05 13:56:00,43670.56,43673.1,43625.99,43655.6,22.740448,992747.8
2024-01-05 13:57:00,43600.63,43640.8,43598.77,43625.2,28.284461,1233915.38
2024-01-05 13:58:00,43534.96,43553.74,43529.45,43536.93,37.271951,1622706.5
2024-01-05 13:59:00,43610.26,43624.26,43593.47,43623.98,15.536666,677771.24
2024-01-05 14:00:00,43568.97,43569.48,43537.02,43559.51,6.055774,263786.52
2024-01-05 14:01:00,43558.09,43576.54,43551.58,43562.43,20.047684,873325.82
2024-01-05 14:02:00,43597.36,43622.93,43592.59,43608.06,23.634298,1030645.91
2024-01-05 14:03:00,43624.88,43632.58,43618.53,43629.15,57.064913,2489693.48
2024-01-05 14:04:00,43666.89,43673.24,43617.26,43626.16,27.818171,1213600.11
2024-01-05 14:05:00,43532.74,43549.26,43513.97,43541.08,58.015681,2526065.48
2024-01-05 14:06:00,43479.77,43510.38,43464.55,43500.59,10.388219,451893.73
2024-01-05 14:07:00,43521.65,43528.81,43504.38,43509.98,17.672533,768931.66
2024-01-05 14:08:00,43467.76,43472.14,43458.58,43470.63,1.362576,59232.03
2024-01-05 14:09:00,43452.49,43482.78,43430.33,43480.79,0.452058,19655.86
2024-01-05 14:10:00,43559.51,43567.36,43492.88,43514.88,12.942007,563169.88
2024-01-05 14:11:00,43555.96,43574.83,43554.47,43563.01,1.650083,71882.59
2024-01-05 14:12:00,43494.14,43502.64,43478.76,43501.7,41.281723,1795825.01
2024-01-05 14:13:00,43614.73,43631.53,43600.28,43611.53,3.336014,145488.66
2024-01-05 14:14:00,43684.51,43694.38,43634.76,43649.9,31.533883,1376450.94
2024-01-05 14:15:00,43616.22,43676.65,43600.51,43649.82,11.45618,500060.19
2024-01-05 14:16:00,43709.81,43730.89,43690.49,43704.29,11.56819,505579.57
2024-01-05 14:17:00,43864.31,43882.04,43788.84,43822.57,5.268899,230896.65
2024-01-05 14:18:00,43753.2,43756.91,43727.84,43750.63,16.659007,728842.04
2024-01-05 14:19:00,43714.66,43741.83,43698.2,43739.37,43.173165,1888366.89
2024-01-05 14:20:00,43608.08,43637.53,43607.43,43620.44,38.014128,1658193.14
2024-01-05 14:21:00,43634.21,43634.31,43629.4,43630.08,17.317378,755558.55
2024-01-05 14:22:00,43674.96,43675.52,43640.25,43648.35,7.074481,308789.4
2024-01-05 14:23:00,43639.6,43659.42,43630.36,43646.39,45.343961,1979100.16
2024-01-05 14:24:00,43630.2,43635.75,43600.13,43613.66,31.184854,1360085.68
2024-01-05 14:25:00,43482.48,43519.98,43482.21,43511.19,19.616881,853553.75
2024-01-05 14:26:00,43500.99,43538.53,43496.96,43529.86,25.135884,1094161.59
2024-01-05 14:27:00,43592.98,43616.47,43592.64,43602.63,18.508629,807024.99
2024-01-05 14:28:00,43601.84,43641.24,43565.62,43573.08,0.126634,5517.82
2024-01-05 14:29:00,43596.46,43597.86,43569.61,43595.09,28.035656,1222216.88
2024-01-05 14:30:00,43522.48,43532.73,43512.17,43516.68,27.559029,1199277.45
2024-01-05 14:31:00,43545.1,43555.7,43528.05,43539.54,16.814397,732091.11
2024-01-05 14:32:00,43542.06,43542.82,43517.56,43519.87,7.190918,312947.84
2024-01-05 14:33:00,43469.55,43498.04,43435.57,43481.75,57.426161,2496989.99
2024-01-05 14:34:00,43457.5,43464.74,43435.16,43443.73,10.679761,463968.67
2024-01-05 14:35:00,43407.43,43436.85,43393.85,43424.05,8.260293,358695.4
2024-01-05 14:36:00,43482.84,43506.49,43421.6,43443.17,0.151571,6584.75
2024-01-05 14:37:00,43361.56,43384.98,43351.12,43377.57,54.239866,2352793.32
2024-01-05 14:38:00,43340.06,43361.86,43333.38,43357.71,24.417998,1058708.47
2024-01-05 14:39:00,43366.63,43368.27,43355.35,43355.64,10.68976,463461.34
2024-01-05 14:40:00,43302.28,43315.83,43290.4,43300.68,13.059263,565475.01
2024-01-05 14:41:00,43397.05,43399.84,43373.48,43390.52,23.600747,1024048.63
2024-01-05 14:42:00,43352.39,43384.22,43326.33,43347.84,8.064607,349583.33
2024-01-05 14:43:00,43292.56,43331.41,43280.32,43314.37,19.969543,864968.17
2024-01-05 14:44:00,43297.72,43305.04,43255.78,43265.45,13.352056,577682.77
2024-01-05 14:45:00,43373.25,43387.3,43341.75,43355.38,31.366827,1359920.67
2024-01-05 14:46:00,43410.2,43412.41,43375.48,43383.02,27.819926,1206912.54
2024-01-05 14:47:00,43325.63,43343.38,43311.47,43336.19,39.82804,1725995.68
2024-01-05 14:48:00,43399.84,43412.18,43381.55,43391.51,19.406405,842073.16
2024-01-05 14:49:00,43405.49,43424.89,43380.88,43401.54,10.046403,436029.36
2024-01-05 14:50:00,43436.96,43451.58,43395.08,43414.4,2.571292,111631.12
2024-01-05 14:51:00,43420.38,43429.94,43391.47,43397.18,42.801699,1857473.04
2024-01-05 14:52:00,43363.57,43372.0,43355.39,43359.71,11.257642,488128.1
2024-01-05 14:53:00,43346.24,43387.75,43327.89,43376.6,46.440509,2014431.27
2024-01-05 14:54:00,43384.94,43397.01,43345.91,43349.34,22.548884,977479.32
2024-01-05 14:55:00,43451.3,43478.3,43414.91,43440.18,7.751573,336729.72
2024-01-05 14:56:00,43364.55,43393.04,43347.14,43376.72,21.476759,931591.28
2024-01-05 14:57:00,43461.66,43468.32,43438.25,43453.52,24.58762,1068418.75
2024-01-05 14:58:00,43417.74,43463.99,43410.66,43447.96,31.08475,1350568.91
2024-01-05 14:59:00,43484.02,43495.34,43457.12,43462.91,15.185154,659991.03
2024-01-05 15:00:00,43475.15,43530.32,43457.51,43504.57,10.288041,447576.8
2024-01-05 15:01:00,43468.64,43482.91,43457.35,43473.06,48.672351,2115935.92
2024-01-05 15:02:00,43521.16,43523.01,43506.57,43516.27,17.578995,764972.28
2024-01-05 15:03:00,43401.67,43408.37,43369.33,43380.89,17.449049,756955.33
2024-01-05 15:04:00,43347.02,43365.51,43341.36,43344.89,23.905571,1036184.45
2024-01-05 15:05:00,43311.39,43322.53,43291.18,43298.69,16.856256,729853.79
2024-01-05 15:06:00,43235.45,43255.53,43218.9,43236.02,31.97892,1382641.08
2024-01-05 15:07:00,43224.62,43239.61,43223.7,43225.27,2.647445,114436.51
2024-01-05 15:08:00,43246.26,43247.78,43239.08,43244.56,26.644633,1152235.29
2024-01-05 15:09:00,43275.91,43316.93,43272.74,43279.69,21.230502,918849.51
2024-01-05 15:10:00,43258.0,43302.37,43253.18,43291.73,33.317085,1442354.32
2024-01-05 15:11:00,43243.08,43271.33,43238.65,43258.45,0.223271,9658.37
2024-01-05 15:12:00,43281.79,43304.8,43274.51,43276.9,13.724067,593935.05
2024-01-05 15:13:00,43278.13,43298.98,43272.85,43283.11,2.571125,111286.27
2024-01-05 15:14:00,43326.8,43335.69,43308.44,43329.92,11.261166,487945.36
2024-01-05 15:15:00,43362.29,43385.47,43357.24,43368.76,1.29956,56360.29
2024-01-05 15:16:00,43353.01,43396.46,43344.83,43370.29,3.314334,143743.61
2024-01-05 15:17:00,43315.56,43326.5,43288.51,43325.42,8.227829,356474.18
2024-01-05 15:18:00,43286.64,43299.24,43278.06,43292.78,10.155472,439658.55
2024-01-05 15:19:00,43265.39,43282.53,43247.82,43265.29,13.580342,587557.37
2024-01-05 15:20:00,43257.39,43257.72,43240.21,43249.52,8.535992,369177.56
2024-01-05 15:21:00,43259.31,43280.41,43248.51,43262.93,0.095555,4133.99
2024-01-05 15:22:00,43278.09,43299.29,43275.7,43298.68,7.575379,328003.96
2024-01-05 15:23:00,43268.17,43307.85,43267.37,43296.13,17.867159,773578.83
2024-01-05 15:24:00,43348.88,43394.02,43280.87,43296.93,1.635379,70806.88
2024-01-05 15:25:00,43281.5,43317.33,43270.56,43304.1,5.559251,240738.38
2024-01-05 15:26:00,43267.93,43286.22,43266.6,43278.3,3.090571,133754.69
2024-01-05 15:27:00,43242.37,43259.71,43215.91,43232.03,30.462466,1316954.37
2024-01-05 15:28:00,43151.48,43160.11,43141.03,43144.26,35.526301,1532756.05
2024-01-05 15:29:00,43119.92,43131.58,43109.34,43109.51,0.29798,12845.76
2024-01-05 15:30:00,43124.31,43140.34,43120.73,43133.16,6.909337,298021.58
2024-01-05 15:31:00,43102.79,43121.29,43081.1,43098.02,24.087973,1038143.89
2024-01-05 15:32:00,43087.35,43100.99,43068.97,43086.13,6.361188,274078.94
2024-01-05 15:33:00,43103.21,43128.6,43079.38,43109.45,19.03111,820420.65
2024-01-05 15:34:00,43140.39,43175.51,43132.38,43135.48,0.233251,10061.4
2024-01-05 15:35:00,43102.61,43121.17,43067.72,43081.51,31.547448,1359111.59
2024-01-05 15:36:00,43130.92,43144.2,43119.43,43131.36,20.037993,864265.85
2024-01-05 15:37:00,43187.42,43214.08,43170.26,43187.73,8.040215,347238.62
2024-01-05 15:38:00,43152.6,43161.07,43109.42,43131.23,7.941949,342546.04
2024-01-05 15:39:00,43109.27,43121.12,43087.87,43090.04,23.377069,1007318.88
2024-01-05 15:40:00,43181.28,43196.96,43148.63,43149.6,27.25411,1176003.84
2024-01-05 15:41:00,43107.13,43143.94,43084.99,43142.25,15.544761,670636.02
2024-01-05 15:42:00,43049.37,43051.23,43020.75,43031.27,46.177084,1987058.36
2024-01-05 15:43:00,42973.31,42992.53,42943.6,42961.28,9.906368,425590.26
2024-01-05 15:44:00,42931.1,42950.48,42926.02,42948.81,25.443027,1092747.82
2024-01-05 15:45:00,42895.69,42906.62,42883.82,42890.66,28.826376,1236382.33
2024-01-05 15:46:00,42891.01,42899.8,42869.26,42869.99,2.783244,119317.62
2024-01-05 15:47:00,42855.03,42903.31,42842.28,42871.61,0.667518,28617.59
2024-01-05 15:48:00,42953.57,42973.37,42939.18,42944.72,39.560528,1698915.88
2024-01-05 15:49:00,42947.63,42967.73,42921.66,42930.2,13.395247,575060.63
2024-01-05 15:50:00,42962.41,43001.8,42943.98,42983.83,28.083916,1207154.18
2024-01-05 15:51:00,43052.42,43072.66,43034.5,43055.26,2.452947,105612.28
2024-01-05 15:52:00,43133.0,43134.26,43124.89,43126.98,4.502893,194196.17
2024-01-05 15:53:00,43125.29,43142.82,43120.27,43141.22,2.692536,116159.3
2024-01-05 15:54:00,43025.47,43061.5,43022.01,43043.05,23.407332,1007523.04
2024-01-05 15:55:00,43063.39,43092.31,43049.49,43066.09,11.018002,474502.3
2024-01-05 15:56:00,43134.55,43141.82,43114.52,43118.51,19.359219,834740.78
2024-01-05 15:57:00,43127.34,43132.43,43112.53,43114.46,42.06465,1813594.73
2024-01-05 15:58:00,43184.46,43205.5,43174.09,43201.69,27.639367,1194067.35
2024-01-05 15:59:00,43257.73,43277.83,43232.04,43244.68,33.073585,1430256.65
2024-01-05 16:00:00,43256.38,43299.27,43252.34,43273.1,2.414123,104466.57
2024-01-05 16:01:00,43295.21,43327.5,43289.4,43327.41,17.953197,777865.63
2024-01-05 16:02:00,43336.74,43350.89,43327.04,43344.08,43.793095,1898171.56
2024-01-05 16:03:00,43241.9,43243.24,43194.78,43219.44,9.572301,413709.5
2024-01-05 16:04:00,43207.6,43223.59,43189.22,43194.49,14.333769,619139.78
2024-01-05 16:05:00,43254.31,43257.72,43248.67,43254.34,11.795842,510221.42
2024-01-05 16:06:00,43205.63,43225.34,43201.26,43213.96,12.419762,536707.15
2024-01-05 16:07:00,43195.0,43209.47,43190.67,43202.79,41.024773,1772384.67
2024-01-05 16:08:00,43152.72,43157.47,43144.93,43150.55,45.648246,1969746.9
2024-01-05 16:09:00,43218.38,43254.77,43212.41,43239.75,18.31644,791998.21
2024-01-05 16:10:00,43316.86,43327.79,43309.85,43323.82,30.634957,1327223.34
2024-01-05 16:11:00,43275.31,43280.88,43263.43,43279.63,1.490437,64505.57
2024-01-05 16:12:00,43259.97,43300.72,43238.7,43286.99,16.26535,704078.05
2024-01-05 16:13:00,43236.2,43255.23,43224.13,43252.97,5.440675,235325.32
2024-01-05 16:14:00,43291.92,43296.38,43272.58,43283.71,32.403322,1402536.1
2024-01-05 16:15:00,43309.39,43312.83,43297.02,43309.2,46.990312,2035112.7
2024-01-05 16:16:00,43343.61,43363.56,43330.08,43349.78,6.709879,290871.8
2024-01-05 16:17:00,43348.15,43388.08,43330.89,43366.38,16.822983,729551.84
2024-01-05 16:18:00,43544.69,43561.78,43509.97,43513.15,9.382476,408261.08
2024-01-05 16:19:00,43444.99,43479.95,43439.86,43461.75,33.685069,1464012.17
2024-01-05 16:20:00,43381.25,43393.31,43365.88,43376.22,20.260329,878816.56
2024-01-05 16:21:00,43346.81,43384.24,43346.18,43356.57,16.312813,707267.6
2024-01-05 16:22:00,43278.89,43293.67,43262.98,43278.17,19.611872,848765.92
2024-01-05 16:23:00,43212.7,43223.14,43185.59,43203.55,33.831575,1461643.99
2024-01-05 16:24:00,43126.08,43158.88,43109.79,43153.48,4.167908,179859.73
2024-01-05 16:25:00,43107.24,43136.31,43090.13,43107.37,0.538181,23199.58
2024-01-05 16:26:00,43083.45,43101.44,43053.31,43059.64,20.277412,873138.06
2024-01-05 16:27:00,43120.78,43127.81,43077.95,43085.55,3.710205,159856.22
2024-01-05 16:28:00,43057.64,43070.76,43050.55,43060.24,29.47415,1269164.01
2024-01-05 16:29:00,43052.1,43064.7,43047.78,43051.27,23.093684,994212.32
2024-01-05 16:30:00,43140.2,43161.14,43076.96,43095.98,4.577633,197277.56
2024-01-05 16:31:00,43080.36,43113.52,43047.24,43057.66,17.823492,767437.87
2024-01-05 16:32:00,43032.09,43058.49,43027.66,43044.43,36.579442,1574541.37
2024-01-05 16:33:00,43050.34,43079.1,43040.06,43062.72,9.214119,396785.04
2024-01-05 16:34:00,42984.77,43011.23,42949.2,42965.64,5.733443,246341.05
2024-01-05 16:35:00,42826.18,42869.82,42816.75,42846.4,5.344236,228981.27
2024-01-05 16:36:00,42885.46,42890.03,42842.72,42863.7,2.845699,121977.21
2024-01-05 16:37:00,42894.99,42895.81,42884.39,42888.3,26.037926,1116722.51
2024-01-05 16:38:00,43001.87,43030.73,42960.33,42991.52,27.621652,1187496.67
2024-01-05 16:39:00,42994.29,43013.11,42980.78,42999.42,18.133464,779728.44
2024-01-05 16:40:00,43027.81,43047.36,42997.1,43040.41,17.178702,739378.34
2024-01-05 16:41:00,43059.87,43074.05,42997.93,43030.63,1.244168,53537.36
2024-01-05 16:42:00,43040.56,43060.53,43019.15,43045.5,16.610559,715009.75
2024-01-05 16:43:00,43120.64,43136.86,43118.13,43128.86,15.703393,677269.4
2024-01-05 16:44:00,43021.06,43025.91,43020.78,43022.66,59.57084,2562895.91
2024-01-05 16:45:00,43047.2,43067.75,43037.18,43043.34,37.005328,1592832.88
2024-01-05 16:46:00,43129.5,43158.66,43103.44,43150.12,29.130734,1256994.64
2024-01-05 16:47:00,43152.92,43171.55,43148.07,43164.22,18.166748,784153.5
2024-01-05 16:48:00,43234.39,43265.37,43221.08,43246.75,18.18364,786383.33
2024-01-05 16:49:00,43232.19,43247.67,43172.58,43215.29,23.802424,1028628.62
2024-01-05 16:50:00,43195.97,43222.01,43176.36,43213.69,15.172231,655648.01
2024-01-05 16:51:00,43180.25,43226.46,43160.77,43215.36,12.679395,547944.64
2024-01-05 16:52:00,43065.14,43110.16,43064.96,43104.48,11.167014,481348.37
2024-01-05 16:53:00,43016.67,43048.76,43007.79,43046.07,4.369583,188093.39
2024-01-05 16:54:00,43018.46,43019.41,42980.91,42991.23,26.226567,1127512.38
2024-01-05 16:55:00,43032.66,43034.88,43020.63,43032.33,9.310954,400672.06
2024-01-05 16:56:00,43085.97,43088.52,43065.39,43075.94,30.532268,1315206.17
2024-01-05 16:57:00,43102.87,43121.72,43073.58,43092.14,6.407606,276117.46
2024-01-05 16:58:00,43134.47,43150.6,43121.31,43133.35,1.640727,70770.06
2024-01-05 16:59:00,43123.64,43142.87,43119.37,43125.14,27.908895,1203575.02
2024-01-05 17:00:00,43206.13,43220.91,43175.67,43185.24,20.093092,867724.93
2024-01-05 17:01:00,43188.6,43206.46,43166.28,43185.68,15.02912,649042.7
2024-01-05 17:02:00,43216.55,43218.82,43185.28,43188.57,31.281212,1350990.82
2024-01-05 17:03:00,43187.71,43195.33,43169.23,43175.29,11.779726,508593.09
2024-01-05 17:04:00,43197.16,43216.92,43192.55,43209.51,32.844131,1419178.91
2024-01-05 17:05:00,43178.51,43201.2,43161.68,43188.45,6.853638,295998.03
2024-01-05 17:06:00,43222.72,43243.0,43202.19,43237.27,1.80747,78150.06
2024-01-05 17:07:00,43205.02,43216.28,43162.14,43180.67,13.386769,578049.59
2024-01-05 17:08:00,43117.62,43133.16,43114.46,43125.72,36.854253,1589366.22
2024-01-05 17:09:00,43144.12,43174.72,43137.62,43160.09,2.504823,108108.39
2024-01-05 17:10:00,43162.06,43181.64,43150.94,43155.67,19.20366,828746.7
2024-01-05 17:11:00,43131.03,43150.13,43097.03,43132.97,14.131753,609544.5
2024-01-05 17:12:00,43183.36,43213.06,43155.56,43177.47,24.114908,1041220.78
2024-01-05 17:13:00,43184.91,43186.27,43145.35,43147.11,43.461013,1875217.11
2024-01-05 17:14:00,43155.36,43158.02,43125.31,43137.1,23.514011,1014326.25
2024-01-05 17:15:00,43207.6,43212.41,43205.93,43207.06,44.852284,1937935.38
2024-01-05 17:16:00,43255.85,43284.92,43245.78,43284.02,24.045038,1040765.89
2024-01-05 17:17:00,43352.64,43370.77,43349.68,43362.64,12.630639,547697.83
2024-01-05 17:18:00,43362.75,43388.42,43329.39,43348.53,16.429122,712178.33
2024-01-05 17:19:00,43386.65,43413.14,43364.36,43410.07,42.507371,1845247.83
2024-01-05 17:20:00,43405.44,43426.1,43351.21,43362.62,0.896891,38891.53
2024-01-05 17:21:00,43317.56,43332.0,43304.02,43317.27,7.128349,308780.65
2024-01-05 17:22:00,43200.73,43211.72,43192.13,43199.75,18.761086,810474.26
2024-01-05 17:23:00,43270.06,43286.38,43232.49,43283.4,9.489808,410751.09
2024-01-05 17:24:00,43250.13,43260.6,43228.23,43240.2,16.67752,721139.22
2024-01-05 17:25:00,43210.71,43237.18,43208.96,43233.87,16.463799,711793.74
2024-01-05 17:26:00,43231.65,43248.25,43172.87,43188.35,21.626857,934028.36
2024-01-05 17:27:00,43249.46,43253.05,43208.52,43223.11,13.662644,590541.97
2024-01-05 17:28:00,43224.02,43253.34,43198.55,43204.33,41.423889,1789691.37
2024-01-05 17:29:00,43111.28,43142.47,43108.2,43139.09,15.357977,662529.15
2024-01-05 17:30:00,43165.28,43197.81,43153.05,43161.17,5.7721,249130.61
2024-01-05 17:31:00,43113.67,43135.46,43081.69,43089.49,12.10307,521515.05
2024-01-05 17:32:00,43059.48,43072.72,43044.08,43047.62,21.832459,939835.3
2024-01-05 17:33:00,42922.23,42957.39,42918.59,42942.27,7.446897,319786.65
2024-01-05 17:34:00,42858.07,42879.25,42843.51,42871.07,23.535636,1008997.97
2024-01-05 17:35:00,42870.96,42895.63,42860.44,42880.0,1.239152,53134.84
2024-01-05 17:36:00,42769.7,42802.86,42768.85,42781.77,43.669725,1868268.24
2024-01-05 17:37:00,42738.29,42761.42,42704.76,42707.72,23.971121,1023751.83
2024-01-05 17:38:00,42669.18,42717.77,42658.52,42707.6,3.087936,131878.34
2024-01-05 17:39:00,42693.54,42727.0,42671.28,42680.42,1.244438,53113.13
2024-01-05 17:40:00,42754.17,42785.43,42730.82,42780.02,9.821317,420156.12
2024-01-05 17:41:00,42852.49,42888.58,42837.9,42871.71,14.535272,623152.01
2024-01-05 17:42:00,42788.12,42841.59,42784.63,42828.32,1.609558,68934.64
2024-01-05 17:43:00,42845.19,42866.83,42831.91,42856.17,25.782469,1104937.97
2024-01-05 17:44:00,42923.85,42930.58,42874.48,42893.64,4.611974,197824.34
2024-01-05 17:45:00,42869.06,42886.35,42856.23,42863.76,11.394558,488413.65
2024-01-05 17:46:00,42765.02,42795.68,42747.69,42788.99,51.601005,2207954.76
2024-01-05 17:47:00,42808.72,42825.96,42766.58,42788.37,10.981996,469901.74
2024-01-05 17:48:00,42804.36,42812.41,42773.53,42779.73,22.266879,952571.08
2024-01-05 17:49:00,42760.02,42796.83,42753.55,42757.94,25.282886,1081044.18
2024-01-05 17:50:00,42820.75,42837.48,42779.48,42780.06,8.584844,367260.1
2024-01-05 17:51:00,42758.95,42759.66,42737.76,42742.52,5.794873,247687.47
2024-01-05 17:52:00,42698.57,42702.24,42678.36,42684.92,13.983954,596903.96
2024-01-05 17:53:00,42674.31,42695.28,42672.1,42690.38,4.002233,170856.81
2024-01-05 17:54:00,42722.22,42736.96,42682.31,42709.67,17.431376,744488.38
2024-01-05 17:55:00,42655.18,42676.26,42635.21,42650.84,6.715193,286408.64
2024-01-05 17:56:00,42707.64,42737.76,42694.18,42697.25,30.5883,1306036.19
2024-01-05 17:57:00,42595.03,42609.13,42584.36,42608.72,12.830009,546670.3
2024-01-05 17:58:00,42582.38,42592.01,42575.55,42579.82,24.370338,1037684.54
2024-01-05 17:59:00,42550.58,42567.01,42544.34,42566.92,22.275605,948203.83
2024-01-05 18:00:00,42492.16,42535.8,42469.59,42535.1,5.219534,222013.44
2024-01-05 18:01:00,42526.82,42527.75,42486.98,42506.85,24.603911,1045834.8
2024-01-05 18:02:00,42570.36,42617.21,42553.39,42600.41,18.377857,782904.18
2024-01-05 18:03:00,42560.01,42582.72,42556.39,42557.86,23.343036,993429.68
2024-01-05 18:04:00,42686.58,42692.38,42666.73,42679.92,22.070322,941959.64
2024-01-05 18:05:00,42708.31,42711.13,42689.89,42701.78,11.002407,469822.37
2024-01-05 18:06:00,42700.72,42720.46,42683.5,42706.38,1.924086,82170.75
2024-01-05 18:07:00,42735.62,42746.65,42715.12,42730.19,2.155104,92088.02
2024-01-05 18:08:00,42866.11,42878.24,42855.89,42856.69,5.707072,244586.2
2024-01-05 18:09:00,42821.71,42838.7,42784.24,42807.01,26.862867,1149919.03
2024-01-05 18:10:00,42785.66,42797.13,42741.38,42750.99,22.644978,968095.2
2024-01-05 18:11:00,42717.93,42728.29,42703.54,42713.25,30.11963,1286507.15
2024-01-05 18:12:00,42716.13,42749.87,42689.62,42714.85,32.125564,1372238.77
2024-01-05 18:13:00,42610.43,42659.22,42609.81,42628.56,5.660133,241283.35
2024-01-05 18:14:00,42638.4,42648.75,42625.91,42629.68,49.248434,2099445.05
2024-01-05 18:15:00,42727.71,42736.18,42713.27,42714.36,7.920399,338314.77
2024-01-05 18:16:00,42718.08,42738.15,42690.99,42721.93,0.122071,5215.1
2024-01-05 18:17:00,42718.19,42726.95,42705.32,42707.3,16.66666,711787.95
2024-01-05 18:18:00,42670.54,42684.93,42636.31,42676.39,19.674239,839625.46
2024-01-05 18:19:00,42734.73,42744.83,42715.21,42721.31,4.831201,206395.24
2024-01-05 18:20:00,42698.27,42711.12,42673.2,42680.02,6.82696,291374.8
2024-01-05 18:21:00,42790.31,42799.21,42766.54,42772.34,1.060572,45363.13
2024-01-05 18:22:00,42871.37,42873.72,42866.36,42869.01,12.830858,550046.17
2024-01-05 18:23:00,42861.05,42894.69,42855.91,42881.85,25.91718,1111376.55
2024-01-05 18:24:00,42869.03,42881.66,42839.04,42881.27,4.681814,200762.15
2024-01-05 18:25:00,42944.71,42964.28,42931.52,42932.8,21.4543,921093.24
2024-01-05 18:26:00,43036.52,43037.76,42982.46,42987.54,17.776952,764187.49
2024-01-05 18:27:00,42940.43,42948.54,42936.69,42947.24,27.795716,1193749.42
2024-01-05 18:28:00,42930.03,42934.97,42913.55,42920.92,0.931393,39976.24
2024-01-05 18:29:00,42843.68,42861.69,42825.06,42854.8,0.57477,24631.67
2024-01-05 18:30:00,42855.77,42880.21,42841.44,42875.25,18.006798,772046.0
2024-01-05 18:31:00,42895.06,42913.84,42875.65,42908.58,19.058029,817753.01
2024-01-05 18:32:00,42799.44,42856.82,42790.83,42841.09,7.75384,332182.95
2024-01-05 18:33:00,42845.4,42857.38,42807.29,42818.33,7.775974,332954.21
2024-01-05 18:34:00,42706.36,42761.03,42693.98,42750.96,0.408621,17468.96
2024-01-05 18:35:00,42700.75,42713.07,42679.07,42706.02,11.904848,508408.75
2024-01-05 18:36:00,42710.01,42735.98,42707.79,42733.58,19.796823,845989.02
2024-01-05 18:37:00,42679.21,42698.92,42649.63,42696.9,6.458982,275778.5
2024-01-05 18:38:00,42709.39,42719.75,42681.81,42681.86,2.802842,119630.49
2024-01-05 18:39:00,42604.52,42610.2,42582.92,42600.49,15.258873,650035.52
2024-01-05 18:40:00,42590.54,42614.19,42578.41,42609.84,8.335441,355171.86
2024-01-05 18:41:00,42595.84,42623.16,42580.47,42607.63,12.929966,550915.2
2024-01-05 18:42:00,42555.87,42583.48,42538.87,42571.18,42.288822,1800285.13
2024-01-05 18:43:00,42560.86,42583.73,42552.49,42561.73,4.101755,174577.78
2024-01-05 18:44:00,42574.2,42576.31,42565.4,42570.75,27.065389,1152193.83
2024-01-05 18:45:00,42567.91,42580.85,42516.06,42530.0,2.317499,98563.26
2024-01-05 18:46:00,42417.86,42463.62,42397.07,42456.19,19.730512,837682.35
2024-01-05 18:47:00,42545.77,42548.38,42536.94,42546.47,14.174893,603091.64
2024-01-05 18:48:00,42508.49,42530.46,42496.08,42514.8,21.255701,903682.0
2024-01-05 18:49:00,42528.9,42542.83,42508.78,42509.97,18.356352,780327.9
2024-01-05 18:50:00,42567.61,42568.43,42552.89,42560.51,8.910701,379243.97
2024-01-05 18:51:00,42748.77,42767.75,42703.74,42736.96,3.282261,140273.86
2024-01-05 18:52:00,42681.64,42711.82,42658.83,42674.74,26.929328,1149202.02
2024-01-05 18:53:00,42678.59,42725.39,42669.73,42697.23,3.763185,160677.57
2024-01-05 18:54:00,42686.08,42696.46,42654.72,42661.85,2.652385,113155.65
2024-01-05 18:55:00,42650.88,42652.42,42604.62,42634.91,4.8164,205346.79
2024-01-05 18:56:00,42617.21,42630.58,42596.84,42598.9,9.046904,385388.15
2024-01-05 18:57:00,42567.9,42574.47,42531.41,42542.62,19.332954,822474.49
2024-01-05 18:58:00,42548.91,42558.05,42539.23,42540.55,3.758039,159869.05
2024-01-05 18:59:00,42496.45,42505.93,42437.33,42466.83,32.850419,1395053.11
2024-01-05 19:00:00,42521.72,42531.75,42513.77,42514.17,49.046633,2085176.86
2024-01-05 19:01:00,42512.54,42527.85,42487.06,42516.92,28.456805,1209895.69
2024-01-05 19:02:00,42537.91,42551.99,42537.1,42538.04,17.192592,731339.19
2024-01-05 19:03:00,42514.25,42517.66,42502.63,42514.73,8.183518,347920.05
2024-01-05 19:04:00,42485.98,42507.92,42485.68,42496.37,15.828265,672643.84
2024-01-05 19:05:00,42543.39,42543.43,42509.79,42510.75,23.197546,986145.08
2024-01-05 19:06:00,42458.47,42480.7,42419.67,42452.55,25.021812,1062239.67
2024-01-05 19:07:00,42436.54,42437.04,42429.65,42434.65,14.842932,629854.59
2024-01-05 19:08:00,42399.43,42399.44,42373.62,42391.67,14.464375,613168.95
2024-01-05 19:09:00,42406.74,42416.79,42346.82,42347.14,7.950583,336684.45
2024-01-05 19:10:00,42219.01,42259.93,42216.08,42241.65,26.996153,1140361.93
2024-01-05 19:11:00,42291.71,42328.85,42283.28,42308.61,1.717437,72662.37
2024-01-05 19:12:00,42246.67,42291.06,42235.34,42274.29,3.271897,138317.11
2024-01-05 19:13:00,42327.8,42337.15,42298.47,42332.45,6.468088,273810.05
2024-01-05 19:14:00,42390.8,42438.19,42376.96,42385.89,5.726802,242735.64
2024-01-05 19:15:00,42312.29,42325.52,42301.99,42321.59,36.73145,1554533.51
2024-01-05 19:16:00,42256.38,42269.0,42228.57,42267.17,15.088759,637759.19
2024-01-05 19:17:00,42398.05,42407.32,42385.27,42395.2,29.09141,1233336.12
2024-01-05 19:18:00,42472.7,42497.4,42459.39,42482.75,19.080525,810593.07
2024-01-05 19:19:00,42487.37,42489.92,42467.79,42481.17,23.673019,1005657.52
2024-01-05 19:20:00,42516.32,42533.79,42486.66,42494.04,7.984508,339293.96
2024-01-05 19:21:00,42476.04,42493.95,42436.61,42462.5,21.974411,933088.32
2024-01-05 19:22:00,42501.73,42513.22,42462.61,42484.11,11.993301,509524.74
2024-01-05 19:23:00,42469.97,42487.41,42432.91,42448.25,3.520292,149430.27
2024-01-05 19:24:00,42352.29,42352.46,42333.08,42346.64,21.189892,897320.65
2024-01-05 19:25:00,42277.39,42299.5,42269.49,42280.56,25.885328,1094446.13
2024-01-05 19:26:00,42266.17,42301.45,42249.41,42281.61,60.363179,2552252.59
2024-01-05 19:27:00,42217.24,42237.22,42209.27,42225.06,13.643016,576077.18
2024-01-05 19:28:00,42211.22,42221.73,42209.32,42221.7,27.255203,1150760.9
2024-01-05 19:29:00,42182.6,42189.61,42140.51,42167.96,21.782351,918517.36
2024-01-05 19:30:00,42135.78,42140.72,42105.47,42128.85,29.734253,1252669.73
2024-01-05 19:31:00,42185.44,42191.21,42166.32,42171.5,15.513888,654243.97
2024-01-05 19:32:00,42160.67,42190.43,42138.45,42183.88,15.494576,653621.31
2024-01-05 19:33:00,42212.03,42230.39,42182.38,42183.39,16.887326,712364.72
2024-01-05 19:34:00,42218.8,42265.62,42204.07,42227.34,44.289656,1870234.49
2024-01-05 19:35:00,42229.37,42257.26,42216.48,42251.37,7.532175,318244.73
2024-01-05 19:36:00,42314.92,42330.9,42311.7,42323.7,11.741336,496936.79
2024-01-05 19:37:00,42350.38,42356.36,42298.55,42300.71,27.982895,1183696.25
2024-01-05 19:38:00,42271.47,42281.31,42266.62,42279.23,6.028289,254871.4
2024-01-05 19:39:00,42207.67,42223.97,42194.63,42214.17,7.727045,326190.8
2024-01-05 19:40:00,42188.88,42199.9,42142.88,42192.72,39.350809,1660317.73
2024-01-05 19:41:00,42237.99,42248.03,42225.3,42240.96,4.133556,174605.37
2024-01-05 19:42:00,42290.33,42325.71,42279.82,42305.96,23.728208,1003844.61
2024-01-05 19:43:00,42356.84,42359.86,42333.05,42353.97,5.435238,230203.93
2024-01-05 19:44:00,42285.78,42291.55,42246.44,42264.27,11.806645,498999.19
2024-01-05 19:45:00,42324.71,42361.36,42296.9,42318.42,51.546424,2181363.34
2024-01-05 19:46:00,42204.27,42228.24,42201.14,42226.5,45.862029,1936592.8
2024-01-05 19:47:00,42264.52,42275.23,42251.11,42271.4,49.211359,2080233.16
2024-01-05 19:48:00,42241.98,42255.64,42223.68,42253.01,17.951444,758502.61
2024-01-05 19:49:00,42289.2,42291.15,42277.12,42288.14,5.794751,245049.23
2024-01-05 19:50:00,42248.13,42254.86,42218.52,42221.52,15.698514,662815.07
2024-01-05 19:51:00,42277.1,42292.75,42272.54,42280.08,19.320965,816891.89
2024-01-05 19:52:00,42205.06,42215.78,42193.62,42206.83,17.786294,750703.06
2024-01-05 19:53:00,42208.96,42235.33,42161.96,42173.4,4.227731,178297.8
2024-01-05 19:54:00,42141.02,42160.49,42112.83,42123.5,5.031196,211931.57
2024-01-05 19:55:00,42047.27,42074.65,42022.08,42035.79,1.925158,80925.54
2024-01-05 19:56:00,42079.67,42098.52,42029.98,42040.51,31.406309,1320337.29
2024-01-05 19:57:00,42140.61,42170.01,42123.76,42130.82,33.580743,1414784.1
2024-01-05 19:58:00,42224.43,42282.63,42218.56,42264.16,73.668678,3113544.93
2024-01-05 19:59:00,42285.67,42311.77,42255.04,42269.02,18.512915,782522.78
2024-01-05 20:00:00,42293.01,42351.73,42281.49,42324.85,5.768583,244154.41
2024-01-05 20:01:00,42345.5,42359.84,42307.04,42336.46,0.422198,17874.38
2024-01-05 20:02:00,42327.13,42383.28,42294.06,42361.4,6.849957,290173.77
2024-01-05 20:03:00,42334.96,42348.41,42304.88,42344.29,40.124972,1699063.67
2024-01-05 20:04:00,42346.77,42360.59,42314.63,42354.05,24.658776,1044399.02
2024-01-05 20:05:00,42365.52,42388.13,42345.16,42380.92,16.936172,717770.6
2024-01-05 20:06:00,42345.02,42379.84,42333.22,42352.0,8.863128,375371.21
2024-01-05 20:07:00,42368.78,42386.76,42330.15,42348.12,19.429531,822804.19
2024-01-05 20:08:00,42330.92,42346.74,42329.34,42345.2,21.849559,925224.02
2024-01-05 20:09:00,42397.43,42402.51,42364.54,42386.52,4.136156,175317.27
2024-01-05 20:10:00,42313.91,42347.93,42306.41,42333.22,2.224682,94177.94
2024-01-05 20:11:00,42326.85,42337.94,42295.14,42330.64,27.574626,1167251.72
2024-01-05 20:12:00,42432.72,42438.72,42424.53,42426.25,25.136368,1066441.72
2024-01-05 20:13:00,42464.52,42490.06,42454.69,42484.45,34.173334,1451835.25
2024-01-05 20:14:00,42525.67,42553.53,42509.46,42551.91,3.858845,164201.22
2024-01-05 20:15:00,42562.97,42593.72,42552.77,42553.13,6.759701,287646.42
2024-01-05 20:16:00,42591.64,42611.23,42555.14,42569.18,0.413861,17617.74
2024-01-05 20:17:00,42617.71,42650.35,42616.22,42619.29,5.634802,240151.27
2024-01-05 20:18:00,42688.16,42699.95,42682.78,42697.3,6.393108,272968.46
2024-01-05 20:19:00,42602.84,42616.31,42580.88,42599.72,12.005026,511410.78
2024-01-05 20:20:00,42535.06,42557.65,42526.02,42533.95,37.372394,1589595.59
2024-01-05 20:21:00,42604.28,42632.64,42597.72,42599.42,42.79431,1823012.92
2024-01-05 20:22:00,42535.01,42588.11,42523.51,42585.58,20.082285,855215.75
2024-01-05 20:23:00,42530.61,42555.27,42526.79,42551.99,15.666644,666646.94
2024-01-05 20:24:00,42472.38,42490.48,42465.29,42489.28,43.078379,1830369.5
2024-01-05 20:25:00,42464.55,42489.67,42449.83,42461.53,5.272283,223869.21
2024-01-05 20:26:00,42395.13,42399.5,42372.91,42391.42,2.573942,109113.04
2024-01-05 20:27:00,42508.69,42534.42,42488.77,42495.97,6.169222,262167.06
2024-01-05 20:28:00,42500.0,42502.53,42494.11,42494.85,17.111274,727140.98
2024-01-05 20:29:00,42465.94,42507.55,42445.49,42491.95,4.164631,176963.3
2024-01-05 20:30:00,42550.29,42557.74,42503.95,42521.35,12.575709,534736.16
2024-01-05 20:31:00,42594.91,42604.92,42566.07,42569.47,4.741678,201850.74
2024-01-05 20:32:00,42591.6,42617.76,42587.44,42616.77,8.936263,380834.64
2024-01-05 20:33:00,42677.1,42696.13,42667.03,42670.45,10.119134,431787.97
2024-01-05 20:34:00,42627.0,42654.45,42603.91,42638.91,11.706177,499138.58
2024-01-05 20:35:00,42626.79,42637.85,42622.79,42624.01,6.109268,260401.51
2024-01-05 20:36:00,42683.53,42685.27,42648.76,42662.46,20.991854,895564.2
2024-01-05 20:37:00,42678.7,42690.34,42622.76,42636.09,12.944598,551907.08
2024-01-05 20:38:00,42650.86,42652.66,42623.61,42635.84,14.054434,599222.59
2024-01-05 20:39:00,42661.68,42670.78,42640.76,42655.78,32.451015,1384223.27
2024-01-05 20:40:00,42688.24,42706.79,42670.35,42695.04,11.123169,474904.12
2024-01-05 20:41:00,42609.79,42627.26,42599.99,42606.15,25.275329,1076884.52
2024-01-05 20:42:00,42669.08,42680.83,42641.39,42641.89,24.822198,1058465.4
2024-01-05 20:43:00,42629.31,42630.52,42622.25,42630.2,29.69355,1265842.08
2024-01-05 20:44:00,42647.85,42667.74,42632.01,42665.58,26.758799,1141679.58
2024-01-05 20:45:00,42672.03,42704.55,42663.14,42704.42,31.742911,1355562.68
2024-01-05 20:46:00,42795.08,42802.38,42778.49,42784.82,18.126328,775531.63
2024-01-05 20:47:00,42857.44,42869.43,42834.87,42852.49,46.05882,1973735.15
2024-01-05 20:48:00,42906.9,42932.76,42901.81,42919.82,15.873012,681266.79
2024-01-05 20:49:00,43012.52,43017.83,42964.57,42992.0,49.985276,2148967.15
2024-01-05 20:50:00,42998.14,43010.52,42992.09,43006.57,2.527771,108710.79
2024-01-05 20:51:00,43005.49,43015.5,43002.65,43008.18,3.038789,130692.77
2024-01-05 20:52:00,43051.49,43064.44,43036.44,43051.82,6.152349,264869.83
2024-01-05 20:53:00,43081.41,43090.68,43073.59,43088.43,9.250411,398585.65
2024-01-05 20:54:00,43077.69,43088.17,43047.13,43072.97,3.57512,153991.03
2024-01-05 20:55:00,43116.24,43122.01,43073.73,43093.21,20.793358,896052.61
2024-01-05 20:56:00,43068.61,43103.0,43066.15,43091.46,7.953588,342731.7
2024-01-05 20:57:00,43058.53,43082.69,43045.18,43048.76,2.143505,92275.26
2024-01-05 20:58:00,43116.73,43122.06,43093.08,43113.29,2.079436,89651.3
2024-01-05 20:59:00,43119.12,43135.18,43093.94,43116.05,34.352464,1481142.38
2024-01-05 21:00:00,43235.92,43238.44,43212.1,43218.48,16.343317,706333.33
2024-01-05 21:01:00,43138.19,43142.28,43133.54,43137.21,23.525538,1014825.98
2024-01-05 21:02:00,43118.97,43135.27,43086.43,43109.37,40.212488,1733534.93
2024-01-05 21:03:00,43125.32,43138.7,43098.57,43111.0,18.670172,804889.78
2024-01-05 21:04:00,43157.78,43174.47,43151.55,43167.87,22.782616,983476.96
2024-01-05 21:05:00,43193.83,43195.78,43175.27,43187.84,28.581429,1234370.22
2024-01-05 21:06:00,43198.35,43216.94,43195.53,43203.37,29.614642,1279452.21
2024-01-05 21:07:00,43144.35,43161.09,43138.81,43147.0,8.382272,361669.9
2024-01-05 21:08:00,43082.71,43090.48,43076.94,43089.16,11.404296,491401.47
2024-01-05 21:09:00,43114.7,43115.51,43075.47,43105.28,57.928024,2497003.71
2024-01-05 21:10:00,43038.71,43042.72,43030.86,43037.08,3.961555,170493.74
2024-01-05 21:11:00,43018.37,43038.88,42994.25,43010.48,17.573069,755826.17
2024-01-05 21:12:00,43035.18,43051.54,43018.43,43035.53,42.629299,1834574.37
2024-01-05 21:13:00,42954.33,42996.81,42931.0,42986.41,1.129881,48569.52
2024-01-05 21:14:00,43067.31,43083.49,43050.84,43066.68,2.797551,120481.24
2024-01-05 21:15:00,43129.15,43133.27,43120.37,43127.88,28.529282,1230407.31
2024-01-05 21:16:00,43054.16,43057.49,43042.54,43049.3,14.257477,613774.49
2024-01-05 21:17:00,42990.81,43023.96,42980.86,43002.69,19.902249,855850.17
2024-01-05 21:18:00,42864.49,42891.98,42849.08,42888.4,8.391468,359896.63
2024-01-05 21:19:00,42861.76,42880.56,42846.05,42849.27,0.527323,22595.4
2024-01-05 21:20:00,42882.11,42896.15,42872.88,42887.59,3.341178,143295.05
2024-01-05 21:21:00,42870.32,42877.68,42852.57,42866.89,33.879518,1452309.66
2024-01-05 21:22:00,42884.3,42897.15,42877.91,42889.93,4.087624,175317.92
2024-01-05 21:23:00,42813.69,42837.34,42803.85,42813.82,18.574473,795244.08
2024-01-05 21:24:00,42844.73,42856.89,42829.12,42853.71,9.376008,401796.77
2024-01-05 21:25:00,42806.6,42864.4,42798.99,42825.96,50.805583,2175797.79
2024-01-05 21:26:00,42836.04,42859.5,42805.76,42826.57,16.377496,701391.94
2024-01-05 21:27:00,42809.86,42826.39,42784.79,42821.92,16.792241,719076.07
2024-01-05 21:28:00,42761.63,42783.75,42738.13,42758.35,28.525575,1219706.39
2024-01-05 21:29:00,42708.9,42721.88,42675.95,42700.69,0.382085,16315.27
2024-01-05 21:30:00,42737.35,42749.27,42722.11,42749.08,33.874963,1448123.53
2024-01-05 21:31:00,42744.95,42805.77,42716.81,42769.03,20.3261,869327.62
2024-01-05 21:32:00,42870.06,42875.75,42805.52,42821.53,2.288409,97993.19
2024-01-05 21:33:00,42827.21,42855.24,42809.6,42837.77,6.024555,258078.48
2024-01-05 21:34:00,42857.38,42879.87,42831.72,42844.92,27.611956,1183031.94
2024-01-05 21:35:00,42797.4,42809.44,42744.73,42758.62,0.573701,24530.66
2024-01-05 21:36:00,42760.9,42776.93,42736.76,42745.1,8.960968,383037.43
2024-01-05 21:37:00,42737.72,42750.77,42727.58,42743.73,11.79837,504306.33
2024-01-05 21:38:00,42840.04,42859.33,42828.02,42841.38,14.686464,629188.44
2024-01-05 21:39:00,42859.08,42881.2,42846.58,42875.73,10.821504,463979.88
2024-01-05 21:40:00,42970.17,42979.11,42948.93,42952.53,8.40017,360808.58
2024-01-05 21:41:00,42993.74,42999.95,42976.93,42982.41,4.685112,201377.41
2024-01-05 21:42:00,42936.56,42963.47,42935.14,42946.85,15.322635,658058.84
2024-01-05 21:43:00,42931.86,42972.03,42915.95,42952.7,2.109261,90598.44
2024-01-05 21:44:00,42938.09,42989.2,42932.21,42964.51,3.325487,142877.95
2024-01-05 21:45:00,42937.29,42957.23,42885.19,42917.56,11.717571,502889.49
2024-01-05 21:46:00,42900.74,42925.22,42884.97,42898.34,1.176646,50476.15
2024-01-05 21:47:00,42892.35,42902.7,42875.83,42888.05,9.224921,395638.86
2024-01-05 21:48:00,42951.87,43012.45,42946.18,42968.33,16.216352,696789.55
2024-01-05 21:49:00,42835.02,42873.1,42833.27,42864.29,17.936937,768854.1
2024-01-05 21:50:00,42943.83,42967.69,42922.89,42924.58,21.1508,907889.26
2024-01-05 21:51:00,42878.58,42879.48,42848.05,42877.74,25.307048,1085109.11
2024-01-05 21:52:00,42827.28,42828.01,42803.11,42809.14,2.145517,91847.75
2024-01-05 21:53:00,42860.42,42868.97,42854.97,42868.14,10.552723,452375.55
2024-01-05 21:54:00,42899.99,42905.34,42897.61,42904.73,1.005736,43150.84
2024-01-05 21:55:00,42981.72,42987.31,42959.57,42967.46,31.944515,1372574.56
2024-01-05 21:56:00,43022.14,43043.98,42997.55,43007.49,5.937981,255377.66
2024-01-05 21:57:00,43126.44,43127.56,43098.35,43110.48,0.022487,969.42
2024-01-05 21:58:00,43132.52,43153.7,43118.87,43138.42,29.325977,1265076.33
2024-01-05 21:59:00,43142.89,43170.09,43121.36,43130.6,5.481606,236424.94
2024-01-05 22:00:00,43169.92,43173.49,43127.34,43147.74,13.132327,566630.26
2024-01-05 22:01:00,43207.82,43211.86,43181.81,43209.92,10.9694,473986.85
2024-01-05 22:02:00,43160.68,43178.45,43134.57,43170.95,23.290992,1005494.21
2024-01-05 22:03:00,43165.21,43187.61,43120.57,43138.35,26.308377,1134900.07
2024-01-05 22:04:00,43109.82,43130.2,43104.65,43122.91,15.773876,680215.36
2024-01-05 22:05:00,43030.27,43040.66,43006.91,43017.68,18.892836,812725.89
2024-01-05 22:06:00,43023.41,43036.92,42974.21,43024.58,15.770834,678533.51
2024-01-05 22:07:00,42893.44,42935.22,42884.23,42930.27,48.81638,2095700.53
2024-01-05 22:08:00,42955.5,42970.06,42911.68,42932.93,27.679421,1188358.57
2024-01-05 22:09:00,42921.03,42995.55,42914.5,42976.19,5.753304,247255.09
2024-01-05 22:10:00,42912.66,42960.22,42873.13,42952.35,7.086025,304361.43
2024-01-05 22:11:00,43046.75,43061.07,43024.45,43036.2,14.322431,616383.05
2024-01-05 22:12:00,42973.72,42982.96,42952.89,42963.18,24.341487,1045787.64
2024-01-05 22:13:00,43009.99,43038.28,43004.14,43022.74,28.455482,1224232.85
2024-01-05 22:14:00,43059.45,43072.18,43051.1,43056.5,2.623188,112945.28
2024-01-05 22:15:00,42920.07,42975.81,42912.55,42970.7,5.065436,217665.33
2024-01-05 22:16:00,43120.38,43153.36,43066.83,43106.24,10.939127,471544.58
2024-01-05 22:17:00,43108.04,43110.1,43099.49,43103.05,46.256929,1993814.66
2024-01-05 22:18:00,43058.26,43105.01,43050.97,43059.17,11.303063,486700.57
2024-01-05 22:19:00,42989.24,42993.47,42968.1,42988.82,9.619037,413511.05
2024-01-05 22:20:00,42987.68,42994.72,42968.94,42977.82,13.132846,564421.08
2024-01-05 22:21:00,42970.87,42983.38,42968.12,42971.45,8.224485,353418.06
2024-01-05 22:22:00,42939.1,42983.35,42935.74,42976.58,35.28044,1516232.7
2024-01-05 22:23:00,43005.62,43022.1,42936.39,42961.69,20.262808,870524.5
2024-01-05 22:24:00,43017.37,43025.74,42983.43,42993.35,3.090127,132854.92
2024-01-05 22:25:00,42948.27,42988.97,42942.34,42973.97,48.505933,2084492.54
2024-01-05 22:26:00,42870.32,42879.33,42858.21,42877.22,7.052643,302397.73
2024-01-05 22:27:00,42865.03,42881.39,42845.32,42869.75,16.879389,723615.25
2024-01-05 22:28:00,42772.96,42775.73,42747.28,42751.38,17.043352,728626.84
2024-01-05 22:29:00,42725.88,42780.79,42715.9,42769.07,16.869181,721479.19
2024-01-05 22:30:00,42710.12,42721.22,42701.06,42720.1,16.946096,723938.98
2024-01-05 22:31:00,42693.06,42732.36,42687.57,42728.27,13.540028,578542.0
2024-01-05 22:32:00,42788.27,42796.26,42783.95,42793.98,9.51821,407322.05
2024-01-05 22:33:00,42737.09,42777.3,42736.65,42746.54,10.037821,429082.08
2024-01-05 22:34:00,42801.2,42806.6,42781.55,42799.6,5.355486,229212.65
2024-01-05 22:35:00,42765.83,42806.95,42750.0,42777.93,31.408639,1343596.61
2024-01-05 22:36:00,42850.57,42880.83,42839.35,42865.59,16.748939,717953.19
2024-01-05 22:37:00,42859.73,42874.85,42844.39,42847.33,7.135346,305730.57
2024-01-05 22:38:00,42814.4,42844.09,42804.69,42805.31,37.607553,1609802.96
2024-01-05 22:39:00,42850.7,42861.21,42837.27,42839.67,2.55015,109247.58
2024-01-05 22:40:00,42814.34,42824.42,42812.63,42817.88,18.30146,783629.75
2024-01-05 22:41:00,42764.37,42783.67,42736.16,42775.81,31.117471,1331075.0
2024-01-05 22:42:00,42749.54,42751.99,42736.8,42751.92,15.044197,643168.28
2024-01-05 22:43:00,42759.71,42759.98,42731.86,42749.69,3.626456,155029.88
2024-01-05 22:44:00,42773.26,42830.87,42766.3,42816.8,2.874906,123094.25
2024-01-05 22:45:00,42727.97,42763.97,42719.01,42720.09,20.215671,863615.31
2024-01-05 22:46:00,42727.43,42758.17,42715.1,42721.25,26.272701,1122402.51
2024-01-05 22:47:00,42753.73,42768.26,42749.1,42752.49,5.334298,228054.54
2024-01-05 22:48:00,42759.18,42764.81,42747.06,42762.16,21.306804,911125.04
2024-01-05 22:49:00,42776.33,42830.04,42761.71,42827.66,15.012122,642934.01
2024-01-05 22:50:00,42815.14,42837.4,42804.27,42823.94,6.588389,282140.77
2024-01-05 22:51:00,42850.5,42852.22,42812.21,42814.71,10.077169,431451.07
2024-01-05 22:52:00,42844.59,42846.89,42817.22,42844.33,0.933052,39975.97
2024-01-05 22:53:00,42843.15,42888.81,42841.86,42849.29,34.806764,1491445.27
2024-01-05 22:54:00,42830.11,42842.61,42810.18,42829.77,2.978345,127561.86
2024-01-05 22:55:00,42862.68,42873.85,42847.56,42855.58,40.177476,1721829.06
2024-01-05 22:56:00,42836.13,42845.95,42820.57,42822.95,12.628229,540778.06
2024-01-05 22:57:00,42787.82,42806.67,42765.21,42792.4,24.910261,1065969.74
2024-01-05 22:58:00,42774.49,42798.16,42765.19,42766.0,33.462372,1431051.66
2024-01-05 22:59:00,42867.18,42869.08,42832.62,42833.65,5.827857,249628.39
2024-01-05 23:00:00,42692.72,42736.33,42661.27,42672.6,36.672524,1564911.88
2024-01-05 23:01:00,42739.18,42756.41,42685.57,42692.38,34.612397,1477685.54
2024-01-05 23:02:00,42680.96,42720.49,42676.84,42694.09,13.326262,568952.64
2024-01-05 23:03:00,42643.57,42665.25,42608.62,42610.05,4.741371,202030.06
2024-01-05 23:04:00,42609.72,42632.84,42603.45,42625.53,1.654025,70503.71
2024-01-05 23:05:00,42656.39,42661.0,42624.26,42649.32,14.146999,603359.92
2024-01-05 23:06:00,42693.45,42722.71,42677.13,42678.8,31.74613,1354886.86
2024-01-05 23:07:00,42536.0,42557.32,42524.83,42546.21,21.383996,909808.03
2024-01-05 23:08:00,42616.29,42620.72,42600.53,42614.53,29.365691,1251405.2
2024-01-05 23:09:00,42595.85,42606.65,42574.38,42577.65,22.873493,973899.48
2024-01-05 23:10:00,42597.77,42617.23,42596.71,42611.97,28.777698,1226274.52
2024-01-05 23:11:00,42682.42,42701.9,42632.49,42649.03,35.223991,1502268.97
2024-01-05 23:12:00,42577.5,42613.32,42577.05,42605.19,7.851156,334500.02
2024-01-05 23:13:00,42677.01,42682.12,42633.89,42638.22,12.096256,515762.76
2024-01-05 23:14:00,42638.97,42650.06,42618.81,42618.94,13.997135,596543.09
2024-01-05 23:15:00,42513.58,42536.66,42506.19,42515.37,10.111404,429890.1
2024-01-05 23:16:00,42565.71,42586.36,42548.69,42573.76,18.945588,806584.91
2024-01-05 23:17:00,42524.87,42546.07,42520.59,42535.01,8.875326,377512.04
2024-01-05 23:18:00,42489.57,42493.12,42483.67,42492.28,8.02589,341038.37
2024-01-05 23:19:00,42471.16,42477.3,42469.31,42472.13,22.072176,937452.3
2024-01-05 23:20:00,42510.85,42515.55,42463.55,42485.74,0.276638,11753.17
2024-01-05 23:21:00,42522.25,42532.22,42468.69,42482.88,22.77686,967626.57
2024-01-05 23:22:00,42514.27,42530.33,42491.67,42510.28,14.50835,616754.04
2024-01-05 23:23:00,42426.39,42452.44,42395.91,42443.31,25.925975,1100384.11
2024-01-05 23:24:00,42395.27,42411.25,42371.58,42406.19,6.123472,259673.1
2024-01-05 23:25:00,42396.73,42409.67,42392.72,42400.39,15.432985,654364.53
2024-01-05 23:26:00,42474.68,42511.96,42468.55,42495.28,12.124066,515215.61
2024-01-05 23:27:00,42466.01,42499.57,42452.57,42489.59,19.067195,810157.3
2024-01-05 23:28:00,42585.79,42589.11,42543.53,42543.85,3.928344,167126.9
2024-01-05 23:29:00,42551.83,42553.75,42529.72,42545.78,19.323939,822152.06
2024-01-05 23:30:00,42504.93,42532.91,42483.22,42521.6,0.903994,38439.25
2024-01-05 23:31:00,42525.59,42532.05,42497.74,42509.26,21.12124,897848.31
2024-01-05 23:32:00,42477.27,42512.04,42462.49,42500.84,26.937994,1144887.38
2024-01-05 23:33:00,42509.1,42536.65,42505.59,42531.02,12.394501,527150.78
2024-01-05 23:34:00,42583.69,42601.36,42577.9,42599.75,0.409165,17430.34
2024-01-05 23:35:00,42650.83,42665.1,42617.68,42617.74,5.326104,226986.52
2024-01-05 23:36:00,42672.03,42688.44,42670.56,42677.09,15.285295,652331.94
2024-01-05 23:37:00,42580.02,42642.75,42559.81,42628.85,14.058369,599292.12
2024-01-05 23:38:00,42632.32,42632.64,42601.23,42608.12,22.459266,956947.07
2024-01-05 23:39:00,42565.78,42572.71,42552.91,42571.9,41.325381,1759300.16
2024-01-05 23:40:00,42550.64,42590.73,42539.83,42587.63,36.166211,1540233.1
2024-01-05 23:41:00,42563.34,42575.52,42557.52,42569.68,9.546407,406387.47
2024-01-05 23:42:00,42616.59,42628.92,42600.4,42606.17,14.242149,606803.4
2024-01-05 23:43:00,42567.7,42591.95,42551.9,42559.62,7.340273,312399.21
2024-01-05 23:44:00,42597.74,42618.79,42545.24,42561.77,34.359924,1462419.16
2024-01-05 23:45:00,42579.06,42603.49,42574.7,42596.11,4.183453,178198.84
2024-01-05 23:46:00,42493.78,42495.7,42486.01,42492.85,27.561619,1171171.66
2024-01-05 23:47:00,42584.94,42600.94,42570.66,42598.93,9.740647,414941.13
2024-01-05 23:48:00,42553.93,42601.2,42546.64,42584.77,7.880375,335583.96
2024-01-05 23:49:00,42501.23,42530.23,42470.8,42483.52,7.690226,326707.88
2024-01-05 23:50:00,42500.69,42503.09,42487.74,42491.42,29.300815,1245033.35
2024-01-05 23:51:00,42498.77,42501.12,42466.37,42493.1,8.088345,343698.8
2024-01-05 23:52:00,42497.54,42514.39,42455.77,42489.0,4.849752,206061.11
2024-01-05 23:53:00,42524.85,42560.21,42517.4,42538.56,38.523386,1638729.38
2024-01-05 23:54:00,42555.82,42602.54,42548.79,42575.93,11.747034,500140.93
2024-01-05 23:55:00,42591.58,42603.52,42586.79,42590.83,2.1146,90062.54
2024-01-05 23:56:00,42636.56,42667.92,42594.97,42613.33,18.806982,801428.22
2024-01-05 23:57:00,42640.28,42656.46,42595.04,42608.12,33.105582,1410566.48
2024-01-05 23:58:00,42712.8,42719.15,42671.65,42696.89,0.790759,33762.93
2024-01-05 23:59:00,42623.51,42627.29,42613.5,42622.93,3.232667,137785.73
2024-01-06 00:00:00,42635.31,42651.95,42611.43,42629.91,3.045309,129821.25
2024-01-06 00:01:00,42633.4,42649.46,42623.8,42633.16,29.011422,1236848.73
2024-01-06 00:02:00,42653.31,42686.13,42642.07,42673.83,19.332113,824975.26
2024-01-06 00:03:00,42632.13,42661.14,42627.49,42631.64,9.035644,385204.3
2024-01-06 00:04:00,42517.76,42556.07,42506.54,42544.45,22.320334,949606.4
2024-01-06 00:05:00,42549.81,42564.45,42532.24,42552.29,39.984889,1701448.74
2024-01-06 00:06:00,42599.08,42599.31,42561.05,42566.35,20.826135,886492.64
2024-01-06 00:07:00,42657.29,42672.33,42636.18,42640.83,16.861969,719008.43
2024-01-06 00:08:00,42558.85,42597.88,42553.72,42577.32,26.297792,1119689.43
2024-01-06 00:09:00,42633.6,42635.49,42614.52,42635.05,3.660558,156068.07
2024-01-06 00:10:00,42736.73,42759.19,42724.98,42753.42,33.277209,1422714.56
2024-01-06 00:11:00,42733.28,42748.09,42713.73,42734.53,11.410426,487619.24
2024-01-06 00:12:00,42690.81,42716.06,42645.02,42669.99,1.039534,44356.9
2024-01-06 00:13:00,42662.7,42665.19,42639.67,42649.64,65.221119,2781657.14
2024-01-06 00:14:00,42700.02,42701.23,42634.86,42650.34,16.517958,704496.48
2024-01-06 00:15:00,42702.38,42708.48,42669.82,42678.53,4.840121,206569.24
2024-01-06 00:16:00,42653.04,42671.03,42647.08,42648.96,0.458828,19568.52
2024-01-06 00:17:00,42740.26,42743.25,42719.61,42726.72,17.461192,746059.44
2024-01-06 00:18:00,42666.94,42682.41,42655.11,42670.99,23.698166,1011224.22
2024-01-06 00:19:00,42561.48,42589.34,42531.79,42584.03,33.11523,1410179.99
2024-01-06 00:20:00,42665.48,42668.79,42627.48,42639.37,34.678711,1478678.28
2024-01-06 00:21:00,42545.82,42559.76,42524.28,42525.64,9.960943,423595.45
2024-01-06 00:22:00,42510.61,42520.61,42503.28,42515.43,6.923132,294339.93
2024-01-06 00:23:00,42676.79,42691.21,42663.78,42671.31,11.511385,491205.93
2024-01-06 00:24:00,42695.53,42710.37,42664.92,42670.71,24.069171,1027048.64
2024-01-06 00:25:00,42631.6,42633.83,42614.24,42614.67,5.904327,251610.96
2024-01-06 00:26:00,42582.54,42625.41,42581.85,42611.8,8.563222,364894.33
2024-01-06 00:27:00,42614.14,42638.73,42598.09,42609.26,6.996948,298134.8
2024-01-06 00:28:00,42613.94,42643.95,42611.55,42617.3,0.689807,29397.71
2024-01-06 00:29:00,42672.67,42673.05,42621.77,42650.41,4.530017,193207.07
2024-01-06 00:30:00,42619.07,42626.42,42577.57,42598.45,19.286006,821554.02
2024-01-06 00:31:00,42709.2,42713.64,42666.57,42682.83,10.13739,432692.52
2024-01-06 00:32:00,42672.73,42710.23,42665.88,42695.09,12.845673,548447.13
2024-01-06 00:33:00,42715.74,42741.26,42707.39,42731.43,29.100935,1243524.44
2024-01-06 00:34:00,42722.3,42737.08,42674.96,42700.02,17.345853,740668.22
2024-01-06 00:35:00,42752.5,42779.56,42737.29,42764.34,24.258173,1037384.71
2024-01-06 00:36:00,42721.06,42756.17,42701.42,42751.48,5.096986,217903.71
2024-01-06 00:37:00,42776.01,42790.87,42736.29,42765.36,4.995607,213638.96
2024-01-06 00:38:00,42707.76,42720.86,42707.5,42718.71,11.45574,489374.42
2024-01-06 00:39:00,42704.66,42728.33,42665.18,42668.86,13.62642,581423.82
2024-01-06 00:40:00,42709.19,42724.9,42699.65,42703.27,27.861609,1189781.84
2024-01-06 00:41:00,42684.3,42694.67,42676.45,42681.09,44.294757,1890548.52
2024-01-06 00:42:00,42631.01,42643.63,42629.25,42638.4,9.567032,407922.94
2024-01-06 00:43:00,42638.06,42639.83,42587.71,42606.24,16.320208,695342.71
2024-01-06 00:44:00,42648.36,42664.34,42628.21,42641.19,32.30282,1377430.61
2024-01-06 00:45:00,42601.57,42627.77,42597.82,42609.74,1.302201,55486.44
2024-01-06 00:46:00,42587.97,42610.07,42582.54,42603.85,3.91993,167004.12
2024-01-06 00:47:00,42603.13,42612.45,42598.95,42604.6,7.162094,305138.17
2024-01-06 00:48:00,42489.18,42514.07,42484.26,42508.74,3.150016,133903.22
2024-01-06 00:49:00,42455.76,42467.35,42427.31,42435.18,1.154302,48983.02
2024-01-06 00:50:00,42415.83,42474.2,42391.98,42451.99,19.098659,810776.18
2024-01-06 00:51:00,42412.35,42415.23,42391.45,42415.14,0.254641,10800.62
2024-01-06 00:52:00,42480.18,42493.22,42446.32,42467.98,10.833629,460082.32
2024-01-06 00:53:00,42523.16,42550.98,42512.33,42516.32,25.766667,1095503.85
2024-01-06 00:54:00,42537.93,42553.24,42532.95,42552.28,16.606594,706648.4
2024-01-06 00:55:00,42656.47,42674.71,42641.41,42643.27,16.634,709328.11
2024-01-06 00:56:00,42621.39,42648.74,42621.03,42639.11,29.535728,1259377.21
2024-01-06 00:57:00,42671.11,42709.13,42661.78,42671.56,6.525583,278456.76
2024-01-06 00:58:00,42655.37,42676.26,42638.04,42642.34,15.39578,656512.05
2024-01-06 00:59:00,42774.21,42779.55,42746.83,42764.95,31.404396,1343007.56
2024-01-06 01:00:00,42850.64,42876.24,42838.79,42864.14,7.923221,339622.03
2024-01-06 01:01:00,42888.68,42893.6,42862.32,42864.73,30.583425,1310950.27
2024-01-06 01:02:00,42885.79,42901.43,42865.24,42884.06,3.813851,163553.43
2024-01-06 01:03:00,42966.88,42983.94,42951.47,42952.02,29.130417,1251210.37
2024-01-06 01:04:00,42975.25,42997.9,42943.76,42944.67,9.061394,389138.56
2024-01-06 01:05:00,42934.19,42961.32,42906.47,42911.84,0.698016,29953.15
2024-01-06 01:06:00,42977.94,42986.82,42952.4,42955.54,5.593901,240289.03
2024-01-06 01:07:00,42963.31,42979.32,42935.24,42959.46,6.192927,266044.81
2024-01-06 01:08:00,42984.49,42989.83,42954.31,42968.61,10.970046,471367.6
2024-01-06 01:09:00,42931.17,42952.37,42909.75,42926.89,19.662485,844049.41
2024-01-06 01:10:00,42816.82,42854.93,42803.63,42841.01,1.183062,50683.57
2024-01-06 01:11:00,42858.87,42882.14,42818.23,42852.82,4.591824,196772.61
2024-01-06 01:12:00,42903.19,42924.59,42884.85,42898.07,32.329627,1386878.46
2024-01-06 01:13:00,42898.45,42932.66,42883.25,42886.78,11.325243,485703.17
2024-01-06 01:14:00,42956.04,42967.17,42945.64,42958.6,13.434302,577118.75
2024-01-06 01:15:00,42908.17,42947.11,42904.85,42923.4,4.633638,198891.52
2024-01-06 01:16:00,42883.8,42888.38,42861.54,42870.67,24.269856,1040464.89
2024-01-06 01:17:00,42841.04,42879.3,42836.8,42867.3,1.523674,65315.8
2024-01-06 01:18:00,42892.35,42913.28,42853.2,42863.17,11.862138,508448.89
2024-01-06 01:19:00,42897.04,42922.52,42878.69,42901.67,11.64658,499657.78
2024-01-06 01:20:00,42867.84,42876.6,42858.85,42862.92,5.797763,248509.1
2024-01-06 01:21:00,42942.5,42955.36,42904.42,42931.33,19.562897,839861.16
2024-01-06 01:22:00,43041.49,43042.71,43025.83,43029.68,17.259323,742663.06
2024-01-06 01:23:00,42999.54,43047.23,42994.68,43027.72,12.947605,557105.89
2024-01-06 01:24:00,43106.69,43110.27,43086.77,43090.2,45.699371,1969195.21
2024-01-06 01:25:00,43043.44,43055.75,43032.7,43037.38,7.541023,324545.87
2024-01-06 01:26:00,43078.43,43107.38,43071.01,43091.14,43.275504,1864790.8
2024-01-06 01:27:00,43128.51,43152.06,43124.52,43143.5,17.611095,759804.35
2024-01-06 01:28:00,43179.99,43212.81,43176.42,43186.68,41.965453,1812348.41
2024-01-06 01:29:00,43159.92,43206.91,43155.93,43185.9,30.7966,1329978.83
2024-01-06 01:30:00,43072.63,43075.38,43036.46,43038.19,11.141248,479499.11
2024-01-06 01:31:00,43035.82,43036.26,42997.49,43006.1,7.076362,304326.7
2024-01-06 01:32:00,42983.84,43000.25,42958.6,42974.8,8.307005,356991.89
2024-01-06 01:33:00,42921.42,42938.96,42898.54,42925.89,20.034887,860015.35
2024-01-06 01:34:00,42928.06,42943.43,42908.73,42932.0,1.303103,55944.82
2024-01-06 01:35:00,42926.22,42932.96,42908.59,42911.05,8.102169,347672.61
2024-01-06 01:36:00,42904.98,42921.67,42862.8,42869.82,10.667463,457312.27
2024-01-06 01:37:00,42805.48,42838.85,42791.59,42816.88,49.319115,2111690.81
2024-01-06 01:38:00,42758.76,42789.79,42758.57,42781.11,20.186061,863582.06
2024-01-06 01:39:00,42868.14,42874.02,42836.39,42837.18,23.562053,1009331.95
2024-01-06 01:40:00,42768.39,42815.54,42760.96,42804.13,17.348612,742592.27
2024-01-06 01:41:00,42758.21,42797.61,42753.75,42778.38,15.934341,681645.39
2024-01-06 01:42:00,42750.61,42767.17,42725.45,42755.55,40.229043,1720014.87
2024-01-06 01:43:00,42741.29,42785.45,42733.64,42772.5,7.418922,317325.84
2024-01-06 01:44:00,42817.55,42848.72,42781.34,42795.31,8.107374,346957.58
2024-01-06 01:45:00,42660.22,42664.82,42639.77,42643.08,4.742998,202256.03
2024-01-06 01:46:00,42682.66,42708.63,42680.82,42694.16,29.974758,1279747.16
2024-01-06 01:47:00,42791.57,42809.09,42753.8,42765.98,17.458763,746641.09
2024-01-06 01:48:00,42742.46,42743.83,42702.8,42713.47,2.583785,110362.44
2024-01-06 01:49:00,42662.59,42672.65,42643.86,42664.86,30.193047,1288181.99
2024-01-06 01:50:00,42633.33,42648.99,42631.41,42642.34,6.796237,289807.47
2024-01-06 01:51:00,42649.73,42655.27,42597.43,42604.54,6.237194,265732.81
2024-01-06 01:52:00,42630.16,42639.15,42613.78,42615.74,3.696647,157535.32
2024-01-06 01:53:00,42523.54,42526.25,42512.73,42518.41,11.013378,468271.33
2024-01-06 01:54:00,42489.79,42511.73,42461.2,42462.52,22.919332,973212.5
2024-01-06 01:55:00,42545.51,42553.12,42505.77,42539.48,28.142986,1197187.88
2024-01-06 01:56:00,42482.95,42497.34,42463.29,42493.06,16.970642,721134.58
2024-01-06 01:57:00,42556.84,42578.59,42540.61,42555.24,33.155412,1410936.39
2024-01-06 01:58:00,42593.78,42614.47,42569.34,42573.0,2.792037,118865.4
2024-01-06 01:59:00,42442.7,42490.55,42439.85,42482.54,16.903745,718114.03
2024-01-06 02:00:00,42508.55,42535.01,42508.49,42514.31,29.073012,1236018.93
2024-01-06 02:01:00,42536.08,42548.34,42496.04,42508.42,8.368302,355723.33
2024-01-06 02:02:00,42475.41,42494.11,42468.41,42485.65,19.142917,813299.24
2024-01-06 02:03:00,42528.82,42537.29,42492.96,42497.9,13.497575,573618.56
2024-01-06 02:04:00,42549.92,42554.32,42515.16,42521.63,13.788713,586318.52
2024-01-06 02:05:00,42555.7,42571.65,42522.87,42557.01,0.447155,19029.56
2024-01-06 02:06:00,42604.55,42632.84,42597.38,42615.92,8.220878,350340.29
2024-01-06 02:07:00,42630.58,42652.01,42605.52,42636.33,0.151027,6439.24
2024-01-06 02:08:00,42620.84,42630.13,42554.64,42567.55,18.023102,767199.22
2024-01-06 02:09:00,42581.35,42582.02,42536.53,42543.86,41.222146,1753749.37
2024-01-06 02:10:00,42693.52,42707.59,42688.35,42691.02,10.607895,452861.81
2024-01-06 02:11:00,42715.08,42731.38,42713.19,42727.24,41.402013,1768993.78
2024-01-06 02:12:00,42848.05,42858.91,42845.62,42845.71,12.336083,528548.16
2024-01-06 02:13:00,42920.35,42938.21,42906.14,42915.48,0.786072,33734.67
2024-01-06 02:14:00,42902.7,42932.33,42889.14,42927.57,10.041625,431062.55
2024-01-06 02:15:00,42944.24,42954.5,42930.0,42942.64,38.949818,1672607.93
2024-01-06 02:16:00,42967.26,42973.52,42936.05,42940.81,41.260659,1771766.07
2024-01-06 02:17:00,42817.93,42864.96,42806.59,42853.92,0.381351,16342.39
2024-01-06 02:18:00,42871.35,42901.68,42834.06,42854.82,6.291167,269606.83
2024-01-06 02:19:00,42942.85,42942.91,42900.78,42915.35,8.192704,351592.8
2024-01-06 02:20:00,42874.16,42887.74,42865.57,42885.37,32.30804,1385542.31
2024-01-06 02:21:00,42939.85,42950.67,42896.4,42905.97,11.01748,472715.67
2024-01-06 02:22:00,42934.74,42966.78,42922.96,42948.55,14.665917,629879.88
2024-01-06 02:23:00,42911.89,42928.34,42885.99,42903.07,32.122557,1378156.18
2024-01-06 02:24:00,42874.36,42889.62,42855.85,42880.5,28.896384,1239091.4
2024-01-06 02:25:00,42823.46,42857.06,42823.44,42829.6,29.669515,1270733.6
2024-01-06 02:26:00,42776.15,42793.19,42765.24,42788.5,22.440845,960210.03
2024-01-06 02:27:00,42738.09,42753.65,42706.13,42724.12,37.041933,1582583.86
2024-01-06 02:28:00,42696.07,42733.52,42670.41,42679.09,14.30098,610352.89
2024-01-06 02:29:00,42748.78,42767.69,42747.36,42750.07,54.985253,2350623.24
2024-01-06 02:30:00,42677.09,42708.7,42673.12,42704.29,31.207183,1332680.69
2024-01-06 02:31:00,42718.68,42749.14,42689.56,42710.62,6.793833,290168.79
2024-01-06 02:32:00,42693.91,42702.93,42669.13,42685.47,32.194295,1374228.68
2024-01-06 02:33:00,42740.08,42749.11,42729.65,42744.42,3.051072,130416.29
2024-01-06 02:34:00,42847.32,42862.18,42797.82,42809.97,19.496511,834645.1
2024-01-06 02:35:00,42821.9,42853.42,42812.97,42853.18,21.839497,935891.85
2024-01-06 02:36:00,42824.14,42880.58,42812.75,42868.48,27.243033,1167867.51
2024-01-06 02:37:00,42842.31,42888.48,42831.21,42856.93,0.806507,34564.42
2024-01-06 02:38:00,42811.55,42830.65,42790.56,42797.34,27.667669,1184102.55
2024-01-06 02:39:00,42873.4,42899.54,42850.25,42894.51,1.161963,49841.84
2024-01-06 02:40:00,42836.91,42856.89,42831.12,42856.53,24.619476,1055105.32
2024-01-06 02:41:00,42908.73,42909.61,42875.04,42889.71,9.642422,413560.71
2024-01-06 02:42:00,42951.94,42965.28,42934.8,42942.69,26.479196,1137087.91
2024-01-06 02:43:00,42922.47,42929.63,42898.46,42914.93,4.735188,203210.23
2024-01-06 02:44:00,42982.46,42992.91,42960.54,42966.83,26.962452,1158491.01
2024-01-06 02:45:00,42996.53,43025.89,42992.93,43005.04,3.926991,168880.41
2024-01-06 02:46:00,43083.86,43093.61,43078.36,43091.44,34.270957,1476784.75
2024-01-06 02:47:00,43084.16,43088.77,43054.63,43067.97,14.265854,614401.33
2024-01-06 02:48:00,42976.78,43025.61,42963.24,43003.68,23.922754,1028766.33
2024-01-06 02:49:00,42935.55,42981.02,42913.39,42978.4,9.049354,388926.77
2024-01-06 02:50:00,42980.18,42998.88,42960.3,42988.84,5.064296,217708.21
2024-01-06 02:51:00,43010.37,43023.16,42956.11,42991.75,13.566113,583231.01
2024-01-06 02:52:00,42977.19,42985.64,42966.75,42972.08,14.200407,610221.06
2024-01-06 02:53:00,42893.77,42906.09,42874.72,42876.62,10.177937,436395.56
2024-01-06 02:54:00,42859.82,42905.37,42841.23,42900.15,2.721218,116740.65
2024-01-06 02:55:00,43005.07,43010.05,42997.76,42998.76,7.186642,309016.74
2024-01-06 02:56:00,43035.05,43053.47,43021.92,43021.98,2.685495,115535.28
2024-01-06 02:57:00,43025.42,43055.48,42996.96,43052.43,30.555796,1315501.38
2024-01-06 02:58:00,43098.3,43109.2,43060.74,43081.06,41.803065,1800920.16
2024-01-06 02:59:00,43098.68,43108.31,43086.84,43100.91,6.43249,277246.14
2024-01-06 03:00:00,43208.92,43213.94,43141.22,43147.49,2.744428,118415.18
2024-01-06 03:01:00,43123.72,43186.81,43099.42,43167.26,9.82978,424324.65
2024-01-06 03:02:00,43179.01,43184.42,43146.03,43151.63,0.885495,38210.57
2024-01-06 03:03:00,43103.94,43113.55,43098.21,43111.83,30.477623,1313945.98
2024-01-06 03:04:00,43067.03,43119.83,43052.61,43099.38,4.845743,208848.52
2024-01-06 03:05:00,43104.55,43126.57,43094.15,43115.08,12.658925,545790.64
2024-01-06 03:06:00,43104.83,43109.85,43074.03,43099.28,27.845116,1200104.47
2024-01-06 03:07:00,43135.75,43151.66,43104.6,43115.0,11.040051,475991.76
2024-01-06 03:08:00,43171.39,43191.22,43126.6,43136.95,15.384191,663627.13
2024-01-06 03:09:00,43207.05,43219.62,43175.36,43178.61,1.468313,63399.74
2024-01-06 03:10:00,43223.45,43254.56,43206.98,43242.75,7.517658,325084.22
2024-01-06 03:11:00,43269.26,43272.06,43239.88,43246.65,22.931244,991699.55
2024-01-06 03:12:00,43189.09,43189.55,43170.85,43181.26,4.236186,182923.85
2024-01-06 03:13:00,43150.92,43186.3,43142.09,43164.01,8.634666,372706.79
2024-01-06 03:14:00,43161.97,43200.12,43161.93,43166.21,50.244079,2168846.6
2024-01-06 03:15:00,43060.23,43077.37,43045.63,43074.42,17.422039,750444.31
2024-01-06 03:16:00,43144.6,43160.81,43123.03,43143.86,13.154781,567548.02
2024-01-06 03:17:00,43136.38,43180.4,43115.12,43150.98,43.812559,1890554.72
2024-01-06 03:18:00,43149.48,43187.97,43145.13,43170.04,21.756962,939249.0
2024-01-06 03:19:00,43247.9,43248.16,43234.73,43238.32,24.577899,1062707.06
2024-01-06 03:20:00,43219.39,43230.27,43190.97,43206.81,1.862084,80454.73
2024-01-06 03:21:00,43231.76,43248.96,43215.7,43235.52,15.30949,661913.69
2024-01-06 03:22:00,43257.38,43260.58,43217.68,43230.02,15.232951,658520.81
2024-01-06 03:23:00,43215.61,43225.69,43203.4,43220.82,46.443981,2007346.86
2024-01-06 03:24:00,43176.15,43187.01,43165.85,43182.21,40.260641,1738543.37
2024-01-06 03:25:00,43278.7,43280.18,43258.63,43265.49,23.156816,1001890.95
2024-01-06 03:26:00,43244.06,43252.99,43226.43,43246.71,3.73209,161400.64
2024-01-06 03:27:00,43283.38,43296.15,43272.3,43281.69,21.01268,909464.24
2024-01-06 03:28:00,43137.53,43202.77,43121.92,43187.94,6.444946,278343.9
2024-01-06 03:29:00,43247.27,43256.63,43231.81,43246.94,14.354232,620776.55
2024-01-06 03:30:00,43263.0,43305.3,43252.2,43299.55,0.579777,25104.06
2024-01-06 03:31:00,43280.0,43310.86,43266.41,43304.42,30.041114,1300912.94
2024-01-06 03:32:00,43266.36,43297.85,43240.05,43293.07,19.783761,856499.79
2024-01-06 03:33:00,43292.22,43326.47,43285.72,43313.07,7.424829,321592.13
2024-01-06 03:34:00,43416.53,43438.84,43412.66,43427.51,5.333771,231632.4
2024-01-06 03:35:00,43329.62,43347.41,43315.09,43339.35,29.825751,1292628.63
2024-01-06 03:36:00,43391.74,43394.41,43374.59,43378.45,20.852219,904536.96
2024-01-06 03:37:00,43337.32,43343.79,43327.19,43332.87,6.620111,286868.41
2024-01-06 03:38:00,43293.85,43337.97,43281.62,43331.87,27.084194,1173608.88
2024-01-06 03:39:00,43321.15,43324.17,43304.62,43319.48,22.455269,972750.56
2024-01-06 03:40:00,43304.43,43322.91,43290.61,43298.06,25.729899,1114054.8
2024-01-06 03:41:00,43290.97,43298.13,43283.57,43297.54,7.703403,333538.41
2024-01-06 03:42:00,43239.61,43254.21,43225.98,43240.83,29.658021,1282437.48
2024-01-06 03:43:00,43296.1,43309.24,43285.6,43292.29,7.748732,335460.36
2024-01-06 03:44:00,43217.88,43223.59,43202.57,43202.58,8.384239,362220.78
2024-01-06 03:45:00,43198.07,43245.53,43189.01,43229.57,1.889926,81700.7
2024-01-06 03:46:00,43208.36,43241.83,43200.35,43213.24,20.778314,897898.36
2024-01-06 03:47:00,43184.87,43189.61,43139.79,43154.7,4.467834,192808.05
2024-01-06 03:48:00,43193.15,43203.52,43160.34,43164.82,15.95272,688596.25
2024-01-06 03:49:00,43103.99,43137.93,43077.15,43086.97,5.944635,256136.32
2024-01-06 03:50:00,43099.69,43118.56,43085.0,43088.96,14.40752,620805.0
2024-01-06 03:51:00,43050.9,43052.27,43011.98,43017.81,2.235127,96150.28
2024-01-06 03:52:00,43079.23,43094.33,43024.31,43040.88,21.920347,943470.91
2024-01-06 03:53:00,42992.08,43025.25,42985.98,42994.66,25.128365,1080385.43
2024-01-06 03:54:00,42952.72,42981.08,42930.57,42972.11,3.20622,137778.02
2024-01-06 03:55:00,42981.4,43001.29,42948.52,42986.81,29.152365,1253167.02
2024-01-06 03:56:00,43010.11,43010.55,42940.51,42948.18,31.434209,1350042.03
2024-01-06 03:57:00,42913.89,42960.33,42898.15,42945.28,3.640514,156342.88
2024-01-06 03:58:00,42860.18,42877.37,42857.16,42869.59,54.264478,2326295.83
2024-01-06 03:59:00,42872.88,42904.95,42869.25,42901.13,11.032172,473292.69
2024-01-06 04:00:00,42991.87,43001.44,42971.89,42989.38,5.430597,233457.99
2024-01-06 04:01:00,43104.93,43139.06,43092.28,43128.99,13.405754,578176.61
2024-01-06 04:02:00,43131.37,43144.22,43130.64,43133.55,18.661718,804946.08
2024-01-06 04:03:00,43133.96,43173.03,43126.9,43172.96,66.024415,2850469.21
2024-01-06 04:04:00,43096.28,43123.66,43082.57,43083.93,46.874821,2019551.29
2024-01-06 04:05:00,43183.51,43209.23,43157.11,43159.06,26.927875,1162181.86
2024-01-06 04:06:00,43190.2,43201.06,43176.89,43197.87,2.149809,92867.17
2024-01-06 04:07:00,43170.97,43214.32,43168.68,43173.68,6.64134,286731.09
2024-01-06 04:08:00,43232.27,43245.32,43225.97,43235.54,32.320928,1397412.64
2024-01-06 04:09:00,43226.43,43229.58,43212.23,43222.81,24.990125,1080143.5
2024-01-06 04:10:00,43199.15,43206.63,43197.13,43199.91,11.658348,503639.59
2024-01-06 04:11:00,43239.04,43269.33,43218.23,43223.68,12.838248,554916.31
2024-01-06 04:12:00,43195.17,43210.56,43166.75,43170.51,31.114016,1343207.96
2024-01-06 04:13:00,43205.31,43260.1,43203.78,43221.59,36.067605,1558899.31
2024-01-06 04:14:00,43162.61,43200.13,43156.44,43168.79,20.014758,864012.91
2024-01-06 04:15:00,43134.32,43138.63,43112.66,43116.29,14.540594,626936.47
2024-01-06 04:16:00,43042.37,43072.38,43040.91,43070.8,21.563465,928755.77
2024-01-06 04:17:00,43069.37,43121.91,43066.87,43108.78,0.643124,27724.31
2024-01-06 04:18:00,43082.47,43114.06,43060.2,43077.94,35.580415,1532731.0
2024-01-06 04:19:00,43020.47,43026.21,42992.47,43010.54,4.229585,181916.75
2024-01-06 04:20:00,42965.81,43012.38,42961.03,42980.26,36.135802,1553126.05
2024-01-06 04:21:00,42967.08,42981.21,42962.01,42978.66,2.633153,113169.37
2024-01-06 04:22:00,42904.4,42926.38,42880.66,42919.61,15.187493,651841.24
2024-01-06 04:23:00,42844.68,42866.95,42823.95,42862.02,14.745236,632010.62
2024-01-06 04:24:00,42981.46,42999.76,42963.76,42967.59,43.252534,1858457.03
2024-01-06 04:25:00,42900.95,42930.89,42886.6,42924.56,24.819941,1065385.01
2024-01-06 04:26:00,42903.1,42920.68,42886.3,42908.41,0.847094,36347.45
2024-01-06 04:27:00,42871.94,42908.51,42865.75,42890.05,4.554908,195360.2
2024-01-06 04:28:00,42839.87,42873.24,42806.38,42868.98,4.476615,191907.91
2024-01-06 04:29:00,42917.45,42927.0,42897.83,42900.04,10.369948,444871.25
2024-01-06 04:30:00,42937.06,42948.77,42933.88,42947.45,8.891022,381846.73
2024-01-06 04:31:00,42935.92,42940.66,42915.85,42932.15,8.373369,359486.75
2024-01-06 04:32:00,42840.17,42887.31,42813.32,42870.33,37.361495,1601699.61
2024-01-06 04:33:00,42919.21,42947.23,42912.29,42934.05,36.473001,1565933.74
2024-01-06 04:34:00,42944.41,42970.38,42910.55,42929.28,21.297013,914265.53
2024-01-06 04:35:00,43067.55,43087.91,42984.88,43015.8,24.463905,1052334.45
2024-01-06 04:36:00,42864.0,42918.43,42860.05,42903.52,1.862631,79913.43
2024-01-06 04:37:00,42909.27,42927.84,42889.0,42913.29,25.582094,1097811.85
2024-01-06 04:38:00,43017.47,43023.44,43008.75,43009.22,15.267751,656654.09
2024-01-06 04:39:00,42979.24,42995.98,42967.96,42991.56,17.024178,731895.97
2024-01-06 04:40:00,42997.27,43009.64,42979.49,42980.28,9.242339,397238.38
2024-01-06 04:41:00,42977.73,42998.52,42962.64,42995.06,24.418768,1049886.4
2024-01-06 04:42:00,42970.2,43011.66,42936.55,42967.12,33.400659,1435130.14
2024-01-06 04:43:00,42941.08,42979.99,42927.75,42951.52,1.56078,67037.88
2024-01-06 04:44:00,42959.01,42963.74,42924.59,42934.63,0.365556,15695.01
2024-01-06 04:45:00,42889.73,42910.04,42887.42,42903.25,30.331116,1301303.61
2024-01-06 04:46:00,42957.66,43011.68,42951.52,42964.7,18.217586,782713.06
2024-01-06 04:47:00,43006.67,43022.85,42983.26,42987.75,9.151585,393406.06
2024-01-06 04:48:00,42979.72,43001.11,42975.48,43000.28,0.10824,4654.36
2024-01-06 04:49:00,43042.09,43042.42,43022.5,43040.71,21.392416,920744.79
2024-01-06 04:50:00,42991.04,43027.53,42983.03,43027.49,1.343749,57818.16
2024-01-06 04:51:00,42967.02,43014.86,42941.5,42988.78,5.432645,233542.81
2024-01-06 04:52:00,42966.29,42973.74,42921.38,42958.65,13.529915,581226.89
2024-01-06 04:53:00,42938.93,42973.3,42928.85,42958.74,32.851207,1411246.49
2024-01-06 04:54:00,42894.89,42927.32,42889.02,42905.78,41.051915,1761364.47
2024-01-06 04:55:00,42890.63,42912.47,42862.94,42880.77,14.237864,610530.56
2024-01-06 04:56:00,42843.38,42855.85,42829.37,42854.96,0.277034,11872.27
2024-01-06 04:57:00,42977.65,43010.89,42953.81,42961.19,28.708995,1233372.58
2024-01-06 04:58:00,42826.81,42859.13,42815.34,42822.5,21.773019,932375.06
2024-01-06 04:59:00,42822.23,42834.82,42803.51,42813.52,1.124609,48148.46
2024-01-06 05:00:00,42924.62,42935.1,42883.46,42899.8,33.022867,1416674.5
2024-01-06 05:01:00,42912.29,42934.28,42880.09,42905.89,1.510863,64824.92
2024-01-06 05:02:00,42974.34,42974.95,42940.2,42943.57,15.722547,675182.22
2024-01-06 05:03:00,42966.78,42986.17,42944.08,42948.56,8.684162,372972.22
2024-01-06 05:04:00,42904.72,42920.89,42900.73,42915.19,31.686881,1359848.52
2024-01-06 05:05:00,42828.96,42838.05,42802.4,42803.09,12.055367,516007.03
2024-01-06 05:06:00,42818.64,42829.53,42795.58,42813.37,13.452694,575955.11
2024-01-06 05:07:00,42766.69,42786.49,42763.52,42774.59,1.937512,82876.27
2024-01-06 05:08:00,42740.14,42767.45,42734.53,42734.57,33.9263,1449825.87
2024-01-06 05:09:00,42731.87,42736.9,42704.89,42709.62,15.47649,660995.02
2024-01-06 05:10:00,42805.96,42809.9,42794.19,42796.86,9.622405,411808.77
2024-01-06 05:11:00,42953.55,42965.21,42896.32,42917.11,7.391738,317231.99
2024-01-06 05:12:00,42949.7,42952.92,42924.75,42927.97,31.597544,1356418.3
2024-01-06 05:13:00,42915.19,42945.58,42901.35,42904.73,30.293354,1299728.1
2024-01-06 05:14:00,42825.35,42848.51,42819.87,42845.87,18.023568,772235.38
2024-01-06 05:15:00,42865.7,42884.17,42863.71,42869.29,28.798563,1234574.06
2024-01-06 05:16:00,42959.87,42964.73,42910.74,42958.44,20.328456,873278.74
2024-01-06 05:17:00,42960.0,42973.63,42927.95,42946.07,41.859717,1797710.4
2024-01-06 05:18:00,42839.87,42850.63,42813.61,42827.12,8.61737,369057.16
2024-01-06 05:19:00,42864.02,42865.35,42840.56,42860.62,32.704654,1401741.91
2024-01-06 05:20:00,42912.3,42924.78,42899.76,42909.89,19.37866,831536.24
2024-01-06 05:21:00,42845.01,42850.31,42808.87,42830.6,12.277953,525872.12
2024-01-06 05:22:00,42822.25,42851.32,42804.93,42839.43,30.411953,1302830.63
2024-01-06 05:23:00,42895.9,42912.01,42854.81,42861.99,26.188426,1122487.98
2024-01-06 05:24:00,42817.39,42871.4,42810.01,42858.33,2.998528,128511.92
2024-01-06 05:25:00,42847.9,42857.28,42812.64,42818.79,15.790238,676118.95
2024-01-06 05:26:00,42868.69,42888.81,42867.93,42869.59,52.155082,2235867.01
2024-01-06 05:27:00,42869.47,42875.24,42845.17,42849.42,0.339223,14535.49
2024-01-06 05:28:00,42782.44,42799.78,42769.33,42775.16,24.523372,1048991.21
2024-01-06 05:29:00,42679.61,42685.57,42665.29,42672.69,11.897599,507702.56
2024-01-06 05:30:00,42746.82,42759.6,42708.97,42735.73,1.406177,60094.01
2024-01-06 05:31:00,42782.75,42795.3,42752.65,42766.56,26.211268,1120965.87
2024-01-06 05:32:00,42764.39,42774.18,42748.67,42770.96,15.133624,647279.67
2024-01-06 05:33:00,42769.65,42790.77,42724.89,42748.95,5.975248,255435.59
2024-01-06 05:34:00,42700.81,42748.17,42695.27,42722.5,44.049931,1881923.16
2024-01-06 05:35:00,42668.61,42698.92,42666.01,42668.71,8.436252,359964.0
2024-01-06 05:36:00,42663.86,42669.18,42641.83,42647.14,7.080416,301959.48
2024-01-06 05:37:00,42561.04,42575.01,42533.32,42541.14,19.83545,843822.58
2024-01-06 05:38:00,42513.55,42523.67,42492.99,42504.33,7.430152,315813.64
2024-01-06 05:39:00,42480.92,42517.64,42474.81,42488.79,20.184605,857619.34
2024-01-06 05:40:00,42537.21,42547.04,42504.59,42519.28,31.493509,1339081.31
2024-01-06 05:41:00,42503.9,42561.7,42495.2,42517.28,7.707959,327721.48
2024-01-06 05:42:00,42592.06,42612.73,42553.7,42557.03,3.705189,157681.85
2024-01-06 05:43:00,42622.79,42644.0,42589.94,42624.49,3.751197,159892.85
2024-01-06 05:44:00,42646.6,42690.79,42646.48,42677.39,43.568162,1859375.65
2024-01-06 05:45:00,42677.03,42702.74,42671.28,42700.92,30.122473,1286257.32
2024-01-06 05:46:00,42702.39,42717.79,42700.09,42701.51,15.291807,652983.28
2024-01-06 05:47:00,42655.27,42666.55,42651.74,42652.47,6.471474,276024.36
2024-01-06 05:48:00,42728.86,42738.17,42689.19,42689.47,23.335805,996193.17
2024-01-06 05:49:00,42752.69,42792.05,42746.17,42773.46,32.180787,1376483.53
2024-01-06 05:50:00,42791.35,42808.35,42787.9,42790.56,1.248066,53405.46
2024-01-06 05:51:00,42865.24,42892.4,42855.91,42886.43,21.304864,913689.5
2024-01-06 05:52:00,42800.29,42814.71,42794.0,42810.15,9.772135,418346.55
2024-01-06 05:53:00,42786.12,42801.27,42739.91,42752.44,22.297968,953292.55
2024-01-06 05:54:00,42772.47,42808.71,42761.76,42795.2,35.370862,1513703.11
2024-01-06 05:55:00,42820.16,42830.96,42795.21,42808.41,31.571672,1351533.2
2024-01-06 05:56:00,42881.96,42890.69,42859.65,42874.1,25.280671,1083886.12
2024-01-06 05:57:00,42872.85,42885.35,42866.12,42873.33,16.296944,698704.25
2024-01-06 05:58:00,42840.32,42861.75,42821.12,42829.93,13.949575,597459.34
2024-01-06 05:59:00,42796.05,42826.29,42780.37,42819.25,27.379282,1172360.35
2024-01-06 06:00:00,42775.74,42777.7,42716.86,42742.62,54.099977,2312374.61
2024-01-06 06:01:00,42724.68,42733.31,42671.69,42686.19,12.322716,526009.75
2024-01-06 06:02:00,42735.75,42739.76,42711.96,42734.81,12.713766,543320.38
2024-01-06 06:03:00,42826.91,42831.03,42766.69,42778.45,12.036784,514914.93
2024-01-06 06:04:00,42788.62,42823.21,42785.14,42796.6,31.407998,1344155.51
2024-01-06 06:05:00,42718.55,42731.96,42709.44,42710.55,2.817688,120345.0
2024-01-06 06:06:00,42721.26,42724.44,42664.32,42692.63,39.633363,1692052.34
2024-01-06 06:07:00,42622.2,42643.03,42610.67,42631.38,36.875174,1572039.4
2024-01-06 06:08:00,42662.57,42732.44,42659.03,42690.2,8.691834,371056.17
2024-01-06 06:09:00,42628.78,42661.72,42611.85,42661.02,18.602586,793605.22
2024-01-06 06:10:00,42647.95,42660.78,42596.84,42606.73,14.367235,612140.89
2024-01-06 06:11:00,42597.64,42630.74,42587.08,42608.22,12.224525,520865.24
2024-01-06 06:12:00,42572.5,42585.42,42545.01,42576.21,0.488623,20803.71
2024-01-06 06:13:00,42628.14,42653.91,42601.76,42650.4,11.093423,473138.91
2024-01-06 06:14:00,42632.62,42639.1,42598.74,42613.66,4.506931,192056.82
2024-01-06 06:15:00,42528.06,42549.65,42517.85,42543.7,4.149877,176551.11
2024-01-06 06:16:00,42426.23,42449.97,42413.78,42436.05,29.927979,1270025.21
2024-01-06 06:17:00,42440.5,42442.0,42414.81,42434.51,49.278455,2091107.14
2024-01-06 06:18:00,42385.13,42415.09,42365.8,42406.41,6.610887,280344.01
2024-01-06 06:19:00,42331.4,42368.97,42322.4,42334.97,38.372608,1624503.17
2024-01-06 06:20:00,42422.47,42444.52,42374.24,42394.43,14.831286,628763.93
2024-01-06 06:21:00,42436.36,42452.3,42426.78,42427.79,8.155228,346008.32
2024-01-06 06:22:00,42428.99,42451.35,42419.84,42426.38,15.923873,675592.3
2024-01-06 06:23:00,42498.9,42511.86,42493.55,42494.6,3.752723,159470.46
2024-01-06 06:24:00,42519.94,42530.54,42506.57,42527.73,24.313977,1034018.13
2024-01-06 06:25:00,42526.51,42544.86,42478.89,42486.58,32.372683,1375404.64
2024-01-06 06:26:00,42418.38,42439.46,42416.78,42434.62,5.570509,236382.45
2024-01-06 06:27:00,42479.74,42479.84,42443.99,42475.52,19.16133,813887.48
2024-01-06 06:28:00,42497.64,42501.15,42485.74,42495.34,34.599887,1470333.91
2024-01-06 06:29:00,42524.0,42551.09,42492.89,42503.83,31.754552,1349689.95
2024-01-06 06:30:00,42483.56,42495.08,42442.91,42461.5,15.17914,644529.09
2024-01-06 06:31:00,42491.26,42497.5,42473.68,42491.9,1.783685,75792.15
2024-01-06 06:32:00,42459.94,42477.03,42446.36,42454.12,3.776714,160337.08
2024-01-06 06:33:00,42455.59,42463.85,42446.11,42449.02,6.853,290903.15
2024-01-06 06:34:00,42475.93,42521.98,42446.31,42521.37,9.367771,398330.47
2024-01-06 06:35:00,42456.55,42512.34,42444.22,42488.33,6.463109,274606.71
2024-01-06 06:36:00,42397.58,42431.57,42392.87,42409.68,23.560787,999205.46
2024-01-06 06:37:00,42345.82,42373.76,42335.67,42357.05,14.566734,617003.92
2024-01-06 06:38:00,42382.78,42416.55,42374.02,42406.77,13.660338,579290.76
2024-01-06 06:39:00,42434.5,42440.6,42417.29,42419.5,26.809511,1137246.17
2024-01-06 06:40:00,42413.1,42436.39,42399.87,42413.06,10.555598,447695.22
2024-01-06 06:41:00,42383.31,42399.68,42363.45,42387.61,0.817634,34657.54
2024-01-06 06:42:00,42386.75,42425.57,42384.13,42411.87,53.328352,2261755.36
2024-01-06 06:43:00,42368.53,42385.34,42358.51,42369.42,15.598951,660918.48
2024-01-06 06:44:00,42332.17,42399.62,42314.82,42384.7,5.891508,249709.83
2024-01-06 06:45:00,42344.88,42366.04,42325.88,42348.14,17.66197,747951.58
2024-01-06 06:46:00,42304.52,42312.49,42276.08,42303.26,9.454256,399945.8
2024-01-06 06:47:00,42276.22,42301.56,42268.78,42271.38,48.565054,2052911.93
2024-01-06 06:48:00,42221.33,42258.79,42215.34,42252.61,48.975763,2069353.88
2024-01-06 06:49:00,42254.67,42266.47,42246.97,42250.17,7.168353,302864.14
2024-01-06 06:50:00,42241.11,42279.33,42231.66,42261.94,1.836164,77599.85
2024-01-06 06:51:00,42061.28,42087.37,42059.67,42077.52,52.936258,2227426.69
2024-01-06 06:52:00,42051.5,42072.79,42036.62,42037.14,37.905416,1593435.34
2024-01-06 06:53:00,42057.85,42087.54,42017.34,42017.56,2.613065,109794.64
2024-01-06 06:54:00,42093.84,42104.75,42073.88,42092.82,18.628716,784135.12
2024-01-06 06:55:00,42022.47,42060.33,42009.09,42038.82,17.734567,745540.22
2024-01-06 06:56:00,42050.73,42054.54,42038.66,42046.96,53.934765,2267792.72
2024-01-06 06:57:00,42140.49,42148.69,42111.83,42121.71,11.457231,482598.14
2024-01-06 06:58:00,42068.48,42094.14,42045.5,42056.06,21.711728,913109.72
2024-01-06 06:59:00,42130.62,42133.54,42059.97,42075.76,8.700919,366097.75
2024-01-06 07:00:00,42021.34,42036.63,42017.32,42035.64,12.721816,534769.73
2024-01-06 07:01:00,42015.46,42040.87,41996.99,42010.41,19.021826,799114.75
2024-01-06 07:02:00,42001.24,42006.54,41959.41,41970.26,48.325981,2028253.88
2024-01-06 07:03:00,41963.39,41973.2,41906.02,41933.66,0.809569,33948.19
2024-01-06 07:04:00,42030.76,42081.99,42015.35,42069.76,9.582059,403114.94
2024-01-06 07:05:00,42111.92,42122.66,42105.19,42111.98,16.102618,678113.16
2024-01-06 07:06:00,42196.76,42198.93,42148.6,42167.07,42.743861,1802383.35
2024-01-06 07:07:00,42249.48,42269.27,42182.69,42191.67,2.771778,116945.94
2024-01-06 07:08:00,42125.43,42128.21,42103.08,42111.36,5.002143,210647.01
2024-01-06 07:09:00,42123.75,42132.13,42123.51,42131.1,26.742487,1126690.5
2024-01-06 07:10:00,42164.57,42199.27,42142.74,42184.75,28.88831,1218646.15
2024-01-06 07:11:00,42186.46,42199.31,42133.38,42142.08,4.311125,181679.77
2024-01-06 07:12:00,42204.92,42213.19,42165.43,42190.35,31.932925,1347261.18
2024-01-06 07:13:00,42208.6,42231.48,42187.17,42225.56,20.575367,868806.48
2024-01-06 07:14:00,42314.1,42319.26,42305.34,42318.17,10.323823,436885.24
2024-01-06 07:15:00,42303.48,42312.62,42287.25,42297.28,28.049128,1186401.75
2024-01-06 07:16:00,42253.27,42269.96,42234.14,42242.4,25.292096,1068398.73
2024-01-06 07:17:00,42206.32,42259.55,42205.67,42224.32,10.940255,461944.77
2024-01-06 07:18:00,42283.81,42313.52,42281.15,42296.09,39.670245,1677896.39
2024-01-06 07:19:00,42171.61,42214.79,42161.37,42204.67,16.907989,713596.17
2024-01-06 07:20:00,42122.05,42123.95,42088.0,42101.25,37.512272,1579313.71
2024-01-06 07:21:00,42098.89,42121.84,42086.72,42105.72,11.035873,464673.44
2024-01-06 07:22:00,42092.92,42103.89,42072.38,42083.59,14.952787,629267.01
2024-01-06 07:23:00,42112.43,42123.01,42058.98,42083.98,17.977733,756574.58
2024-01-06 07:24:00,42135.64,42148.31,42118.01,42131.25,20.93699,882101.5
2024-01-06 07:25:00,42101.36,42112.13,42078.31,42103.62,40.563988,1707890.68
2024-01-06 07:26:00,42013.85,42037.59,41971.22,42009.97,19.328828,812003.43
2024-01-06 07:27:00,42113.46,42124.96,42103.26,42112.19,9.440216,397548.21
2024-01-06 07:28:00,42087.25,42091.6,42058.37,42062.33,30.190661,1269889.58
2024-01-06 07:29:00,42015.6,42033.66,41993.97,42009.38,18.60838,781726.47
2024-01-06 07:30:00,42053.68,42074.47,42036.79,42064.56,69.110662,2907109.92
2024-01-06 07:31:00,42066.3,42099.47,42037.75,42045.34,15.828358,665508.72
2024-01-06 07:32:00,42066.78,42075.87,42028.66,42042.17,34.75329,1461103.76
2024-01-06 07:33:00,42039.54,42076.63,42023.65,42066.31,27.641643,1162781.92
2024-01-06 07:34:00,42151.15,42167.63,42116.85,42120.49,30.997966,1305649.49
2024-01-06 07:35:00,42111.11,42130.54,42103.56,42103.82,4.735766,199393.8
2024-01-06 07:36:00,42185.48,42191.75,42176.88,42179.81,1.211512,51101.34
2024-01-06 07:37:00,42093.16,42116.86,42064.43,42073.02,19.993028,841167.14
2024-01-06 07:38:00,42099.67,42140.15,42082.94,42111.01,2.094861,88216.74
2024-01-06 07:39:00,42088.12,42123.89,42057.34,42069.04,17.423708,732998.62
2024-01-06 07:40:00,42130.12,42144.41,42128.03,42137.65,12.183299,513375.59
2024-01-06 07:41:00,42115.25,42146.36,42097.24,42144.75,14.831644,625075.98
2024-01-06 07:42:00,42091.15,42122.74,42072.69,42111.11,48.38796,2037670.59
2024-01-06 07:43:00,42155.59,42158.77,42132.27,42144.25,17.244206,726744.11
2024-01-06 07:44:00,42170.0,42200.9,42158.2,42188.91,14.309689,603710.15
2024-01-06 07:45:00,42253.21,42276.16,42207.87,42221.0,0.654788,27645.8
2024-01-06 07:46:00,42193.3,42210.09,42158.96,42169.52,7.056463,297567.67
2024-01-06 07:47:00,42171.99,42207.26,42121.19,42145.32,20.842673,878421.08
2024-01-06 07:48:00,42147.61,42167.09,42123.99,42145.11,3.981699,167809.15
2024-01-06 07:49:00,42148.21,42154.01,42126.02,42143.05,5.829013,245652.4
2024-01-06 07:50:00,42156.66,42182.31,42148.38,42180.54,16.367254,690379.58
2024-01-06 07:51:00,42099.71,42110.99,42067.41,42079.79,18.512574,779005.31
2024-01-06 07:52:00,42104.11,42111.63,42089.64,42096.51,6.944779,292350.94
2024-01-06 07:53:00,42093.36,42102.9,42059.12,42082.01,2.444708,102878.24
2024-01-06 07:54:00,42073.85,42081.19,42039.56,42040.09,4.194003,176316.27
2024-01-06 07:55:00,41990.84,42008.74,41978.73,42002.96,11.031562,463358.26
2024-01-06 07:56:00,41989.71,42020.5,41985.9,41992.23,9.521715,399838.09
2024-01-06 07:57:00,41818.71,41829.08,41802.52,41812.18,40.94476,1711989.7
2024-01-06 07:58:00,41758.41,41805.49,41746.43,41777.12,19.958035,833789.16
2024-01-06 07:59:00,41729.57,41745.94,41704.0,41733.33,3.126076,130461.53
2024-01-06 08:00:00,41769.82,41770.78,41748.26,41759.96,27.364029,1142720.88
2024-01-06 08:01:00,41713.18,41734.98,41690.98,41719.69,2.027254,84576.39
2024-01-06 08:02:00,41735.11,41738.13,41695.8,41708.93,23.439464,977635.04
2024-01-06 08:03:00,41755.83,41786.96,41742.97,41786.05,44.343877,1852955.29
2024-01-06 08:04:00,41858.22,41859.62,41821.23,41835.76,26.662059,1115427.59
2024-01-06 08:05:00,41894.1,41897.24,41860.1,41880.88,14.040503,588028.6
2024-01-06 08:06:00,41844.51,41886.67,41834.03,41855.88,13.084565,547666.02
2024-01-06 08:07:00,41864.55,41901.95,41860.57,41883.04,6.251992,261852.39
2024-01-06 08:08:00,41829.73,41872.1,41800.61,41871.34,18.860956,789733.51
2024-01-06 08:09:00,41845.63,41882.75,41839.58,41861.54,34.122711,1428429.1
2024-01-06 08:10:00,41902.96,41910.19,41879.98,41882.02,5.699735,238716.42
2024-01-06 08:11:00,41851.05,41865.01,41850.32,41852.17,0.301918,12635.94
2024-01-06 08:12:00,41950.08,41958.51,41907.01,41926.82,4.986998,209088.96
2024-01-06 08:13:00,41906.42,41932.04,41894.97,41918.81,4.585686,192226.5
2024-01-06 08:14:00,41963.87,41979.17,41940.39,41949.73,39.912904,1674335.63
2024-01-06 08:15:00,42008.16,42024.93,42000.13,42022.51,7.91906,332778.79
2024-01-06 08:16:00,42054.78,42080.3,42047.0,42074.09,13.061063,549532.41
2024-01-06 08:17:00,42001.51,42013.03,41999.52,42003.65,28.229666,1185748.98
2024-01-06 08:18:00,42012.59,42036.73,42007.95,42025.89,41.821758,1757596.74
2024-01-06 08:19:00,42037.57,42068.69,42010.96,42068.43,9.296082,391071.59
2024-01-06 08:20:00,42109.38,42116.16,42096.31,42113.02,35.183827,1481697.32
2024-01-06 08:21:00,42059.49,42071.87,42037.61,42057.36,46.555415,1957997.77
2024-01-06 08:22:00,42049.87,42067.03,42017.29,42024.51,7.793206,327505.63
2024-01-06 08:23:00,42092.97,42094.6,42059.18,42074.23,1.272769,53550.79
2024-01-06 08:24:00,42060.55,42067.06,42024.12,42036.15,53.741346,2259079.06
2024-01-06 08:25:00,42035.57,42052.69,42020.92,42021.16,32.421643,1362395.09
2024-01-06 08:26:00,42106.61,42119.07,42089.0,42099.96,10.249815,431516.75
2024-01-06 08:27:00,42072.99,42124.15,42059.75,42097.57,22.999233,968211.69
2024-01-06 08:28:00,42064.22,42078.66,42051.5,42061.23,10.899523,458447.33
2024-01-06 08:29:00,42029.28,42040.08,42014.72,42017.35,32.188376,1352470.14
2024-01-06 08:30:00,42063.13,42063.88,42027.07,42033.98,26.000608,1092909.07
2024-01-06 08:31:00,41981.05,42004.16,41961.82,41967.32,31.412843,1318312.96
2024-01-06 08:32:00,41979.77,41997.37,41947.6,41954.96,4.434217,186037.4
2024-01-06 08:33:00,41950.98,41983.36,41939.37,41971.62,23.077572,968603.06
2024-01-06 08:34:00,42030.05,42058.3,42024.55,42036.58,30.027495,1262253.11
2024-01-06 08:35:00,42078.54,42103.8,42064.79,42069.95,0.476948,20065.2
2024-01-06 08:36:00,42057.47,42063.92,42029.14,42034.25,24.222277,1018165.24
2024-01-06 08:37:00,42090.27,42126.61,42079.19,42093.17,17.797837,749167.41
2024-01-06 08:38:00,42076.55,42104.12,42061.74,42078.2,14.711452,619031.35
2024-01-06 08:39:00,42030.15,42031.75,41989.24,42016.41,0.11559,4856.69
2024-01-06 08:40:00,41985.29,42018.6,41978.31,42007.81,26.15106,1098548.73
2024-01-06 08:41:00,42111.87,42114.79,42057.82,42079.72,28.65059,1205608.71
2024-01-06 08:42:00,42070.4,42090.68,42068.64,42087.98,12.797405,538616.93
2024-01-06 08:43:00,42050.23,42094.63,42033.81,42088.61,29.667393,1248659.17
2024-01-06 08:44:00,42170.67,42195.54,42160.71,42170.47,23.752215,1001641.95
2024-01-06 08:45:00,42132.87,42140.59,42091.91,42098.9,1.660254,69894.87
2024-01-06 08:46:00,42046.35,42063.0,42023.76,42034.62,28.190242,1184966.06
2024-01-06 08:47:00,41968.85,41977.12,41938.58,41953.83,15.68355,657984.91
2024-01-06 08:48:00,41973.29,41988.15,41961.0,41972.46,19.729728,828105.18
2024-01-06 08:49:00,41977.74,41991.89,41969.74,41980.78,13.320288,559196.11
2024-01-06 08:50:00,42027.02,42063.06,42014.07,42057.92,12.856011,540697.07
2024-01-06 08:51:00,42024.91,42082.89,41996.7,42070.09,34.371354,1446006.07
2024-01-06 08:52:00,42053.81,42056.89,42016.6,42049.89,14.263964,599798.04
2024-01-06 08:53:00,42076.23,42088.12,42044.25,42049.98,9.748447,409921.95
2024-01-06 08:54:00,42062.74,42071.54,42052.08,42055.86,14.520622,610677.25
2024-01-06 08:55:00,41984.74,41986.53,41962.44,41972.27,23.26619,976534.86
2024-01-06 08:56:00,42139.46,42141.65,42087.35,42107.79,52.68004,2218240.03
2024-01-06 08:57:00,42140.36,42165.29,42113.6,42133.78,23.048813,971133.69
2024-01-06 08:58:00,42141.83,42157.06,42133.91,42144.28,0.050277,2118.87
2024-01-06 08:59:00,42158.67,42184.18,42158.62,42175.04,5.826941,245751.47
2024-01-06 09:00:00,42250.96,42276.71,42195.38,42210.51,8.022532,338635.2
2024-01-06 09:01:00,42214.02,42216.61,42192.72,42203.48,14.784763,623968.51
2024-01-06 09:02:00,42153.05,42174.25,42147.53,42171.92,38.649523,1629924.68
2024-01-06 09:03:00,42178.47,42204.35,42173.07,42201.89,0.767958,32409.29
2024-01-06 09:04:00,42246.24,42269.69,42208.53,42221.18,18.088752,763728.47
2024-01-06 09:05:00,42159.94,42197.0,42158.82,42180.69,11.941067,503682.37
2024-01-06 09:06:00,42288.71,42289.73,42250.7,42251.64,0.189495,8006.48
2024-01-06 09:07:00,42211.18,42283.02,42190.11,42266.3,11.710435,494956.82
2024-01-06 09:08:00,42331.25,42340.11,42295.39,42302.8,32.070108,1356655.23
2024-01-06 09:09:00,42382.13,42388.13,42360.83,42372.39,3.013224,127677.52
2024-01-06 09:10:00,42375.86,42402.57,42362.08,42373.49,25.047681,1061357.56
2024-01-06 09:11:00,42385.82,42393.79,42380.83,42389.33,24.123237,1022567.95
2024-01-06 09:12:00,42467.65,42469.58,42406.37,42429.84,15.097951,640603.59
2024-01-06 09:13:00,42407.73,42409.46,42390.14,42393.59,5.464032,231639.94
2024-01-06 09:14:00,42378.23,42416.48,42376.08,42396.29,39.014945,1654089.12
2024-01-06 09:15:00,42368.19,42411.15,42361.2,42402.57,10.19653,432359.11
2024-01-06 09:16:00,42358.32,42368.11,42345.59,42354.77,17.721643,750596.11
2024-01-06 09:17:00,42470.63,42471.1,42469.15,42470.65,23.749289,1008647.77
2024-01-06 09:18:00,42369.89,42406.95,42345.44,42400.29,0.337647,14316.33
2024-01-06 09:19:00,42334.27,42364.52,42315.96,42335.38,0.225816,9559.99
2024-01-06 09:20:00,42389.61,42420.86,42380.54,42401.09,10.828938,459158.82
2024-01-06 09:21:00,42436.94,42449.92,42426.97,42436.76,16.930501,718475.54
2024-01-06 09:22:00,42399.98,42413.01,42376.18,42385.46,45.706277,1937281.47
2024-01-06 09:23:00,42445.67,42455.25,42412.08,42415.82,13.215563,560548.97
2024-01-06 09:24:00,42507.39,42516.39,42453.82,42489.21,5.98117,254135.21
2024-01-06 09:25:00,42473.27,42512.35,42449.85,42487.7,51.710539,2197061.97
2024-01-06 09:26:00,42625.02,42636.5,42599.04,42617.64,12.029851,512683.91
2024-01-06 09:27:00,42532.7,42536.32,42520.93,42531.44,40.723014,1732008.43
2024-01-06 09:28:00,42539.49,42572.2,42532.61,42566.13,26.265876,1118036.71
2024-01-06 09:29:00,42632.42,42640.43,42618.67,42624.46,32.34059,1378500.09
2024-01-06 09:30:00,42706.16,42717.7,42641.95,42669.02,6.489003,276879.41
2024-01-06 09:31:00,42659.46,42661.95,42643.04,42658.81,11.117306,474251.03
2024-01-06 09:32:00,42612.4,42651.99,42609.07,42644.28,3.134134,133652.89
2024-01-06 09:33:00,42667.1,42680.77,42664.57,42666.49,29.926844,1276873.45
2024-01-06 09:34:00,42683.01,42709.74,42681.14,42707.28,17.834714,761672.11
2024-01-06 09:35:00,42754.68,42761.82,42733.32,42737.4,1.169703,49990.08
2024-01-06 09:36:00,42799.9,42818.35,42757.86,42789.41,0.251167,10747.28
2024-01-06 09:37:00,42735.04,42746.1,42727.46,42738.46,9.703741,414722.95
2024-01-06 09:38:00,42720.45,42731.12,42719.52,42727.07,3.354331,143320.76
2024-01-06 09:39:00,42675.83,42686.61,42673.02,42680.07,38.835457,1657500.16
2024-01-06 09:40:00,42660.93,42679.96,42646.86,42660.77,26.1643,1116189.14
2024-01-06 09:41:00,42696.08,42725.59,42680.4,42711.53,26.122239,1115720.74
2024-01-06 09:42:00,42689.17,42727.8,42685.62,42716.93,14.678344,627013.76
2024-01-06 09:43:00,42870.04,42877.67,42843.0,42847.27,6.530116,279797.66
2024-01-06 09:44:00,42849.23,42870.25,42836.44,42856.94,23.922151,1025230.22
2024-01-06 09:45:00,42863.27,42883.78,42829.88,42859.93,31.963652,1369959.74
2024-01-06 09:46:00,42870.94,42879.01,42847.94,42865.23,13.481104,577870.69
2024-01-06 09:47:00,42839.78,42846.01,42832.37,42833.34,6.242379,267381.96
2024-01-06 09:48:00,42806.98,42832.18,42803.24,42830.45,7.782337,333321.03
2024-01-06 09:49:00,42853.33,42911.74,42853.05,42886.84,0.733317,31449.65
2024-01-06 09:50:00,42880.77,42934.01,42870.88,42892.54,8.321263,356920.11
2024-01-06 09:51:00,42860.78,42867.73,42833.18,42852.87,9.531688,408460.15
2024-01-06 09:52:00,42792.05,42814.65,42790.0,42806.61,25.804763,1104614.52
2024-01-06 09:53:00,42777.0,42794.99,42774.51,42784.1,6.522304,279050.95
2024-01-06 09:54:00,42830.34,42830.7,42778.23,42787.8,7.965329,340818.89
2024-01-06 09:55:00,42810.57,42864.93,42799.35,42847.48,17.912256,767494.95
2024-01-06 09:56:00,42765.35,42795.57,42735.04,42780.45,15.307762,654872.99
2024-01-06 09:57:00,42802.39,42807.71,42725.39,42764.46,15.741381,673171.65
2024-01-06 09:58:00,42770.78,42776.45,42764.76,42771.68,22.613368,967211.62
2024-01-06 09:59:00,42665.87,42702.8,42663.95,42679.99,4.790562,204461.16
2024-01-06 10:00:00,42661.69,42672.67,42634.83,42638.31,28.659159,1221978.13
2024-01-06 10:01:00,42605.42,42608.61,42595.84,42604.32,18.157838,773602.28
2024-01-06 10:02:00,42557.55,42575.58,42533.68,42564.52,17.970774,764917.34
2024-01-06 10:03:00,42577.96,42594.91,42545.77,42574.11,7.035552,299532.38
2024-01-06 10:04:00,42552.92,42576.01,42547.41,42566.08,8.615003,366706.96
2024-01-06 10:05:00,42517.97,42562.34,42514.56,42538.32,5.298318,225381.56
2024-01-06 10:06:00,42557.45,42564.21,42551.99,42559.72,8.384689,356849.98
2024-01-06 10:07:00,42625.65,42658.52,42602.53,42645.87,18.777939,800801.56
2024-01-06 10:08:00,42728.05,42736.3,42713.34,42727.83,17.259584,737464.65
2024-01-06 10:09:00,42638.78,42644.64,42631.02,42631.7,4.190356,178642.0
2024-01-06 10:10:00,42677.61,42696.35,42656.28,42660.55,22.645347,966062.94
2024-01-06 10:11:00,42674.21,42683.01,42649.18,42651.65,43.734828,1865362.49
2024-01-06 10:12:00,42651.29,42677.41,42630.6,42659.41,7.611776,324713.84
2024-01-06 10:13:00,42649.48,42658.07,42630.86,42639.49,11.895915,507235.79
2024-01-06 10:14:00,42655.22,42662.83,42626.07,42645.37,2.2346,95295.33
2024-01-06 10:15:00,42659.5,42683.22,42649.69,42652.94,2.160829,92165.72
2024-01-06 10:16:00,42614.4,42629.08,42612.78,42623.99,34.966945,1490430.87
2024-01-06 10:17:00,42558.61,42585.13,42544.63,42579.18,35.173164,1497644.34
2024-01-06 10:18:00,42566.78,42582.39,42547.38,42556.74,5.97865,254431.88
2024-01-06 10:19:00,42534.32,42579.52,42529.38,42568.45,19.805033,843069.65
2024-01-06 10:20:00,42593.05,42617.88,42574.69,42598.4,28.409146,1210184.26
2024-01-06 10:21:00,42590.0,42653.26,42575.97,42641.07,1.069659,45611.42
2024-01-06 10:22:00,42589.63,42622.45,42584.6,42616.36,16.118165,686897.55
2024-01-06 10:23:00,42613.01,42635.3,42596.54,42630.55,23.786179,1014017.98
2024-01-06 10:24:00,42700.61,42710.02,42675.61,42678.68,27.927752,1191919.57
2024-01-06 10:25:00,42750.72,42757.81,42720.41,42736.96,24.985576,1067807.53
2024-01-06 10:26:00,42722.94,42755.06,42711.73,42734.02,2.517024,107562.53
2024-01-06 10:27:00,42737.56,42762.5,42708.16,42722.97,40.462217,1728666.12
2024-01-06 10:28:00,42750.28,42777.2,42726.56,42732.53,15.685295,670272.29
2024-01-06 10:29:00,42671.83,42691.39,42671.79,42675.04,12.951791,552718.23
2024-01-06 10:30:00,42637.67,42672.35,42626.75,42665.36,21.921749,935299.34
2024-01-06 10:31:00,42698.43,42724.07,42663.51,42702.59,4.056116,173206.65
2024-01-06 10:32:00,42732.73,42737.5,42720.43,42734.69,14.496231,619491.88
2024-01-06 10:33:00,42696.52,42753.53,42682.81,42721.17,4.241076,181183.76
2024-01-06 10:34:00,42739.4,42745.94,42723.88,42732.06,49.871248,2131101.16
2024-01-06 10:35:00,42696.42,42719.14,42688.47,42690.83,18.079671,771836.1
2024-01-06 10:36:00,42734.9,42735.73,42724.56,42726.0,9.462975,404315.08
2024-01-06 10:37:00,42727.69,42767.86,42701.0,42722.11,35.406835,1512654.74
2024-01-06 10:38:00,42722.91,42732.52,42706.12,42708.31,14.700281,627824.21
2024-01-06 10:39:00,42686.64,42709.22,42666.71,42690.23,29.779082,1271275.77
2024-01-06 10:40:00,42691.12,42691.85,42667.56,42687.08,47.275344,2018046.52
2024-01-06 10:41:00,42656.73,42683.18,42635.75,42664.69,5.951765,253930.2
2024-01-06 10:42:00,42685.91,42722.61,42672.98,42697.6,44.439982,1897480.39
2024-01-06 10:43:00,42704.6,42725.38,42665.02,42677.83,17.178553,733143.38
2024-01-06 10:44:00,42716.6,42760.55,42703.64,42757.48,3.121839,133481.97
2024-01-06 10:45:00,42848.28,42855.43,42821.47,42830.74,10.287949,440640.48
2024-01-06 10:46:00,42773.75,42806.51,42759.31,42786.16,25.842018,1105680.81
2024-01-06 10:47:00,42774.65,42799.23,42759.1,42789.65,16.021548,685556.39
2024-01-06 10:48:00,42762.35,42780.25,42744.44,42757.12,18.034992,771124.26
2024-01-06 10:49:00,42710.99,42743.98,42701.98,42740.78,14.836587,634127.37
2024-01-06 10:50:00,42824.58,42849.92,42815.91,42840.9,45.155631,1934508.08
2024-01-06 10:51:00,42808.54,42853.64,42794.33,42825.53,2.514879,107701.03
2024-01-06 10:52:00,42839.11,42844.19,42825.26,42843.54,17.559317,752303.25
2024-01-06 10:53:00,42854.52,42875.64,42839.01,42870.6,25.775452,1105009.2
2024-01-06 10:54:00,42852.59,42862.41,42804.5,42820.57,19.896044,851960.0
2024-01-06 10:55:00,42813.76,42821.24,42759.62,42777.82,5.467929,233906.08
2024-01-06 10:56:00,42677.08,42734.76,42660.93,42717.52,27.010363,1153815.59
2024-01-06 10:57:00,42684.1,42690.36,42659.35,42673.22,23.18181,989242.41
2024-01-06 10:58:00,42547.89,42556.28,42522.35,42530.72,31.707799,1348555.4
2024-01-06 10:59:00,42568.8,42585.06,42532.51,42557.95,20.194616,859441.38
2024-01-06 11:00:00,42647.49,42677.51,42639.84,42660.65,20.137387,859074.13
2024-01-06 11:01:00,42663.16,42690.62,42645.8,42668.05,1.197949,51114.16
2024-01-06 11:02:00,42582.27,42601.42,42569.34,42597.23,6.162087,262487.84
2024-01-06 11:03:00,42556.69,42569.39,42549.94,42565.09,0.744553,31691.98
2024-01-06 11:04:00,42517.95,42585.69,42494.78,42542.15,7.670644,326325.69
2024-01-06 11:05:00,42488.97,42498.15,42486.42,42491.27,23.220888,986685.05
2024-01-06 11:06:00,42504.22,42535.15,42495.13,42534.28,32.456106,1380497.09
2024-01-06 11:07:00,42570.79,42577.39,42556.48,42574.79,20.421443,869438.68
2024-01-06 11:08:00,42492.05,42535.29,42488.07,42517.02,22.665415,963665.89
2024-01-06 11:09:00,42557.41,42565.87,42539.74,42553.27,46.460991,1977067.28
2024-01-06 11:10:00,42616.03,42630.8,42597.37,42629.61,23.941462,1020615.29
2024-01-06 11:11:00,42730.55,42731.73,42718.27,42724.74,5.723303,244526.66
2024-01-06 11:12:00,42889.63,42891.05,42857.18,42868.0,21.622095,926896.02
2024-01-06 11:13:00,42854.69,42858.01,42822.13,42822.9,44.152918,1890756.15
2024-01-06 11:14:00,42913.55,42990.2,42910.44,42964.11,7.407213,318244.36
2024-01-06 11:15:00,42929.72,42958.96,42919.39,42946.4,1.381261,59320.19
2024-01-06 11:16:00,42910.72,42929.48,42892.48,42916.78,39.002555,1673864.11
2024-01-06 11:17:00,42942.34,42944.41,42914.78,42933.13,4.190542,179913.09
2024-01-06 11:18:00,42871.02,42923.32,42865.3,42904.03,25.285794,1084862.48
2024-01-06 11:19:00,42904.34,42950.68,42899.77,42923.98,35.781745,1535895.05
2024-01-06 11:20:00,42860.59,42886.09,42835.65,42857.98,15.11641,647858.78
2024-01-06 11:21:00,42847.74,42848.19,42823.14,42846.04,1.831548,78474.57
2024-01-06 11:22:00,42917.87,42921.97,42897.18,42910.32,34.093786,1462975.3
2024-01-06 11:23:00,42916.34,42938.95,42898.58,42907.47,7.471468,320581.78
2024-01-06 11:24:00,42921.32,42933.36,42908.2,42914.55,30.37185,1303394.21
2024-01-06 11:25:00,42942.18,42943.93,42924.42,42938.31,0.199395,8561.7
2024-01-06 11:26:00,42997.96,43000.87,42978.19,42996.84,25.889249,1113156.01
2024-01-06 11:27:00,42927.38,42941.14,42898.47,42914.08,35.529862,1524731.44
2024-01-06 11:28:00,42898.52,42949.5,42888.16,42943.31,11.016906,473102.4
2024-01-06 11:29:00,42960.79,42973.36,42916.29,42929.9,19.675632,844672.96
2024-01-06 11:30:00,42894.14,42940.14,42891.92,42938.23,2.618797,112446.54
2024-01-06 11:31:00,42969.65,42998.94,42936.24,42991.23,28.063684,1206492.35
2024-01-06 11:32:00,42926.99,42938.06,42901.99,42931.52,38.503911,1653031.52
2024-01-06 11:33:00,42894.34,42897.65,42870.95,42880.89,25.363998,1087630.81
2024-01-06 11:34:00,42724.21,42784.85,42711.63,42784.12,7.636665,326727.98
2024-01-06 11:35:00,42756.1,42770.23,42735.86,42756.66,18.682221,798789.39
2024-01-06 11:36:00,42839.03,42846.23,42806.69,42823.18,29.049758,1244003.08
2024-01-06 11:37:00,42837.04,42855.32,42814.2,42817.15,10.554034,451893.68
2024-01-06 11:38:00,42736.2,42755.54,42720.86,42750.15,26.01058,1111956.12
2024-01-06 11:39:00,42719.85,42733.03,42711.44,42725.86,17.40618,743694.04
2024-01-06 11:40:00,42639.15,42663.22,42620.81,42651.47,38.387156,1637268.62
2024-01-06 11:41:00,42587.36,42595.32,42578.12,42595.21,24.002753,1022402.31
2024-01-06 11:42:00,42594.01,42624.47,42565.98,42614.65,0.028852,1229.52
2024-01-06 11:43:00,42538.17,42571.17,42537.06,42555.96,38.08988,1620951.32
2024-01-06 11:44:00,42620.28,42622.43,42602.78,42611.59,19.201104,818189.55
2024-01-06 11:45:00,42610.67,42621.15,42587.82,42608.03,7.205281,307002.86
2024-01-06 11:46:00,42622.14,42640.45,42612.06,42612.31,17.080074,727821.45
2024-01-06 11:47:00,42602.67,42615.59,42586.32,42598.39,14.627579,623111.36
2024-01-06 11:48:00,42651.12,42659.29,42627.0,42637.04,46.697778,1991054.87
2024-01-06 11:49:00,42693.76,42712.43,42641.48,42676.19,44.587525,1902825.9
2024-01-06 11:50:00,42658.11,42701.51,42647.43,42692.95,43.794263,1869706.15
2024-01-06 11:51:00,42704.1,42740.26,42676.83,42721.19,25.346787,1082844.83
2024-01-06 11:52:00,42705.95,42712.55,42702.81,42710.58,14.723446,628846.96
2024-01-06 11:53:00,42737.24,42738.13,42726.61,42737.69,23.447674,1002099.5
2024-01-06 11:54:00,42707.4,42728.18,42701.99,42720.8,0.527719,22544.56
2024-01-06 11:55:00,42739.15,42741.57,42697.97,42720.91,32.835547,1402764.44
2024-01-06 11:56:00,42746.78,42761.42,42682.28,42707.18,6.6397,283562.85
2024-01-06 11:57:00,42688.04,42698.1,42665.02,42684.32,41.200106,1758598.39
2024-01-06 11:58:00,42651.55,42660.31,42631.75,42649.86,0.968215,41294.25
2024-01-06 11:59:00,42690.24,42707.99,42646.32,42673.25,1.141427,48708.38
2024-01-06 12:00:00,42701.46,42782.07,42696.62,42738.78,42.588,1820159.0
2024-01-06 12:01:00,42797.9,42813.67,42778.52,42797.33,26.0896,1116565.24
2024-01-06 12:02:00,42754.08,42761.84,42732.57,42734.5,32.203343,1376193.87
2024-01-06 12:03:00,42786.1,42816.43,42782.56,42798.96,4.811439,205924.6
2024-01-06 12:04:00,42758.52,42797.27,42733.21,42783.06,29.824038,1275963.46
2024-01-06 12:05:00,42809.38,42820.61,42798.0,42813.09,5.073987,217233.09
2024-01-06 12:06:00,42766.57,42770.7,42766.17,42767.78,19.355641,827797.81
2024-01-06 12:07:00,42756.71,42800.09,42737.71,42774.88,4.781528,204529.3
2024-01-06 12:08:00,42832.49,42851.11,42787.73,42790.57,1.459062,62434.11
2024-01-06 12:09:00,42706.76,42722.91,42705.06,42716.34,6.661804,284567.84
2024-01-06 12:10:00,42723.68,42761.84,42711.45,42746.75,6.140188,262473.06
2024-01-06 12:11:00,42812.17,42824.32,42795.74,42814.05,7.301238,312595.54
2024-01-06 12:12:00,42823.47,42833.23,42791.78,42805.31,0.168627,7218.15
2024-01-06 12:13:00,42873.67,42874.64,42861.48,42873.32,8.645367,370655.59
2024-01-06 12:14:00,42873.55,42879.65,42862.16,42863.84,46.094287,1975778.05
2024-01-06 12:15:00,42888.89,42910.65,42864.91,42906.32,19.1591,822046.44
2024-01-06 12:16:00,42825.14,42837.46,42779.09,42795.39,13.169655,563600.5
2024-01-06 12:17:00,42927.56,42927.63,42915.47,42916.33,8.669092,372045.59
2024-01-06 12:18:00,43012.05,43030.21,42986.47,42991.1,23.312293,1002221.14
2024-01-06 12:19:00,42984.17,42987.4,42970.14,42976.87,20.636469,886890.81
2024-01-06 12:20:00,42894.76,42909.47,42874.9,42878.26,10.685583,458179.26
2024-01-06 12:21:00,42875.2,42892.82,42859.17,42892.67,20.645403,885536.35
2024-01-06 12:22:00,42810.64,42822.06,42805.83,42820.47,35.481692,1519342.7
2024-01-06 12:23:00,42869.64,42870.87,42814.15,42842.71,45.838622,1963850.9
2024-01-06 12:24:00,42894.49,42913.7,42862.0,42863.29,1.093801,46883.92
2024-01-06 12:25:00,42793.28,42828.3,42773.33,42816.22,21.841191,935157.24
2024-01-06 12:26:00,42877.26,42898.73,42845.33,42872.27,14.041225,601979.19
2024-01-06 12:27:00,42903.93,42935.56,42902.0,42912.55,28.251175,1212329.88
2024-01-06 12:28:00,42947.4,43002.46,42937.37,42961.34,8.709243,374160.73
2024-01-06 12:29:00,42967.48,42999.74,42949.54,42961.78,16.559381,711420.52
2024-01-06 12:30:00,42913.82,42918.13,42879.81,42891.01,10.742336,460749.61
2024-01-06 12:31:00,42948.93,42951.78,42923.37,42939.9,2.984836,128168.54
2024-01-06 12:32:00,42919.99,42927.28,42911.18,42926.38,21.705402,931734.32
2024-01-06 12:33:00,42867.19,42872.97,42839.03,42856.89,7.086548,303707.4
2024-01-06 12:34:00,42917.29,42924.5,42891.65,42924.49,13.976449,599931.97
2024-01-06 12:35:00,43037.71,43039.71,43011.22,43029.46,3.426265,147430.33
2024-01-06 12:36:00,43055.33,43074.96,43020.52,43027.4,0.079356,3414.48
2024-01-06 12:37:00,43093.81,43143.84,43079.18,43135.36,12.389635,534431.34
2024-01-06 12:38:00,43155.87,43170.25,43139.3,43139.92,27.089347,1168632.34
2024-01-06 12:39:00,43090.12,43132.01,43068.9,43120.9,5.147696,221973.3
2024-01-06 12:40:00,43113.94,43121.81,43071.32,43089.38,20.048197,863864.32
2024-01-06 12:41:00,43158.49,43179.41,43156.3,43171.23,30.966748,1336872.63
2024-01-06 12:42:00,43107.87,43144.11,43107.75,43132.22,13.246356,571344.81
2024-01-06 12:43:00,43182.89,43185.26,43163.97,43168.99,3.309991,142888.95
2024-01-06 12:44:00,43148.31,43151.64,43117.35,43141.03,6.852772,295635.65
2024-01-06 12:45:00,43098.03,43121.75,43088.46,43118.01,16.590823,715363.35
2024-01-06 12:46:00,43144.47,43205.95,43134.94,43169.53,38.86354,1677720.64
2024-01-06 12:47:00,43146.78,43158.43,43137.27,43150.52,24.95011,1076610.33
2024-01-06 12:48:00,43106.2,43140.98,43099.91,43130.29,10.249153,442048.87
2024-01-06 12:49:00,43165.7,43187.26,43142.42,43186.93,8.295314,358249.11
2024-01-06 12:50:00,43269.11,43288.39,43260.99,43266.8,12.803872,553982.49
2024-01-06 12:51:00,43279.71,43313.5,43272.21,43299.03,19.781119,856503.27
2024-01-06 12:52:00,43274.82,43279.3,43236.97,43266.29,36.191547,1565874.03
2024-01-06 12:53:00,43270.56,43288.89,43236.38,43240.76,10.959141,473881.59
2024-01-06 12:54:00,43241.79,43277.85,43225.62,43244.76,16.183704,699860.36
2024-01-06 12:55:00,43263.41,43279.2,43249.15,43260.8,12.96299,560789.35
2024-01-06 12:56:00,43251.77,43264.96,43205.73,43211.41,31.719876,1370660.55
2024-01-06 12:57:00,43223.81,43259.1,43218.37,43247.56,3.907633,168995.6
2024-01-06 12:58:00,43275.66,43277.7,43244.56,43251.84,17.712321,766090.43
2024-01-06 12:59:00,43187.47,43201.0,43163.04,43166.05,6.803238,293668.93
2024-01-06 13:00:00,43136.69,43155.28,43116.46,43119.61,9.036587,389654.06
2024-01-06 13:01:00,43120.23,43128.07,43092.36,43094.4,27.83542,1199550.7
2024-01-06 13:02:00,43096.37,43102.45,43088.82,43090.76,26.15537,1127054.65
2024-01-06 13:03:00,43173.56,43202.39,43146.82,43185.22,5.55538,239910.31
2024-01-06 13:04:00,43219.02,43219.54,43196.21,43197.13,0.622483,26889.46
2024-01-06 13:05:00,43177.75,43211.05,43146.43,43155.09,52.057681,2246553.93
2024-01-06 13:06:00,43188.23,43192.25,43141.33,43166.12,29.913691,1291258.01
2024-01-06 13:07:00,43149.41,43157.91,43112.25,43148.52,4.964396,214206.33
2024-01-06 13:08:00,43150.43,43185.13,43145.76,43164.76,35.903049,1549746.31
2024-01-06 13:09:00,43197.61,43206.82,43193.59,43193.78,0.823427,35566.92
2024-01-06 13:10:00,43273.09,43280.88,43248.68,43254.25,16.532387,715095.93
2024-01-06 13:11:00,43273.52,43274.78,43242.08,43253.03,7.253628,313741.38
2024-01-06 13:12:00,43326.39,43337.79,43308.95,43334.98,9.306636,403302.89
2024-01-06 13:13:00,43386.69,43398.93,43375.69,43380.38,5.375837,233205.84
2024-01-06 13:14:00,43318.83,43346.84,43304.55,43345.01,11.395192,493924.7
2024-01-06 13:15:00,43475.2,43476.98,43444.68,43455.5,4.631617,201269.23
2024-01-06 13:16:00,43456.18,43489.56,43443.78,43471.85,15.554126,676166.65
2024-01-06 13:17:00,43445.8,43455.44,43413.57,43430.09,6.421375,278880.91
2024-01-06 13:18:00,43489.75,43538.24,43488.26,43512.74,0.034424,1497.9
2024-01-06 13:19:00,43637.26,43640.02,43605.01,43616.63,27.950784,1219118.96
2024-01-06 13:20:00,43621.41,43647.9,43608.98,43614.98,22.151419,966133.64
2024-01-06 13:21:00,43574.17,43600.0,43558.28,43589.8,4.576945,199508.08
2024-01-06 13:22:00,43595.0,43605.12,43567.15,43581.18,4.610955,200950.84
2024-01-06 13:23:00,43605.11,43630.37,43591.52,43616.91,5.603073,244388.73
2024-01-06 13:24:00,43695.8,43722.33,43652.87,43680.81,9.691182,423318.63
2024-01-06 13:25:00,43703.85,43729.98,43703.2,43709.33,12.920866,564762.42
2024-01-06 13:26:00,43680.0,43727.07,43671.81,43714.42,16.091955,703450.43
2024-01-06 13:27:00,43769.67,43796.44,43748.6,43789.32,16.24717,711452.47
2024-01-06 13:28:00,43765.07,43792.49,43751.66,43773.67,3.117332,136457.08
2024-01-06 13:29:00,43852.58,43879.53,43815.61,43825.22,31.68886,1388771.28
2024-01-06 13:30:00,43828.84,43847.81,43807.87,43810.82,26.29958,1152206.13
2024-01-06 13:31:00,43864.85,43879.9,43824.5,43832.37,36.455257,1597920.26
2024-01-06 13:32:00,43859.76,43861.92,43825.49,43826.69,8.767309,384242.14
2024-01-06 13:33:00,43813.2,43856.46,43800.75,43823.9,35.7333,1565972.5
2024-01-06 13:34:00,43801.26,43805.31,43794.11,43805.03,11.881491,520469.04
2024-01-06 13:35:00,43864.05,43890.06,43859.71,43872.27,23.803756,1044324.83
2024-01-06 13:36:00,43822.2,43857.2,43819.46,43835.63,23.487618,1029594.43
2024-01-06 13:37:00,43761.78,43800.52,43749.05,43798.61,19.1811,840105.58
2024-01-06 13:38:00,43904.37,43913.39,43891.56,43904.66,11.764482,516515.63
2024-01-06 13:39:00,43927.84,43978.15,43924.28,43953.56,29.101612,1279119.34
2024-01-06 13:40:00,43833.62,43842.85,43827.16,43834.3,17.03357,746654.63
2024-01-06 13:41:00,43848.35,43871.14,43801.36,43806.04,19.461709,852540.33
2024-01-06 13:42:00,43705.25,43724.4,43700.53,43715.44,0.326388,14268.21
2024-01-06 13:43:00,43671.8,43683.37,43654.39,43667.9,14.261633,622775.62
2024-01-06 13:44:00,43529.11,43532.89,43497.26,43510.98,18.524146,806003.68
2024-01-06 13:45:00,43509.73,43511.81,43473.41,43504.13,27.066485,1177503.82
2024-01-06 13:46:00,43452.88,43464.74,43431.41,43447.03,19.58747,851017.43
2024-01-06 13:47:00,43442.78,43454.87,43421.73,43450.03,16.422366,713552.23
2024-01-06 13:48:00,43364.13,43375.38,43359.7,43368.77,49.564459,2149549.64
2024-01-06 13:49:00,43353.72,43383.26,43349.6,43372.92,1.042284,45206.89
2024-01-06 13:50:00,43369.09,43391.18,43348.06,43352.17,23.153216,1003742.15
2024-01-06 13:51:00,43392.44,43435.48,43384.01,43427.27,32.496631,1411239.87
2024-01-06 13:52:00,43517.26,43526.91,43496.77,43497.84,25.484272,1108510.67
2024-01-06 13:53:00,43509.03,43542.98,43508.0,43537.1,12.991457,565610.39
2024-01-06 13:54:00,43540.02,43542.81,43511.57,43520.77,9.254718,402772.49
2024-01-06 13:55:00,43612.96,43623.77,43605.98,43620.04,20.752127,905208.63
2024-01-06 13:56:00,43517.75,43547.45,43512.17,43542.39,5.506749,239777.01
2024-01-06 13:57:00,43483.8,43493.42,43469.59,43472.21,23.897738,1038887.53
2024-01-06 13:58:00,43486.6,43487.05,43466.41,43468.02,4.820822,209551.58
2024-01-06 13:59:00,43571.96,43592.61,43559.68,43580.72,7.089278,308955.87
2024-01-06 14:00:00,43585.02,43596.43,43567.37,43570.61,47.635202,2075494.69
2024-01-06 14:01:00,43515.74,43561.95,43507.62,43561.44,0.392195,17084.58
2024-01-06 14:02:00,43462.94,43510.96,43445.99,43489.35,10.384828,451629.4
2024-01-06 14:03:00,43562.49,43594.52,43511.38,43536.65,18.611255,810271.59
2024-01-06 14:04:00,43579.83,43588.77,43566.49,43584.3,19.895869,867147.62
2024-01-06 14:05:00,43586.51,43636.2,43560.35,43623.76,15.857248,691752.77
2024-01-06 14:06:00,43578.32,43598.76,43570.26,43592.3,15.007803,654224.62
2024-01-06 14:07:00,43538.49,43568.6,43525.93,43556.96,13.240867,576731.96
2024-01-06 14:08:00,43488.99,43494.3,43480.49,43492.31,14.856579,646146.86
2024-01-06 14:09:00,43489.08,43502.18,43487.26,43496.5,32.799205,1426650.62
2024-01-06 14:10:00,43446.06,43472.34,43420.99,43442.48,24.784831,1076714.48
2024-01-06 14:11:00,43382.22,43397.86,43361.84,43383.61,34.117207,1480127.55
2024-01-06 14:12:00,43389.62,43409.83,43350.77,43362.42,10.064108,436404.11
2024-01-06 14:13:00,43346.46,43346.82,43330.42,43337.97,9.920408,429930.29
2024-01-06 14:14:00,43320.22,43332.56,43301.46,43311.07,16.561993,717317.61
2024-01-06 14:15:00,43357.69,43359.07,43322.22,43334.39,32.65704,1415172.87
2024-01-06 14:16:00,43330.57,43360.39,43311.32,43338.34,5.991322,259653.94
2024-01-06 14:17:00,43298.7,43325.02,43265.28,43323.93,4.805791,208205.76
2024-01-06 14:18:00,43357.22,43378.19,43309.65,43333.08,22.029344,954599.42
2024-01-06 14:19:00,43286.22,43316.2,43269.68,43283.51,17.260585,747098.68
2024-01-06 14:20:00,43291.56,43316.58,43277.45,43288.77,7.741724,335129.71
2024-01-06 14:21:00,43283.64,43303.48,43277.11,43296.3,1.321074,57197.6
2024-01-06 14:22:00,43208.81,43229.31,43202.96,43221.15,28.103801,1214678.58
2024-01-06 14:23:00,43287.87,43310.21,43261.19,43270.93,8.264108,357595.66
2024-01-06 14:24:00,43246.56,43271.33,43195.12,43226.86,10.017738,433035.37
2024-01-06 14:25:00,43247.05,43252.43,43228.5,43231.38,27.997474,1210369.41
2024-01-06 14:26:00,43305.46,43309.0,43285.63,43289.6,53.814716,2329617.45
2024-01-06 14:27:00,43347.26,43358.4,43325.44,43335.88,1.110751,48135.36
2024-01-06 14:28:00,43340.23,43350.62,43316.63,43337.6,7.524795,326106.57
2024-01-06 14:29:00,43315.97,43337.5,43312.33,43319.47,9.781179,423715.55
2024-01-06 14:30:00,43391.06,43409.21,43365.97,43366.85,19.536483,847235.75
2024-01-06 14:31:00,43393.11,43417.83,43381.17,43400.58,11.81038,512577.39
2024-01-06 14:32:00,43377.07,43388.2,43347.32,43369.67,2.535553,109966.09
2024-01-06 14:33:00,43313.84,43338.2,43313.5,43329.92,4.2944,186076.03
2024-01-06 14:34:00,43213.12,43235.82,43201.23,43226.3,41.127982,1777810.65
2024-01-06 14:35:00,43229.28,43244.49,43227.91,43234.01,33.857204,1463782.57
2024-01-06 14:36:00,43213.79,43255.44,43194.24,43229.87,20.734304,896341.28
2024-01-06 14:37:00,43302.64,43326.36,43279.44,43286.68,41.696485,1804902.42
2024-01-06 14:38:00,43277.67,43305.49,43274.84,43304.63,14.323024,620253.32
2024-01-06 14:39:00,43373.33,43380.79,43339.74,43371.34,13.20582,572754.18
2024-01-06 14:40:00,43339.13,43342.16,43316.19,43336.48,6.690872,289958.8
2024-01-06 14:41:00,43357.17,43399.84,43327.56,43393.38,2.233908,96936.82
2024-01-06 14:42:00,43358.12,43391.13,43350.85,43366.94,9.608179,416677.3
2024-01-06 14:43:00,43410.93,43434.11,43383.57,43405.82,43.51045,1888606.68
2024-01-06 14:44:00,43341.45,43375.26,43319.89,43332.88,7.198089,311913.93
2024-01-06 14:45:00,43340.55,43363.13,43334.64,43344.64,14.511796,629008.54
2024-01-06 14:46:00,43258.94,43270.47,43240.77,43245.4,11.445524,494966.31
2024-01-06 14:47:00,43229.86,43241.94,43224.14,43232.05,18.301297,791202.52
2024-01-06 14:48:00,43254.34,43257.91,43232.31,43254.06,1.117111,48319.57
2024-01-06 14:49:00,43233.05,43233.07,43215.63,43228.01,20.429201,883113.82
2024-01-06 14:50:00,43194.03,43213.75,43172.99,43175.49,7.570957,326879.8
2024-01-06 14:51:00,43204.28,43223.84,43201.7,43217.8,29.49079,1274527.02
2024-01-06 14:52:00,43202.89,43220.51,43195.41,43212.63,12.483418,539441.26
2024-01-06 14:53:00,43174.77,43190.66,43166.79,43188.15,10.129304,437465.88
2024-01-06 14:54:00,43183.6,43202.13,43176.12,43190.24,20.702254,894135.34
2024-01-06 14:55:00,43350.6,43355.13,43311.61,43322.08,12.005991,520124.43
2024-01-06 14:56:00,43391.2,43391.87,43374.44,43379.75,28.880584,1252832.53
2024-01-06 14:57:00,43415.26,43449.03,43399.84,43437.88,21.104216,916722.37
2024-01-06 14:58:00,43447.65,43461.36,43441.05,43459.66,28.219298,1226401.02
2024-01-06 14:59:00,43475.44,43491.63,43457.72,43467.98,24.329135,1057538.37
2024-01-06 15:00:00,43330.05,43348.78,43304.67,43348.18,37.205412,1612786.78
2024-01-06 15:01:00,43299.72,43315.56,43286.3,43314.23,26.578683,1151235.13
2024-01-06 15:02:00,43317.1,43353.17,43284.43,43290.2,44.951911,1945977.16
2024-01-06 15:03:00,43184.19,43199.91,43169.98,43196.45,0.82371,35581.34
2024-01-06 15:04:00,43157.68,43175.32,43137.88,43138.58,26.695683,1151613.95
2024-01-06 15:05:00,43064.65,43072.13,43035.19,43039.54,17.614336,758112.93
2024-01-06 15:06:00,43022.96,43047.18,42995.19,43037.63,28.941461,1245571.75
2024-01-06 15:07:00,43060.76,43084.96,43039.8,43078.56,11.128892,479416.67
2024-01-06 15:08:00,43128.38,43142.14,43114.06,43133.9,28.736012,1239496.33
2024-01-06 15:09:00,43132.87,43163.51,43113.32,43154.64,43.590221,1881120.37
2024-01-06 15:10:00,43108.89,43112.34,43105.21,43106.47,26.021934,1121713.78
2024-01-06 15:11:00,43005.76,43032.88,43002.12,43009.87,1.745088,75056.0
2024-01-06 15:12:00,42929.24,42940.11,42906.08,42922.03,11.759441,504739.04
2024-01-06 15:13:00,42886.51,42908.59,42856.71,42858.58,20.720217,888039.0
2024-01-06 15:14:00,42830.48,42833.86,42807.77,42814.13,4.281259,183298.4
2024-01-06 15:15:00,42815.93,42828.58,42804.65,42806.15,23.271982,996183.85
2024-01-06 15:16:00,42716.12,42760.71,42706.69,42755.44,0.134811,5763.91
2024-01-06 15:17:00,42781.25,42797.74,42765.07,42772.39,8.589557,367395.86
2024-01-06 15:18:00,42795.23,42806.99,42736.25,42760.77,5.165204,220868.1
2024-01-06 15:19:00,42701.09,42785.34,42689.47,42761.3,20.019044,856040.32
2024-01-06 15:20:00,42832.1,42852.94,42797.41,42818.31,12.443974,532829.97
2024-01-06 15:21:00,42756.11,42773.34,42735.07,42759.3,6.261714,267746.53
2024-01-06 15:22:00,42763.24,42792.79,42753.1,42780.24,46.010282,1968330.73
2024-01-06 15:23:00,42795.56,42795.92,42771.06,42779.54,7.225142,309088.23
2024-01-06 15:24:00,42797.06,42801.12,42740.24,42762.86,35.236483,1506812.91
2024-01-06 15:25:00,42822.63,42831.48,42797.37,42807.13,28.645948,1226250.69
2024-01-06 15:26:00,42843.65,42856.37,42828.26,42851.08,9.777922,418994.48
2024-01-06 15:27:00,42784.88,42805.78,42778.36,42803.75,6.589561,282057.91
2024-01-06 15:28:00,42797.54,42819.41,42789.64,42794.64,6.192114,264989.31
2024-01-06 15:29:00,42826.17,42840.61,42806.23,42808.7,6.304741,269897.81
2024-01-06 15:30:00,42787.31,42803.17,42775.33,42795.05,43.379533,1856429.46
2024-01-06 15:31:00,42818.5,42835.63,42814.14,42824.31,19.290643,826108.37
2024-01-06 15:32:00,42894.8,42913.6,42838.15,42838.36,15.207557,651466.88
2024-01-06 15:33:00,42951.57,42951.67,42913.72,42929.99,4.74522,203712.24
2024-01-06 15:34:00,42876.48,42888.16,42838.71,42853.48,44.569477,1909957.13
2024-01-06 15:35:00,42818.15,42854.72,42811.56,42847.36,26.858611,1150820.51
2024-01-06 15:36:00,42787.79,42809.5,42786.7,42801.93,29.78108,1274687.78
2024-01-06 15:37:00,42833.63,42837.95,42816.61,42832.14,15.563359,666611.95
2024-01-06 15:38:00,42731.26,42767.41,42729.38,42751.28,29.99875,1282484.95
2024-01-06 15:39:00,42800.6,42812.81,42753.89,42768.59,17.863685,764004.68
2024-01-06 15:40:00,42765.3,42776.8,42721.65,42737.09,2.574215,110014.47
2024-01-06 15:41:00,42689.71,42703.16,42683.22,42700.38,17.388316,742487.78
2024-01-06 15:42:00,42663.74,42666.02,42615.47,42628.06,51.941711,2214174.33
2024-01-06 15:43:00,42604.72,42604.84,42592.27,42604.81,14.076367,599720.86
2024-01-06 15:44:00,42710.82,42711.5,42656.35,42659.03,35.403395,1510274.48
2024-01-06 15:45:00,42660.66,42663.8,42655.41,42657.77,33.827594,1443009.77
2024-01-06 15:46:00,42700.68,42708.44,42686.01,42689.15,21.257394,907460.16
2024-01-06 15:47:00,42800.39,42807.03,42765.26,42772.39,43.135487,1845007.76
2024-01-06 15:48:00,42811.13,42834.7,42771.91,42785.57,33.458491,1431540.78
2024-01-06 15:49:00,42767.85,42769.82,42756.73,42757.63,26.727556,1142807.07
2024-01-06 15:50:00,42778.17,42803.58,42754.3,42781.0,44.556531,1906172.83
2024-01-06 15:51:00,42764.07,42773.6,42737.97,42753.78,2.948521,126060.43
2024-01-06 15:52:00,42712.24,42740.08,42700.33,42728.56,12.235441,522802.81
2024-01-06 15:53:00,42655.61,42664.77,42649.68,42652.57,45.011564,1919858.76
2024-01-06 15:54:00,42676.69,42700.63,42644.76,42698.88,13.993005,597485.62
2024-01-06 15:55:00,42643.96,42711.25,42628.51,42679.58,43.792175,1869031.63
2024-01-06 15:56:00,42689.69,42704.28,42688.12,42688.68,2.235206,95418.02
2024-01-06 15:57:00,42662.13,42672.78,42633.58,42636.89,22.317887,951565.2
2024-01-06 15:58:00,42677.2,42694.45,42651.8,42658.68,11.162704,476186.27
2024-01-06 15:59:00,42618.95,42642.88,42613.05,42620.59,39.812672,1696839.45
2024-01-06 16:00:00,42648.44,42666.8,42604.61,42613.5,4.767696,203168.23
2024-01-06 16:01:00,42646.01,42670.71,42635.47,42657.39,9.286067,396119.41
2024-01-06 16:02:00,42658.57,42719.12,42655.86,42696.93,0.64762,27651.37
2024-01-06 16:03:00,42652.19,42718.25,42630.08,42695.83,1.534948,65535.86
2024-01-06 16:04:00,42583.8,42609.99,42580.17,42607.42,2.943001,125393.68
2024-01-06 16:05:00,42773.4,42778.85,42746.46,42757.06,3.774461,161384.86
2024-01-06 16:06:00,42831.66,42857.19,42816.98,42844.36,32.434346,1389628.64
2024-01-06 16:07:00,42889.71,42925.62,42879.13,42880.49,38.15639,1636164.7
2024-01-06 16:08:00,42875.76,42902.99,42822.71,42842.83,17.83855,764253.95
2024-01-06 16:09:00,42815.15,42838.84,42797.1,42837.15,2.946591,126223.55
2024-01-06 16:10:00,42819.55,42833.29,42805.72,42809.98,1.68061,71946.89
2024-01-06 16:11:00,42883.95,42884.85,42850.86,42873.17,31.458226,1348713.92
2024-01-06 16:12:00,42869.08,42893.68,42866.72,42886.3,17.593714,754529.25
2024-01-06 16:13:00,42874.17,42908.99,42839.2,42847.09,3.654604,156589.16
2024-01-06 16:14:00,42817.8,42829.32,42817.69,42823.55,39.422007,1688190.33
2024-01-06 16:15:00,42871.94,42892.33,42859.55,42879.61,17.562278,753063.64
2024-01-06 16:16:00,43001.85,43006.18,42956.56,42959.62,1.847049,79348.5
2024-01-06 16:17:00,43046.49,43071.04,43027.07,43036.03,8.088767,348108.42
2024-01-06 16:18:00,43092.39,43093.31,43070.36,43073.88,19.304591,831523.7
2024-01-06 16:19:00,43088.35,43100.63,43056.5,43061.25,46.058913,1983354.48
2024-01-06 16:20:00,42886.17,42912.76,42876.24,42899.18,17.408618,746815.38
2024-01-06 16:21:00,42939.03,42961.84,42909.61,42914.03,3.96124,169992.8
2024-01-06 16:22:00,42903.91,42923.22,42889.74,42913.94,18.563382,796627.9
2024-01-06 16:23:00,42910.05,42937.64,42902.93,42920.94,25.799032,1107318.75
2024-01-06 16:24:00,42918.2,42955.44,42916.21,42923.64,2.937884,126104.65
2024-01-06 16:25:00,42844.88,42879.43,42838.16,42857.32,7.933926,340026.82
2024-01-06 16:26:00,42901.64,42913.15,42877.3,42885.19,6.554729,281100.84
2024-01-06 16:27:00,42922.15,42934.65,42897.64,42916.81,12.325739,528981.33
2024-01-06 16:28:00,42941.1,42959.63,42938.78,42950.92,6.874593,295270.11
2024-01-06 16:29:00,43011.74,43025.5,42998.12,42998.25,9.433641,405630.05
2024-01-06 16:30:00,43022.95,43044.74,43005.22,43028.45,11.698,503346.83
2024-01-06 16:31:00,43001.39,43015.86,42998.05,43007.95,5.887744,253219.79
2024-01-06 16:32:00,43005.38,43008.42,43001.09,43004.41,26.291264,1130640.3
2024-01-06 16:33:00,43018.24,43038.64,43008.66,43008.97,11.148271,479475.62
2024-01-06 16:34:00,43022.15,43038.73,43008.92,43014.35,10.794856,464333.71
2024-01-06 16:35:00,43057.0,43088.49,43046.11,43064.26,58.137513,2503649.12
2024-01-06 16:36:00,43113.39,43125.22,43095.58,43096.45,43.177037,1860776.85
2024-01-06 16:37:00,43195.86,43219.81,43157.03,43200.31,58.869453,2543178.77
2024-01-06 16:38:00,43297.54,43321.6,43294.42,43310.64,3.142094,136086.08
2024-01-06 16:39:00,43285.26,43315.47,43244.06,43314.62,6.703721,290369.14
2024-01-06 16:40:00,43142.45,43168.03,43106.11,43122.79,26.129983,1126797.68
2024-01-06 16:41:00,43184.88,43202.17,43176.65,43184.63,32.160562,1388841.9
2024-01-06 16:42:00,43161.83,43190.52,43147.96,43157.61,13.934545,601381.64
2024-01-06 16:43:00,43138.45,43163.09,43108.82,43117.53,32.074806,1382986.56
2024-01-06 16:44:00,43088.06,43113.37,43069.48,43097.61,9.622091,414689.17
2024-01-06 16:45:00,43047.79,43104.08,43040.64,43075.28,18.450093,794742.92
2024-01-06 16:46:00,43107.29,43111.65,43102.98,43105.89,3.203466,138088.28
2024-01-06 16:47:00,43034.08,43034.78,43022.13,43027.92,17.300205,744391.86
2024-01-06 16:48:00,42968.78,42987.66,42953.48,42974.04,4.846887,208290.3
2024-01-06 16:49:00,43020.67,43025.01,42979.11,42991.19,54.932768,2361625.26
2024-01-06 16:50:00,42972.62,43027.94,42954.75,43022.34,2.066112,88888.96
2024-01-06 16:51:00,43076.82,43084.1,43047.85,43054.42,1.479534,63700.48
2024-01-06 16:52:00,43030.89,43054.39,43010.01,43015.07,16.207939,697185.55
2024-01-06 16:53:00,42975.29,42978.78,42952.14,42966.15,20.952423,900245.01
2024-01-06 16:54:00,42874.1,42942.2,42858.3,42940.82,17.554196,753791.61
2024-01-06 16:55:00,42978.49,42985.06,42947.08,42952.81,27.944977,1200315.41
2024-01-06 16:56:00,43006.56,43042.12,42998.16,43027.09,6.640417,285717.8
2024-01-06 16:57:00,42914.56,42938.22,42911.71,42924.72,19.111761,820366.93
2024-01-06 16:58:00,42910.27,42922.96,42899.96,42913.68,10.88389,467067.79
2024-01-06 16:59:00,42855.19,42868.42,42839.86,42847.05,7.510012,321781.82
2024-01-06 17:00:00,42777.22,42782.13,42750.7,42764.43,17.137741,732885.8
2024-01-06 17:01:00,42830.64,42837.13,42811.98,42812.78,21.58033,923913.95
2024-01-06 17:02:00,42856.33,42869.14,42825.99,42840.01,18.257656,782158.24
2024-01-06 17:03:00,42867.54,42881.6,42849.44,42862.49,23.604191,1011734.27
2024-01-06 17:04:00,42916.85,42917.32,42885.49,42908.54,15.843175,679807.43
2024-01-06 17:05:00,42862.74,42890.07,42850.06,42884.55,4.189086,179647.06
2024-01-06 17:06:00,42847.9,42868.3,42847.43,42862.92,1.280455,54884.02
2024-01-06 17:07:00,42990.11,42994.73,42958.44,42972.21,32.7379,1406819.75
2024-01-06 17:08:00,42976.62,42994.1,42959.51,42959.88,21.886732,940251.31
2024-01-06 17:09:00,43011.11,43026.05,42988.21,42996.63,6.484899,278828.83
2024-01-06 17:10:00,42986.66,43013.87,42985.89,42996.95,6.848097,294447.3
2024-01-06 17:11:00,42922.75,42933.63,42888.69,42904.54,36.588251,1569802.03
2024-01-06 17:12:00,42779.08,42808.46,42777.3,42802.31,39.860392,1706116.77
2024-01-06 17:13:00,42794.91,42811.92,42756.45,42773.36,17.376189,743237.95
2024-01-06 17:14:00,42820.95,42844.4,42816.23,42826.16,36.323935,1555614.78
2024-01-06 17:15:00,42899.26,42910.8,42841.22,42865.58,34.792959,1491420.29
2024-01-06 17:16:00,42880.85,42936.61,42854.28,42911.28,13.572264,582403.25
2024-01-06 17:17:00,42897.2,42907.07,42856.24,42861.93,8.184799,350816.26
2024-01-06 17:18:00,42935.49,42950.63,42925.77,42942.72,1.008713,43316.88
2024-01-06 17:19:00,42886.89,42910.72,42873.75,42894.48,15.068077,646337.31
2024-01-06 17:20:00,42909.02,42911.3,42885.1,42905.12,16.778862,719899.08
2024-01-06 17:21:00,42890.66,42924.92,42886.84,42904.6,6.598866,283121.71
2024-01-06 17:22:00,42894.46,42929.08,42889.19,42895.91,18.69841,802085.28
2024-01-06 17:23:00,42948.09,42978.26,42942.93,42962.84,19.176214,823864.6
2024-01-06 17:24:00,42913.56,42929.0,42881.27,42927.58,60.358036,2591024.58
2024-01-06 17:25:00,42869.84,42880.33,42839.78,42860.1,33.933673,1454400.73
2024-01-06 17:26:00,42843.07,42861.33,42814.5,42861.1,20.938333,897440.03
2024-01-06 17:27:00,42825.75,42868.65,42812.02,42841.11,32.739234,1402585.14
2024-01-06 17:28:00,42982.52,43019.8,42976.34,43009.98,17.846188,767564.21
2024-01-06 17:29:00,43033.73,43058.08,43030.48,43043.81,41.645351,1792574.39
2024-01-06 17:30:00,43049.57,43059.72,43007.21,43023.34,1.460792,62848.16
2024-01-06 17:31:00,42953.61,42997.44,42935.7,42970.53,53.81362,2312399.93
2024-01-06 17:32:00,42861.89,42893.35,42848.14,42876.52,20.877288,895145.42
2024-01-06 17:33:00,42829.14,42835.75,42818.51,42825.26,15.8911,680540.43
2024-01-06 17:34:00,42823.59,42843.19,42818.58,42831.0,9.815396,420403.29
2024-01-06 17:35:00,42946.93,42975.32,42897.86,42902.37,40.074006,1719269.89
2024-01-06 17:36:00,42955.2,42969.38,42947.32,42958.46,6.612527,284063.95
2024-01-06 17:37:00,42976.61,42990.71,42932.39,42969.91,1.287473,55322.59
2024-01-06 17:38:00,42972.63,43006.22,42949.47,42953.75,27.62154,1186448.78
2024-01-06 17:39:00,42985.68,42997.16,42960.79,42967.19,27.923077,1199776.22
2024-01-06 17:40:00,42945.93,42967.29,42924.45,42941.26,21.753303,934114.26
2024-01-06 17:41:00,43023.96,43056.73,43023.52,43027.18,10.204043,439051.16
2024-01-06 17:42:00,43058.2,43078.09,43017.43,43017.72,24.804899,1067050.16
2024-01-06 17:43:00,43011.41,43028.51,42990.19,43013.4,22.919801,985858.62
2024-01-06 17:44:00,42893.78,42913.35,42883.6,42902.61,2.689665,115393.67
2024-01-06 17:45:00,42879.92,42907.68,42868.98,42892.84,5.696744,244349.5
2024-01-06 17:46:00,42900.13,42939.24,42878.86,42934.66,24.305445,1043546.12
2024-01-06 17:47:00,42897.71,42900.41,42875.27,42881.28,6.446473,276433.01
2024-01-06 17:48:00,42796.78,42846.77,42781.7,42843.74,16.162986,692482.8
2024-01-06 17:49:00,42883.26,42888.59,42876.44,42883.38,13.253362,568348.92
2024-01-06 17:50:00,42805.45,42812.94,42802.81,42809.54,6.791653,290747.55
2024-01-06 17:51:00,42907.23,42908.95,42861.89,42862.43,1.959384,83983.97
2024-01-06 17:52:00,42799.19,42843.38,42789.38,42835.83,30.930323,1324925.98
2024-01-06 17:53:00,42798.38,42821.68,42786.82,42816.4,9.727284,416487.27
2024-01-06 17:54:00,42757.48,42764.91,42744.8,42760.2,26.959649,1152800.13
2024-01-06 17:55:00,42775.16,42807.58,42754.99,42779.11,5.492139,234948.81
2024-01-06 17:56:00,42891.11,42907.82,42855.67,42902.1,4.798865,205881.38
2024-01-06 17:57:00,42939.56,42943.94,42939.19,42941.18,12.431383,533818.21
2024-01-06 17:58:00,42872.77,42901.54,42854.58,42897.96,8.271921,354848.55
2024-01-06 17:59:00,42961.89,42976.35,42917.03,42954.74,18.41056,790820.88
2024-01-06 18:00:00,42892.48,42955.28,42888.5,42938.91,9.457613,406099.58
2024-01-06 18:01:00,43007.12,43009.19,42985.21,43007.63,9.674046,416057.84
2024-01-06 18:02:00,43035.96,43085.58,43023.04,43047.97,22.328697,961204.98
2024-01-06 18:03:00,42921.14,42925.21,42900.05,42900.81,9.07096,389151.53
2024-01-06 18:04:00,42885.71,42901.8,42845.58,42850.61,13.741346,588825.0
2024-01-06 18:05:00,42891.2,42908.72,42871.49,42897.82,9.036313,387638.18
2024-01-06 18:06:00,42933.22,42935.87,42878.87,42905.41,2.54371,109138.92
2024-01-06 18:07:00,42847.9,42862.15,42833.39,42854.22,12.859236,551072.52
2024-01-06 18:08:00,42803.22,42835.43,42795.9,42822.54,4.241301,181623.28
2024-01-06 18:09:00,42762.15,42776.72,42711.76,42727.23,4.945128,211291.62
2024-01-06 18:10:00,42733.23,42748.9,42705.47,42722.81,8.341298,356363.68
2024-01-06 18:11:00,42833.43,42837.83,42830.96,42833.34,23.000767,985199.76
2024-01-06 18:12:00,42887.33,42891.96,42873.11,42873.59,10.407649,446213.28
2024-01-06 18:13:00,42988.6,43001.37,42978.42,42983.11,34.913365,1500685.08
2024-01-06 18:14:00,43025.85,43029.57,43021.18,43027.23,5.630317,242256.94
2024-01-06 18:15:00,43052.08,43092.63,43039.23,43078.61,3.193169,137557.27
2024-01-06 18:16:00,43171.9,43185.14,43171.13,43177.31,20.787309,897540.07
2024-01-06 18:17:00,43208.64,43228.36,43192.17,43196.17,10.688925,461720.66
2024-01-06 18:18:00,43184.36,43191.91,43179.15,43186.81,25.197854,1088214.96
2024-01-06 18:19:00,43256.49,43260.28,43213.96,43238.44,30.021138,1298067.3
2024-01-06 18:20:00,43318.81,43335.5,43308.34,43311.14,20.337029,880819.81
2024-01-06 18:21:00,43269.58,43289.24,43259.24,43287.14,0.385541,16688.96
2024-01-06 18:22:00,43224.68,43265.38,43222.41,43251.06,10.751686,465021.79
2024-01-06 18:23:00,43254.86,43266.32,43241.28,43258.0,8.2366,356298.85
2024-01-06 18:24:00,43289.09,43307.8,43280.75,43299.58,36.932322,1599153.92
2024-01-06 18:25:00,43346.21,43351.19,43321.53,43339.48,27.209927,1179264.15
2024-01-06 18:26:00,43253.91,43283.59,43227.8,43268.27,42.28189,1829464.4
2024-01-06 18:27:00,43351.55,43369.2,43328.39,43363.85,24.128882,1046321.31
2024-01-06 18:28:00,43352.86,43378.8,43313.22,43331.8,13.042729,565164.87
2024-01-06 18:29:00,43321.51,43324.73,43305.24,43318.54,18.670499,808778.79
2024-01-06 18:30:00,43259.35,43280.21,43246.18,43273.41,23.441356,1014387.4
2024-01-06 18:31:00,43408.68,43432.78,43385.9,43408.33,1.218934,52911.89
2024-01-06 18:32:00,43448.01,43461.28,43406.61,43420.43,22.70206,985733.22
2024-01-06 18:33:00,43383.76,43402.22,43372.92,43377.88,9.879948,428571.19
2024-01-06 18:34:00,43432.94,43444.74,43415.02,43421.08,21.564803,936366.95
2024-01-06 18:35:00,43444.49,43484.63,43427.65,43459.53,19.267128,837340.39
2024-01-06 18:36:00,43470.68,43473.82,43422.97,43450.15,10.887993,473084.92
2024-01-06 18:37:00,43538.54,43546.51,43477.59,43492.18,31.907628,1387732.2
2024-01-06 18:38:00,43435.08,43458.5,43434.72,43450.91,39.037735,1696225.25
2024-01-06 18:39:00,43402.63,43449.57,43399.39,43426.27,15.079345,654839.65
2024-01-06 18:40:00,43329.27,43339.06,43319.78,43325.76,2.961553,128311.5
2024-01-06 18:41:00,43277.07,43280.37,43250.55,43259.56,3.184059,137740.98
2024-01-06 18:42:00,43348.11,43355.05,43342.57,43349.94,2.527295,109558.09
2024-01-06 18:43:00,43410.95,43433.14,43402.47,43432.01,28.1554,1222845.66
2024-01-06 18:44:00,43433.13,43472.87,43427.92,43435.3,67.429508,2928820.97
2024-01-06 18:45:00,43530.41,43530.87,43494.06,43518.45,12.274292,534158.13
2024-01-06 18:46:00,43502.3,43523.26,43490.65,43510.44,18.495361,804741.39
2024-01-06 18:47:00,43510.42,43527.74,43486.96,43498.27,15.91065,692085.78
2024-01-06 18:48:00,43524.39,43543.18,43474.75,43501.1,16.339672,710793.67
2024-01-06 18:49:00,43499.66,43512.55,43483.2,43494.85,36.659945,1594518.9
2024-01-06 18:50:00,43483.53,43494.05,43471.29,43484.09,17.465859,759487.06
2024-01-06 18:51:00,43557.85,43568.05,43524.7,43541.26,32.725961,1424929.66
2024-01-06 18:52:00,43531.65,43567.77,43527.4,43548.77,18.736492,815951.17
2024-01-06 18:53:00,43565.3,43593.47,43563.65,43584.39,11.338817,494195.47
2024-01-06 18:54:00,43630.63,43645.42,43596.45,43635.96,4.971321,216928.4
2024-01-06 18:55:00,43645.53,43661.75,43615.6,43655.37,7.208364,314683.79
2024-01-06 18:56:00,43590.79,43614.35,43588.15,43606.86,5.70584,248813.77
2024-01-06 18:57:00,43575.82,43584.02,43539.2,43539.22,26.467955,1152393.97
2024-01-06 18:58:00,43590.09,43594.12,43527.0,43546.65,22.174045,965605.49
2024-01-06 18:59:00,43531.02,43548.38,43516.18,43538.09,32.379636,1409747.54
2024-01-06 19:00:00,43544.3,43558.13,43537.99,43542.46,21.08027,917886.85
2024-01-06 19:01:00,43537.9,43578.47,43508.61,43541.66,29.823285,1298555.29
2024-01-06 19:02:00,43692.99,43703.59,43662.37,43670.84,4.590936,200490.02
2024-01-06 19:03:00,43630.44,43632.92,43589.88,43604.33,9.054079,394797.0
2024-01-06 19:04:00,43469.28,43513.98,43450.69,43504.83,28.351515,1233427.81
2024-01-06 19:05:00,43530.97,43553.03,43509.8,43521.45,10.256481,446376.89
2024-01-06 19:06:00,43476.49,43533.17,43469.71,43502.63,22.143653,963307.07
2024-01-06 19:07:00,43553.6,43554.37,43498.28,43518.43,19.51328,849187.32
2024-01-06 19:08:00,43556.43,43581.16,43528.69,43547.62,4.950742,215593.05
2024-01-06 19:09:00,43595.36,43613.91,43593.73,43611.83,4.659226,203197.36
2024-01-06 19:10:00,43531.64,43541.89,43528.61,43536.47,25.425041,1106916.47
2024-01-06 19:11:00,43502.85,43509.0,43495.71,43508.63,5.521126,240216.64
2024-01-06 19:12:00,43540.57,43573.26,43499.27,43530.07,21.111597,918989.28
2024-01-06 19:13:00,43589.43,43600.71,43559.54,43568.59,3.496294,152328.59
2024-01-06 19:14:00,43655.3,43692.27,43655.15,43678.27,42.469528,1854995.33
2024-01-06 19:15:00,43762.83,43763.25,43684.69,43726.05,34.11131,1491552.89
2024-01-06 19:16:00,43755.33,43760.31,43710.82,43723.21,0.924512,40422.62
2024-01-06 19:17:00,43661.18,43694.53,43616.27,43678.69,4.69268,204970.09
2024-01-06 19:18:00,43651.93,43663.32,43647.66,43650.48,54.461505,2377270.56
2024-01-06 19:19:00,43655.06,43667.32,43608.68,43620.84,26.943898,1175315.47
2024-01-06 19:20:00,43678.26,43700.92,43651.15,43653.6,11.405504,497891.33
2024-01-06 19:21:00,43659.72,43667.59,43638.25,43666.45,13.714051,598843.96
2024-01-06 19:22:00,43616.56,43617.79,43593.34,43600.27,12.977846,565837.58
2024-01-06 19:23:00,43638.42,43638.43,43555.97,43578.47,9.660528,420991.07
2024-01-06 19:24:00,43624.45,43635.92,43612.29,43622.35,11.419551,498147.66
2024-01-06 19:25:00,43627.28,43649.31,43617.7,43639.93,1.953674,85258.21
2024-01-06 19:26:00,43671.82,43688.74,43667.17,43668.37,18.72079,817506.34
2024-01-06 19:27:00,43692.44,43699.06,43679.99,43687.51,24.496212,1070178.57
2024-01-06 19:28:00,43758.34,43783.19,43735.66,43768.83,7.350244,321711.62
2024-01-06 19:29:00,43789.47,43818.73,43774.86,43780.64,25.509695,1116830.7
2024-01-06 19:30:00,43736.25,43775.05,43727.44,43761.34,15.488561,677800.12
2024-01-06 19:31:00,43702.24,43717.91,43681.74,43715.55,38.441585,1680494.95
2024-01-06 19:32:00,43743.19,43752.67,43710.7,43728.03,35.954201,1572206.31
2024-01-06 19:33:00,43570.9,43616.64,43549.94,43605.99,21.488568,937030.34
2024-01-06 19:34:00,43614.84,43623.68,43584.75,43596.78,0.117604,5127.15
2024-01-06 19:35:00,43546.25,43587.58,43543.16,43586.49,2.053421,89501.39
2024-01-06 19:36:00,43483.64,43530.03,43470.52,43518.26,18.757899,816311.19
2024-01-06 19:37:00,43461.87,43471.86,43441.98,43471.85,4.802639,208779.61
2024-01-06 19:38:00,43518.07,43519.0,43507.12,43512.33,21.161837,920800.9
2024-01-06 19:39:00,43550.37,43553.75,43505.15,43523.87,0.611423,26611.48
2024-01-06 19:40:00,43530.11,43537.6,43515.25,43528.96,24.257638,1055909.7
2024-01-06 19:41:00,43539.34,43557.69,43520.39,43544.27,25.449762,1108191.43
2024-01-06 19:42:00,43560.5,43571.63,43518.13,43548.91,5.833917,254060.71
2024-01-06 19:43:00,43593.63,43641.73,43587.8,43611.05,3.725415,162469.25
2024-01-06 19:44:00,43620.01,43629.17,43598.65,43617.22,43.625848,1902838.25
2024-01-06 19:45:00,43520.32,43551.79,43508.98,43544.31,17.933085,780883.82
2024-01-06 19:46:00,43627.47,43641.04,43625.23,43625.82,6.18119,269659.46
2024-01-06 19:47:00,43641.74,43658.63,43638.92,43644.33,13.781958,601504.39
2024-01-06 19:48:00,43598.79,43627.1,43588.08,43614.87,29.317811,1278692.55
2024-01-06 19:49:00,43555.5,43567.65,43529.42,43552.2,27.940899,1216887.65
2024-01-06 19:50:00,43575.17,43586.57,43549.1,43572.0,0.134621,5865.69
2024-01-06 19:51:00,43589.65,43594.88,43543.89,43566.14,15.1802,661342.67
2024-01-06 19:52:00,43612.73,43660.74,43605.86,43644.85,17.711986,773036.87
2024-01-06 19:53:00,43626.03,43639.25,43616.64,43627.55,21.878438,954502.63
2024-01-06 19:54:00,43570.48,43604.19,43560.5,43585.68,2.545198,110934.2
2024-01-06 19:55:00,43647.87,43651.96,43614.29,43630.47,12.063268,526326.06
2024-01-06 19:56:00,43691.81,43694.78,43671.66,43676.73,10.495172,458394.84
2024-01-06 19:57:00,43695.32,43696.85,43681.78,43685.17,19.234986,840283.6
2024-01-06 19:58:00,43704.91,43724.92,43703.12,43718.99,0.258023,11280.52
2024-01-06 19:59:00,43734.81,43741.1,43708.36,43717.1,15.237864,666155.25
2024-01-06 20:00:00,43698.19,43731.12,43686.93,43728.79,17.219474,752986.83
2024-01-06 20:01:00,43752.34,43802.08,43749.89,43787.04,32.909279,1441000.03
2024-01-06 20:02:00,43792.79,43833.43,43778.29,43818.31,1.586335,69510.52
2024-01-06 20:03:00,43809.18,43815.22,43785.65,43809.85,12.785121,560114.17
2024-01-06 20:04:00,43890.97,43896.93,43860.79,43877.46,8.653607,379698.31
2024-01-06 20:05:00,43699.7,43774.3,43692.11,43759.22,43.750041,1914467.73
2024-01-06 20:06:00,43888.28,43902.14,43847.09,43861.82,25.262482,1108058.54
2024-01-06 20:07:00,43779.15,43784.17,43758.8,43776.53,36.261199,1587389.37
2024-01-06 20:08:00,43713.82,43748.57,43703.11,43745.17,7.839229,342928.4
2024-01-06 20:09:00,43745.15,43765.06,43735.26,43743.13,2.414494,105617.51
2024-01-06 20:10:00,43757.65,43788.73,43734.03,43735.8,5.8327,255097.81
2024-01-06 20:11:00,43798.11,43834.52,43781.06,43786.12,5.088522,222806.65
2024-01-06 20:12:00,43755.21,43766.92,43718.54,43733.23,30.11154,1316874.92
2024-01-06 20:13:00,43718.94,43764.66,43706.58,43746.27,9.150765,400311.83
2024-01-06 20:14:00,43709.08,43718.74,43692.71,43717.36,26.391788,1153779.27
2024-01-06 20:15:00,43713.62,43756.17,43713.44,43732.12,39.550073,1729608.36
2024-01-06 20:16:00,43763.23,43768.27,43715.06,43728.88,0.580764,25396.18
2024-01-06 20:17:00,43746.31,43747.81,43721.86,43733.52,6.305924,275780.27
2024-01-06 20:18:00,43762.97,43800.46,43680.36,43706.03,35.693029,1560000.54
2024-01-06 20:19:00,43671.17,43693.7,43669.17,43680.52,12.067932,527133.58
2024-01-06 20:20:00,43680.39,43695.2,43653.62,43694.89,7.9938,349288.21
2024-01-06 20:21:00,43739.22,43745.05,43733.31,43742.07,0.659048,28828.12
2024-01-06 20:22:00,43739.73,43757.95,43691.78,43712.16,7.480475,326987.73
2024-01-06 20:23:00,43661.4,43679.65,43653.44,43668.72,12.067812,526985.91
2024-01-06 20:24:00,43701.88,43710.19,43698.62,43699.39,30.261974,1322429.92
2024-01-06 20:25:00,43699.7,43720.45,43674.75,43697.77,22.850595,998520.03
2024-01-06 20:26:00,43740.08,43742.09,43734.38,43739.29,16.571095,724807.98
2024-01-06 20:27:00,43680.96,43712.57,43668.02,43694.0,56.144775,2453190.04
2024-01-06 20:28:00,43602.29,43610.81,43600.41,43605.03,4.161459,181460.55
2024-01-06 20:29:00,43574.78,43583.41,43545.38,43578.38,17.198027,749462.2
2024-01-06 20:30:00,43539.91,43570.37,43523.52,43540.06,33.483042,1457853.81
2024-01-06 20:31:00,43555.0,43567.32,43515.42,43536.13,47.336762,2060859.21
2024-01-06 20:32:00,43539.5,43570.31,43495.06,43504.28,2.703843,117628.73
2024-01-06 20:33:00,43524.53,43550.32,43521.16,43541.33,37.556037,1635239.94
2024-01-06 20:34:00,43519.09,43545.89,43511.11,43526.93,0.669116,29124.58
2024-01-06 20:35:00,43517.95,43543.61,43499.06,43534.45,21.69506,944482.52
2024-01-06 20:36:00,43546.07,43550.24,43513.08,43542.33,22.805459,993002.84
2024-01-06 20:37:00,43541.31,43559.81,43519.47,43552.08,2.621058,114152.52
2024-01-06 20:38:00,43555.67,43557.18,43526.65,43550.87,46.9345,2044038.47
2024-01-06 20:39:00,43598.48,43604.2,43576.27,43576.4,49.231652,2145338.34
2024-01-06 20:40:00,43486.1,43548.9,43456.67,43536.62,10.42413,453831.4
2024-01-06 20:41:00,43616.43,43633.47,43588.83,43606.59,14.021085,611411.72
2024-01-06 20:42:00,43585.56,43608.05,43567.04,43594.76,28.290046,1233297.87
2024-01-06 20:43:00,43538.4,43546.38,43510.75,43529.19,27.651667,1203654.57
2024-01-06 20:44:00,43520.66,43542.03,43514.32,43538.59,10.524612,458226.78
2024-01-06 20:45:00,43519.96,43535.52,43492.0,43496.03,23.063557,1003173.2
2024-01-06 20:46:00,43547.56,43548.87,43527.23,43529.3,23.349685,1016395.41
2024-01-06 20:47:00,43651.15,43658.41,43618.76,43639.78,11.719464,511434.81
2024-01-06 20:48:00,43616.31,43618.44,43592.13,43600.45,2.524618,110074.49
2024-01-06 20:49:00,43602.16,43633.8,43590.84,43617.07,21.338028,930702.24
2024-01-06 20:50:00,43516.9,43529.55,43506.47,43529.29,1.972036,85841.35
2024-01-06 20:51:00,43567.04,43569.0,43533.85,43551.99,20.38394,887761.11
2024-01-06 20:52:00,43492.35,43519.1,43491.56,43507.7,9.180598,399426.71
2024-01-06 20:53:00,43505.37,43521.4,43466.4,43476.46,33.850617,1471705.02
2024-01-06 20:54:00,43414.93,43452.0,43413.24,43421.4,32.555171,1413590.98
2024-01-06 20:55:00,43468.04,43470.69,43454.24,43458.0,31.705894,1377874.9
2024-01-06 20:56:00,43550.35,43555.66,43495.93,43508.37,0.755374,32865.08
2024-01-06 20:57:00,43495.41,43512.23,43478.11,43509.54,15.899506,691780.17
2024-01-06 20:58:00,43467.69,43468.11,43457.1,43466.32,9.304685,404440.38
2024-01-06 20:59:00,43566.88,43580.06,43531.15,43545.79,15.198688,661838.94
2024-01-06 21:00:00,43527.3,43534.18,43504.02,43508.27,33.637068,1463490.74
2024-01-06 21:01:00,43393.62,43404.35,43375.35,43400.17,13.73048,595905.21
2024-01-06 21:02:00,43412.76,43424.28,43409.7,43423.09,15.879074,689518.49
2024-01-06 21:03:00,43363.19,43386.15,43349.38,43367.85,12.103893,524919.85
2024-01-06 21:04:00,43446.24,43448.52,43404.45,43417.28,4.586482,199132.6
2024-01-06 21:05:00,43392.64,43399.18,43388.19,43398.23,6.315634,274087.32
2024-01-06 21:06:00,43429.97,43454.53,43420.99,43428.41,56.11309,2436902.37
2024-01-06 21:07:00,43489.95,43502.96,43482.16,43498.49,9.889327,430170.76
2024-01-06 21:08:00,43452.15,43455.15,43421.04,43438.04,19.900664,864445.92
2024-01-06 21:09:00,43412.86,43426.64,43392.82,43409.75,11.733851,509363.51
2024-01-06 21:10:00,43385.89,43418.53,43383.13,43405.96,30.186779,1310286.2
2024-01-06 21:11:00,43463.46,43503.48,43452.69,43482.84,5.715777,248538.24
2024-01-06 21:12:00,43409.95,43476.38,43393.43,43449.92,5.510703,239439.63
2024-01-06 21:13:00,43403.57,43420.63,43396.59,43420.2,12.282933,533327.38
2024-01-06 21:14:00,43459.98,43468.07,43442.88,43444.1,18.676424,811380.48
2024-01-06 21:15:00,43441.72,43466.12,43414.05,43415.24,26.111007,1133615.67
2024-01-06 21:16:00,43436.58,43448.51,43406.4,43422.87,9.584027,416165.95
2024-01-06 21:17:00,43356.38,43357.61,43338.67,43345.29,36.752749,1593058.61
2024-01-06 21:18:00,43453.48,43477.41,43438.14,43456.01,2.955925,128452.72
2024-01-06 21:19:00,43404.12,43423.94,43386.46,43388.62,5.698308,247241.74
2024-01-06 21:20:00,43378.26,43383.3,43367.44,43372.53,33.014115,1431905.83
2024-01-06 21:21:00,43407.0,43410.73,43349.93,43370.91,7.023682,304623.47
2024-01-06 21:22:00,43464.58,43475.2,43458.5,43466.55,25.538179,1110056.43
2024-01-06 21:23:00,43427.16,43427.59,43394.9,43400.3,63.329354,2748513.16
2024-01-06 21:24:00,43516.97,43537.83,43490.94,43499.49,1.541286,67045.15
2024-01-06 21:25:00,43552.06,43566.13,43528.39,43537.35,6.458906,281203.61
2024-01-06 21:26:00,43517.97,43578.58,43512.84,43558.2,17.924363,780753.01
2024-01-06 21:27:00,43527.55,43534.95,43505.35,43508.97,39.832475,1733069.97
2024-01-06 21:28:00,43534.98,43555.29,43526.65,43537.53,7.697464,335128.57
2024-01-06 21:29:00,43492.47,43504.24,43491.33,43501.35,24.585385,1069497.51
2024-01-06 21:30:00,43535.03,43592.16,43528.05,43564.69,16.957702,738756.97
2024-01-06 21:31:00,43516.02,43537.55,43491.04,43516.13,8.555201,372289.25
2024-01-06 21:32:00,43511.15,43538.71,43494.58,43510.47,1.591568,69249.88
2024-01-06 21:33:00,43456.65,43501.89,43451.58,43482.71,2.184306,94979.53
2024-01-06 21:34:00,43403.87,43444.98,43396.3,43433.34,71.310518,3097253.62
2024-01-06 21:35:00,43480.13,43497.67,43465.92,43470.4,20.820964,905095.68
2024-01-06 21:36:00,43514.61,43539.42,43494.79,43497.17,18.925794,823218.54
2024-01-06 21:37:00,43561.43,43561.59,43550.24,43557.62,14.894809,648782.49
2024-01-06 21:38:00,43491.65,43502.22,43467.32,43468.63,14.06532,611400.2
2024-01-06 21:39:00,43520.11,43536.15,43508.22,43521.84,18.527057,806331.58
2024-01-06 21:40:00,43646.02,43654.23,43627.02,43647.11,7.4909,326956.16
2024-01-06 21:41:00,43606.19,43628.61,43604.66,43624.53,10.52945,459342.3
2024-01-06 21:42:00,43688.08,43724.62,43657.94,43719.29,4.290063,187558.51
2024-01-06 21:43:00,43743.22,43744.85,43675.62,43706.13,28.152285,1230427.39
2024-01-06 21:44:00,43660.13,43672.29,43627.72,43637.51,10.354689,451852.81
2024-01-06 21:45:00,43594.38,43628.68,43591.45,43622.23,13.022496,568070.29
2024-01-06 21:46:00,43677.75,43683.4,43663.72,43674.64,0.245191,10708.62
2024-01-06 21:47:00,43630.73,43660.58,43609.59,43632.73,20.489618,894017.94
2024-01-06 21:48:00,43597.23,43625.2,43570.14,43602.71,15.628154,681429.87
2024-01-06 21:49:00,43624.21,43642.68,43618.75,43632.39,28.206956,1230736.84
2024-01-06 21:50:00,43640.17,43645.53,43614.7,43632.54,2.076659,90609.92
2024-01-06 21:51:00,43678.14,43706.88,43658.8,43661.77,34.876174,1522755.56
2024-01-06 21:52:00,43681.71,43681.88,43632.52,43673.66,9.255048,404201.84
2024-01-06 21:53:00,43695.23,43699.15,43678.73,43697.65,17.356525,758439.25
2024-01-06 21:54:00,43672.89,43678.26,43670.22,43676.03,19.543978,853603.37
2024-01-06 21:55:00,43706.35,43751.56,43675.72,43687.62,6.026823,263297.53
2024-01-06 21:56:00,43650.52,43659.98,43601.85,43641.25,2.463096,107492.56
2024-01-06 21:57:00,43707.12,43719.43,43695.55,43705.67,32.654483,1427186.03
2024-01-06 21:58:00,43673.24,43681.8,43658.11,43673.96,15.793571,689767.73
2024-01-06 21:59:00,43737.3,43747.48,43719.22,43730.4,1.007695,44066.92
2024-01-06 22:00:00,43709.35,43730.8,43674.05,43718.72,11.67064,510225.42
2024-01-06 22:01:00,43745.25,43747.71,43709.95,43728.82,13.806659,603748.86
2024-01-06 22:02:00,43682.55,43717.2,43675.34,43704.07,0.536176,23433.08
2024-01-06 22:03:00,43645.04,43682.68,43618.26,43653.27,7.151395,312181.77
2024-01-06 22:04:00,43578.25,43580.52,43565.2,43566.03,4.52186,196999.48
2024-01-06 22:05:00,43490.61,43517.48,43474.24,43513.27,22.776801,991093.0
2024-01-06 22:06:00,43465.61,43512.84,43450.09,43497.07,5.01721,218233.94
2024-01-06 22:07:00,43508.93,43529.88,43504.56,43507.66,19.363655,842467.38
2024-01-06 22:08:00,43524.25,43571.43,43520.13,43558.18,22.82952,994412.41
2024-01-06 22:09:00,43509.92,43542.69,43492.11,43535.9,5.151574,224278.39
2024-01-06 22:10:00,43506.93,43517.06,43483.7,43491.8,46.55538,2024777.15
2024-01-06 22:11:00,43415.57,43421.64,43390.41,43419.66,1.820077,79027.14
2024-01-06 22:12:00,43469.37,43483.69,43439.05,43443.66,7.280496,316291.44
2024-01-06 22:13:00,43488.73,43520.93,43472.68,43512.82,36.081846,1570023.03
2024-01-06 22:14:00,43574.26,43586.21,43558.72,43576.14,13.234674,576716.02
2024-01-06 22:15:00,43619.63,43624.65,43602.3,43611.64,35.582811,1551824.66
2024-01-06 22:16:00,43620.15,43644.49,43614.6,43643.56,15.881746,693136.03
2024-01-06 22:17:00,43749.08,43757.73,43719.3,43728.45,8.364065,365747.56
2024-01-06 22:18:00,43755.26,43771.69,43732.74,43745.05,22.602464,988745.93
2024-01-06 22:19:00,43745.17,43784.81,43731.82,43777.36,26.1482,1144699.05
2024-01-06 22:20:00,43760.56,43762.43,43712.39,43761.32,29.229439,1279118.74
2024-01-06 22:21:00,43700.93,43723.06,43686.77,43693.22,5.499196,240277.57
2024-01-06 22:22:00,43647.22,43665.38,43627.21,43659.02,11.708256,511171.0
2024-01-06 22:23:00,43628.97,43659.88,43615.94,43658.56,21.57884,942101.2
2024-01-06 22:24:00,43667.17,43685.09,43657.95,43661.6,5.89456,257365.96
2024-01-06 22:25:00,43802.14,43806.83,43754.84,43757.92,8.760249,383330.26
2024-01-06 22:26:00,43754.24,43780.67,43749.81,43761.98,40.801345,1785547.72
2024-01-06 22:27:00,43852.31,43855.45,43803.08,43820.92,26.123284,1144746.46
2024-01-06 22:28:00,43784.12,43807.67,43783.92,43799.17,20.000082,875986.99
2024-01-06 22:29:00,43787.9,43796.18,43756.5,43783.59,16.824234,736625.32
2024-01-06 22:30:00,43732.57,43737.64,43706.45,43717.14,12.466411,544995.81
2024-01-06 22:31:00,43679.85,43720.68,43665.35,43680.02,3.356861,146627.76
2024-01-06 22:32:00,43700.41,43761.74,43671.4,43706.37,2.863179,125139.18
2024-01-06 22:33:00,43721.27,43723.4,43702.58,43706.75,14.333446,626468.29
2024-01-06 22:34:00,43791.72,43793.06,43725.82,43753.89,17.033425,745278.69
2024-01-06 22:35:00,43768.97,43792.09,43758.97,43762.96,9.381409,410558.2
2024-01-06 22:36:00,43735.01,43767.3,43730.93,43745.33,13.767853,602279.31
2024-01-06 22:37:00,43848.95,43854.13,43842.47,43852.75,23.189005,1016901.63
2024-01-06 22:38:00,43898.45,43903.49,43845.53,43848.05,22.265265,976288.52
2024-01-06 22:39:00,43908.9,43919.43,43887.12,43906.2,40.686128,1786373.43
2024-01-06 22:40:00,43874.25,43889.7,43845.27,43886.14,30.862715,1354445.52
2024-01-06 22:41:00,43898.72,43939.41,43864.32,43921.62,10.355826,454844.71
2024-01-06 22:42:00,43931.51,44005.59,43919.28,43968.02,22.813641,1003070.73
2024-01-06 22:43:00,43985.72,43987.22,43965.03,43978.45,18.476463,812566.17
2024-01-06 22:44:00,43873.82,43881.83,43821.83,43860.72,13.288132,582827.08
2024-01-06 22:45:00,43853.7,43880.58,43845.95,43861.64,7.371969,323346.61
2024-01-06 22:46:00,43922.86,43935.58,43915.07,43923.16,13.245117,581767.42
2024-01-06 22:47:00,43926.12,43973.17,43915.92,43949.53,31.304974,1375839.01
2024-01-06 22:48:00,43974.48,43983.74,43966.26,43971.83,31.446504,1382760.19
2024-01-06 22:49:00,43895.34,43916.5,43872.59,43885.71,17.006954,746362.32
2024-01-06 22:50:00,43838.99,43851.7,43829.94,43849.69,6.816299,298892.62
2024-01-06 22:51:00,43904.07,43918.08,43866.31,43870.26,1.585634,69562.19
2024-01-06 22:52:00,43874.04,43895.85,43863.56,43890.78,23.090051,1013440.29
2024-01-06 22:53:00,43957.18,43982.53,43931.22,43951.51,46.750282,2054745.51
2024-01-06 22:54:00,43961.23,43990.0,43943.61,43944.27,17.501598,769094.9
2024-01-06 22:55:00,43963.01,43968.12,43959.81,43964.56,48.044957,2112275.34
2024-01-06 22:56:00,43961.61,43973.5,43960.78,43965.38,25.687084,1129342.36
2024-01-06 22:57:00,43887.45,43931.94,43869.55,43916.03,6.10805,268241.3
2024-01-06 22:58:00,43830.39,43838.55,43791.7,43803.24,19.754585,865314.84
2024-01-06 22:59:00,43821.39,43831.35,43799.53,43824.79,17.801362,780140.96
2024-01-06 23:00:00,43844.24,43852.1,43827.62,43833.49,6.119842,268254.04
2024-01-06 23:01:00,43816.03,43841.34,43801.31,43802.58,1.845473,80836.47
2024-01-06 23:02:00,43709.06,43742.47,43685.79,43721.62,1.448994,63352.37
2024-01-06 23:03:00,43749.16,43788.84,43726.75,43753.11,12.00451,525234.61
2024-01-06 23:04:00,43766.5,43771.34,43727.01,43739.81,4.399224,192421.25
2024-01-06 23:05:00,43745.31,43771.34,43740.15,43767.66,15.373337,672854.92
2024-01-06 23:06:00,43903.42,43922.37,43838.65,43860.86,18.613725,816413.96
2024-01-06 23:07:00,43738.89,43765.03,43737.23,43753.79,35.353369,1546843.75
2024-01-06 23:08:00,43695.22,43727.55,43687.02,43718.81,20.982796,917342.79
2024-01-06 23:09:00,43710.98,43712.14,43689.34,43708.34,4.038816,176529.95
2024-01-06 23:10:00,43825.25,43832.15,43764.98,43781.08,52.222058,2286338.07
2024-01-06 23:11:00,43661.04,43704.31,43660.93,43699.26,3.909345,170835.47
2024-01-06 23:12:00,43793.23,43810.52,43782.65,43796.05,2.248152,98460.2
2024-01-06 23:13:00,43812.37,43824.71,43795.36,43802.84,21.949916,961468.78
2024-01-06 23:14:00,43798.72,43810.48,43787.76,43798.04,67.905994,2974149.76
2024-01-06 23:15:00,43795.78,43795.82,43760.92,43788.14,18.031709,789575.03
2024-01-06 23:16:00,43751.97,43789.67,43738.95,43766.33,2.831637,123930.38
2024-01-06 23:17:00,43806.74,43837.45,43803.61,43818.73,22.786528,998476.84
2024-01-06 23:18:00,43762.34,43767.34,43754.65,43765.31,24.116486,1055465.44
2024-01-06 23:19:00,43759.98,43784.49,43757.31,43782.58,10.219164,447421.35
2024-01-06 23:20:00,43762.48,43766.22,43756.95,43763.37,20.894915,914431.92
2024-01-06 23:21:00,43717.49,43725.94,43710.01,43725.26,18.396267,804381.61
2024-01-06 23:22:00,43845.16,43892.35,43841.52,43854.56,14.439444,633235.5
2024-01-06 23:23:00,43881.92,43883.83,43846.46,43875.51,16.271441,713917.83
2024-01-06 23:24:00,43869.76,43911.86,43859.37,43906.18,8.488097,372679.89
2024-01-06 23:25:00,43958.49,43964.58,43950.85,43963.07,22.634966,995102.54
2024-01-06 23:26:00,43938.35,43953.65,43880.26,43892.0,4.952529,217376.38
2024-01-06 23:27:00,43957.89,43980.36,43945.99,43979.61,36.201635,1592133.92
2024-01-06 23:28:00,43879.88,43890.15,43827.37,43854.17,1.687561,74006.59
2024-01-06 23:29:00,43816.82,43822.76,43809.56,43815.73,32.188837,1410377.32
2024-01-06 23:30:00,43780.72,43797.13,43772.73,43792.78,55.304304,2421928.99
2024-01-06 23:31:00,43795.45,43823.53,43779.2,43821.86,4.913628,215324.31
2024-01-06 23:32:00,43835.59,43859.58,43826.6,43832.8,59.320573,2600186.73
2024-01-06 23:33:00,43853.53,43857.17,43822.23,43824.46,10.269722,450065.01
2024-01-06 23:34:00,43816.07,43838.65,43794.92,43823.86,2.651346,116192.21
2024-01-06 23:35:00,43773.34,43779.75,43764.56,43774.96,4.079178,178565.83
2024-01-06 23:36:00,43720.3,43752.02,43690.16,43700.09,1.931093,84388.93
2024-01-06 23:37:00,43743.24,43745.3,43714.93,43736.42,38.035806,1663550.0
2024-01-06 23:38:00,43739.66,43790.79,43733.2,43771.11,36.356748,1591375.06
2024-01-06 23:39:00,43852.31,43872.43,43831.46,43850.33,36.119363,1583846.01
2024-01-06 23:40:00,43841.07,43843.32,43779.46,43810.83,15.988258,700458.85
2024-01-06 23:41:00,43844.73,43860.25,43825.27,43845.47,13.786054,604456.01
2024-01-06 23:42:00,43776.46,43847.65,43768.04,43831.29,20.993886,920189.01
2024-01-06 23:43:00,43898.57,43917.77,43864.64,43890.81,30.221971,1326466.74
2024-01-06 23:44:00,43937.94,43969.93,43923.5,43941.91,0.326934,14366.1
2024-01-06 23:45:00,43915.89,43960.04,43905.07,43952.47,20.061563,881755.2
2024-01-06 23:46:00,43901.91,43958.07,43884.74,43935.49,0.03717,1633.09
2024-01-06 23:47:00,44003.04,44018.01,43958.59,43983.54,25.117059,1104737.11
2024-01-06 23:48:00,44001.24,44028.2,43981.15,44015.88,27.703065,1219374.86
2024-01-06 23:49:00,43963.51,43984.03,43948.8,43981.66,29.247823,1286367.83
2024-01-06 23:50:00,43914.56,43926.17,43907.81,43915.27,12.787382,561561.36
2024-01-06 23:51:00,43887.96,43914.78,43884.54,43900.84,32.228009,1414836.8
2024-01-06 23:52:00,43978.62,44000.72,43969.25,43976.61,25.007086,1099727.0
2024-01-06 23:53:00,44029.88,44044.26,43999.58,44033.94,4.751762,209238.81
2024-01-06 23:54:00,43954.32,43991.66,43934.98,43978.32,20.331526,894146.43
2024-01-06 23:55:00,43909.71,43936.14,43905.48,43919.93,0.187944,8254.49
2024-01-06 23:56:00,43992.52,44010.1,43961.12,43983.67,2.240777,98557.58
2024-01-06 23:57:00,43927.73,43932.47,43921.26,43926.89,19.95235,876444.64
2024-01-06 23:58:00,43950.71,43961.52,43939.41,43952.35,6.418098,282090.52
2024-01-06 23:59:00,43960.3,43969.68,43910.04,43921.55,6.666317,292794.99
2024-01-07 00:00:00,44017.02,44025.77,43987.34,44002.4,20.191977,888495.47
2024-01-07 00:01:00,43980.93,43993.63,43951.88,43963.88,53.328983,2344548.97
2024-01-07 00:02:00,44017.73,44051.89,43995.8,44021.05,8.510614,374646.13
2024-01-07 00:03:00,44034.69,44061.91,44029.52,44030.29,26.789786,1179562.08
2024-01-07 00:04:00,44034.28,44051.98,44026.65,44042.9,13.436163,591767.59
2024-01-07 00:05:00,43959.94,43966.39,43922.06,43944.38,43.892657,1928835.81
2024-01-07 00:06:00,43832.03,43839.19,43820.5,43834.24,6.160762,270052.31
2024-01-07 00:07:00,43827.66,43850.91,43823.21,43823.21,7.356169,322370.95
2024-01-07 00:08:00,43838.77,43840.46,43825.48,43835.56,20.224307,886543.77
2024-01-07 00:09:00,43778.93,43780.79,43738.31,43779.3,5.598284,245088.94
2024-01-07 00:10:00,43783.63,43792.27,43713.03,43724.86,31.618168,1382500.02
2024-01-07 00:11:00,43739.6,43757.58,43734.83,43752.94,3.236147,141590.93
2024-01-07 00:12:00,43767.56,43816.8,43759.91,43781.08,26.612478,1165123.0
2024-01-07 00:13:00,43788.07,43804.53,43765.83,43774.19,31.354039,1372497.71
2024-01-07 00:14:00,43801.3,43827.03,43769.38,43813.2,21.568578,944988.44
2024-01-07 00:15:00,43748.66,43780.46,43747.95,43754.49,24.168619,1057485.64
2024-01-07 00:16:00,43714.97,43750.84,43713.54,43736.69,60.617491,2651208.67
2024-01-07 00:17:00,43828.92,43831.66,43795.8,43819.09,18.330885,803242.68
2024-01-07 00:18:00,43832.59,43849.07,43820.47,43822.5,12.196786,534493.71
2024-01-07 00:19:00,43822.52,43836.62,43809.38,43828.82,16.724659,733022.05
2024-01-07 00:20:00,43958.41,43968.56,43941.2,43944.12,35.426534,1556787.78
2024-01-07 00:21:00,43836.99,43874.66,43823.17,43874.15,56.585506,2482640.97
2024-01-07 00:22:00,43899.83,43931.83,43888.95,43913.97,6.670685,292936.28
2024-01-07 00:23:00,43993.77,44016.41,43987.72,43997.17,8.247587,362870.47
2024-01-07 00:24:00,43957.48,43997.5,43929.82,43980.93,33.250989,1462409.34
2024-01-07 00:25:00,43988.94,44028.1,43963.83,44023.91,17.261763,759930.28
2024-01-07 00:26:00,43968.65,43976.25,43941.04,43974.81,15.155176,666445.94
2024-01-07 00:27:00,43954.35,43955.2,43939.1,43940.47,16.092502,707112.13
2024-01-07 00:28:00,43985.36,43994.0,43924.43,43959.72,7.853257,345226.99
2024-01-07 00:29:00,43988.7,44013.61,43986.3,43999.65,9.029196,397281.47
2024-01-07 00:30:00,44070.36,44090.9,44053.69,44055.7,23.049872,1015478.15
2024-01-07 00:31:00,44146.91,44154.41,44121.33,44134.18,7.365627,325075.91
2024-01-07 00:32:00,44155.18,44161.0,44123.24,44130.8,28.741817,1268399.49
2024-01-07 00:33:00,44183.48,44194.74,44169.95,44190.49,30.825376,1362188.31
2024-01-07 00:34:00,44137.4,44192.41,44131.19,44173.37,8.280116,365760.62
2024-01-07 00:35:00,44219.88,44231.43,44213.62,44218.47,3.748682,165761.01
2024-01-07 00:36:00,44208.57,44236.85,44206.98,44228.85,29.848773,1320176.87
2024-01-07 00:37:00,44236.66,44254.46,44223.89,44251.13,43.847529,1940302.83
2024-01-07 00:38:00,44266.28,44278.82,44262.86,44272.31,10.605362,469523.85
2024-01-07 00:39:00,44185.29,44204.88,44161.53,44192.07,20.978534,927084.92
2024-01-07 00:40:00,44138.7,44156.66,44119.88,44135.87,0.622048,27454.62
2024-01-07 00:41:00,44155.06,44165.47,44126.64,44140.99,6.897196,304449.07
2024-01-07 00:42:00,44049.28,44057.27,44046.97,44056.63,5.280389,232636.13
2024-01-07 00:43:00,44106.1,44123.43,44093.37,44098.19,2.872918,126690.5
2024-01-07 00:44:00,44142.06,44144.61,44124.33,44141.77,6.26533,276562.73
2024-01-07 00:45:00,44176.84,44179.75,44132.91,44158.13,5.739036,253425.07
2024-01-07 00:46:00,44098.3,44108.03,44093.42,44102.07,10.279692,453355.68
2024-01-07 00:47:00,44169.5,44188.5,44161.25,44171.08,30.089128,1329069.21
2024-01-07 00:48:00,44265.45,44309.85,44239.18,44272.94,10.138712,448870.58
2024-01-07 00:49:00,44277.05,44286.05,44276.46,44280.29,8.793731,389388.96
2024-01-07 00:50:00,44290.15,44341.1,44281.23,44305.82,7.829561,346895.12
2024-01-07 00:51:00,44298.25,44319.48,44267.85,44315.91,41.487977,1838577.26
2024-01-07 00:52:00,44357.94,44369.37,44330.39,44342.42,8.251428,365888.34
2024-01-07 00:53:00,44314.78,44356.71,44294.18,44336.45,27.914184,1237615.69
2024-01-07 00:54:00,44328.34,44353.06,44310.19,44334.72,15.516473,687918.44
2024-01-07 00:55:00,44400.31,44425.78,44372.19,44380.0,5.283877,234498.47
2024-01-07 00:56:00,44490.23,44498.24,44473.98,44497.28,28.216679,1255565.61
2024-01-07 00:57:00,44443.86,44448.97,44407.71,44427.28,30.768632,1366966.68
2024-01-07 00:58:00,44410.27,44426.27,44401.54,44422.09,28.458675,1264193.85
2024-01-07 00:59:00,44342.04,44368.59,44332.27,44363.07,0.771862,34242.16
2024-01-07 01:00:00,44410.77,44457.27,44403.54,44442.67,7.742033,344076.61
2024-01-07 01:01:00,44439.54,44456.51,44391.8,44413.28,14.972112,664960.65
2024-01-07 01:02:00,44318.38,44345.21,44312.85,44341.12,27.853226,1235043.3
2024-01-07 01:03:00,44387.97,44405.74,44368.98,44373.03,10.755064,477234.78
2024-01-07 01:04:00,44440.25,44470.75,44439.71,44460.25,11.868519,527677.29
2024-01-07 01:05:00,44519.77,44532.86,44489.78,44493.43,47.358459,2107140.1
2024-01-07 01:06:00,44547.8,44568.89,44484.51,44503.67,0.707872,31502.9
2024-01-07 01:07:00,44490.39,44534.79,44474.77,44524.12,9.478585,422025.67
2024-01-07 01:08:00,44573.17,44596.76,44561.86,44594.87,62.269751,2776911.17
2024-01-07 01:09:00,44566.62,44592.23,44533.28,44551.16,5.175268,230564.16
2024-01-07 01:10:00,44555.82,44577.6,44517.31,44545.56,20.775881,925473.32
2024-01-07 01:11:00,44538.47,44541.93,44518.06,44522.93,8.852387,394134.21
2024-01-07 01:12:00,44453.06,44470.69,44441.53,44464.54,43.458591,1932366.06
2024-01-07 01:13:00,44487.87,44493.3,44443.81,44448.12,31.134292,1383860.64
2024-01-07 01:14:00,44505.86,44520.15,44490.77,44503.5,9.59382,426958.61
2024-01-07 01:15:00,44507.49,44557.84,44497.54,44531.83,18.307894,815284.08
2024-01-07 01:16:00,44558.99,44579.14,44550.36,44564.05,6.483103,288913.31
2024-01-07 01:17:00,44547.3,44584.4,44541.31,44571.37,26.240675,1169582.87
2024-01-07 01:18:00,44629.36,44639.72,44575.71,44597.54,2.307949,102928.83
2024-01-07 01:19:00,44544.3,44562.08,44542.22,44557.51,19.890354,886264.62
2024-01-07 01:20:00,44551.88,44579.03,44522.8,44542.03,48.205056,2147151.22
2024-01-07 01:21:00,44542.22,44575.02,44533.49,44551.63,42.247328,1882187.45
2024-01-07 01:22:00,44553.2,44566.7,44543.66,44565.51,21.857852,974106.3
2024-01-07 01:23:00,44543.31,44588.85,44534.58,44581.52,36.381341,1621935.45
2024-01-07 01:24:00,44586.57,44600.97,44558.17,44574.6,21.12674,941716.01
2024-01-07 01:25:00,44581.71,44587.02,44545.53,44555.73,4.411937,196577.08
2024-01-07 01:26:00,44695.3,44739.53,44660.09,44713.62,2.125927,95057.9
2024-01-07 01:27:00,44728.05,44777.55,44719.9,44758.96,4.618203,206705.95
2024-01-07 01:28:00,44795.68,44802.96,44773.41,44779.62,6.116273,273884.37
2024-01-07 01:29:00,44735.03,44783.49,44729.79,44767.96,2.505142,112150.07
2024-01-07 01:30:00,44769.79,44775.03,44716.76,44745.39,27.033897,1209642.38
2024-01-07 01:31:00,44720.77,44758.35,44716.16,44738.85,39.753046,1778505.76
2024-01-07 01:32:00,44731.43,44756.06,44719.94,44753.5,36.053082,1613501.45
2024-01-07 01:33:00,44664.44,44666.7,44658.54,44659.47,29.876017,1334247.2
2024-01-07 01:34:00,44560.24,44586.02,44557.01,44581.0,46.642302,2079360.68
2024-01-07 01:35:00,44535.02,44555.92,44527.98,44549.16,50.626553,2255370.44
2024-01-07 01:36:00,44566.6,44590.79,44536.84,44559.52,13.321182,593585.46
2024-01-07 01:37:00,44498.97,44552.61,44479.83,44547.55,38.619305,1720395.58
2024-01-07 01:38:00,44654.31,44683.18,44618.49,44621.46,18.478384,824532.47
2024-01-07 01:39:00,44548.21,44548.68,44546.72,44547.34,5.675219,252815.92
2024-01-07 01:40:00,44483.91,44536.76,44477.97,44509.77,9.004626,400793.85
2024-01-07 01:41:00,44565.43,44586.54,44556.31,44585.78,30.250349,1348735.34
2024-01-07 01:42:00,44612.17,44612.26,44577.63,44592.33,39.311823,1753005.93
2024-01-07 01:43:00,44648.6,44654.65,44633.52,44636.58,21.609087,964555.66
2024-01-07 01:44:00,44766.87,44779.81,44731.77,44739.14,2.079242,93023.51
2024-01-07 01:45:00,44690.79,44720.16,44665.09,44704.45,0.210421,9406.78
2024-01-07 01:46:00,44705.41,44729.56,44691.19,44699.48,27.06569,1209822.31
2024-01-07 01:47:00,44694.39,44695.27,44682.4,44685.86,17.218681,769431.56
2024-01-07 01:48:00,44602.04,44632.2,44580.37,44588.13,15.857852,707071.98
2024-01-07 01:49:00,44595.16,44596.94,44571.44,44572.61,10.892747,485518.18
2024-01-07 01:50:00,44602.32,44629.13,44585.28,44616.66,19.462098,868333.91
2024-01-07 01:51:00,44641.41,44644.89,44633.41,44643.69,19.126667,853885.07
2024-01-07 01:52:00,44662.44,44680.4,44630.43,44674.65,19.674248,878940.12
2024-01-07 01:53:00,44654.82,44673.52,44640.29,44655.87,3.56512,159203.56
2024-01-07 01:54:00,44637.04,44650.07,44612.09,44623.07,38.180914,1703749.52
2024-01-07 01:55:00,44653.45,44695.3,44651.98,44686.53,2.66361,119027.51
2024-01-07 01:56:00,44683.85,44703.87,44653.67,44661.66,10.352834,462374.78
2024-01-07 01:57:00,44653.58,44677.77,44653.34,44676.37,13.209136,590136.23
2024-01-07 01:58:00,44678.39,44693.03,44651.78,44684.54,9.473276,423308.94
2024-01-07 01:59:00,44782.5,44806.52,44745.26,44757.62,23.774081,1064071.31
2024-01-07 02:00:00,44812.75,44833.97,44803.73,44806.19,28.704434,1286136.38
2024-01-07 02:01:00,44748.22,44767.21,44718.7,44741.43,35.291654,1578999.02
2024-01-07 02:02:00,44658.44,44682.93,44652.56,44682.05,3.730041,166665.9
2024-01-07 02:03:00,44690.11,44717.87,44686.64,44711.0,20.477332,915561.93
2024-01-07 02:04:00,44726.6,44740.99,44701.77,44707.78,26.796586,1198015.86
2024-01-07 02:05:00,44673.24,44690.9,44658.61,44685.02,7.633331,341095.57
2024-01-07 02:06:00,44725.9,44747.02,44719.14,44735.8,4.383234,196087.49
2024-01-07 02:07:00,44764.45,44769.81,44743.18,44745.18,12.871564,575940.38
2024-01-07 02:08:00,44726.8,44762.83,44722.26,44747.8,2.114631,94625.07
2024-01-07 02:09:00,44792.17,44795.6,44778.14,44786.79,4.084562,182934.41
2024-01-07 02:10:00,44768.89,44792.93,44763.8,44768.03,14.402678,644779.59
2024-01-07 02:11:00,44846.41,44851.68,44845.74,44846.46,6.233674,279558.2
2024-01-07 02:12:00,44796.69,44814.39,44761.91,44807.06,13.510438,605362.97
2024-01-07 02:13:00,44828.31,44841.3,44823.43,44839.9,21.024531,942737.98
2024-01-07 02:14:00,44890.03,44930.32,44879.87,44911.6,6.489057,291433.93
2024-01-07 02:15:00,44852.38,44856.98,44840.44,44842.73,35.205298,1578701.72
2024-01-07 02:16:00,44812.2,44832.01,44789.68,44825.56,10.909403,489020.17
2024-01-07 02:17:00,44902.05,44911.22,44859.08,44882.67,8.221329,368995.24
2024-01-07 02:18:00,44936.05,44946.69,44906.81,44940.54,34.262451,1539772.97
2024-01-07 02:19:00,44910.79,44972.97,44909.88,44931.96,20.737017,931754.88
2024-01-07 02:20:00,44890.47,44897.81,44880.85,44895.23,11.805537,530012.3
2024-01-07 02:21:00,44934.81,44968.2,44919.06,44943.03,2.465101,110789.08
2024-01-07 02:22:00,45022.39,45040.58,44996.9,45002.2,4.988151,224477.77
2024-01-07 02:23:00,44936.59,44953.08,44919.86,44943.97,36.115584,1623177.72
2024-01-07 02:24:00,44878.25,44887.25,44871.15,44883.77,12.126972,544304.27
2024-01-07 02:25:00,44923.27,44930.24,44894.46,44895.04,4.510765,202510.97
2024-01-07 02:26:00,44936.67,44942.57,44923.11,44926.51,31.335108,1407776.9
2024-01-07 02:27:00,44944.81,44969.09,44898.86,44911.55,3.121457,140189.48
2024-01-07 02:28:00,44970.7,44973.72,44932.76,44945.52,48.78172,2192519.58
2024-01-07 02:29:00,44892.27,44932.06,44856.16,44910.01,23.813998,1069486.86
2024-01-07 02:30:00,44824.07,44875.87,44800.49,44804.27,33.099141,1482983.02
2024-01-07 02:31:00,44813.59,44819.35,44781.48,44783.08,22.51255,1008181.34
2024-01-07 02:32:00,44816.9,44831.69,44755.92,44786.24,31.188532,1396817.14
2024-01-07 02:33:00,44792.21,44793.71,44766.69,44772.45,6.987794,312860.64
2024-01-07 02:34:00,44733.87,44746.01,44711.92,44714.52,24.315291,1087246.56
2024-01-07 02:35:00,44617.68,44636.95,44609.27,44623.74,2.725974,121643.15
2024-01-07 02:36:00,44581.28,44609.51,44551.29,44598.03,14.456068,644712.2
2024-01-07 02:37:00,44635.87,44653.04,44631.0,44642.92,12.124606,541277.74
2024-01-07 02:38:00,44672.43,44717.37,44657.84,44705.72,24.411608,1091338.63
2024-01-07 02:39:00,44791.97,44800.57,44744.4,44765.11,13.011129,582444.61
2024-01-07 02:40:00,44718.65,44742.44,44711.27,44724.32,4.124002,184443.17
2024-01-07 02:41:00,44692.46,44708.53,44653.64,44666.63,7.875912,351790.47
2024-01-07 02:42:00,44666.83,44697.15,44642.23,44691.46,23.641,1056550.83
2024-01-07 02:43:00,44744.87,44760.66,44717.6,44723.22,43.501081,1945508.25
2024-01-07 02:44:00,44733.33,44758.78,44727.32,44743.23,20.471185,915946.82
2024-01-07 02:45:00,44616.83,44657.57,44597.58,44642.52,4.898704,218690.48
2024-01-07 02:46:00,44631.72,44646.56,44592.05,44599.18,2.077299,92645.85
2024-01-07 02:47:00,44619.84,44646.48,44597.48,44597.69,14.25623,635794.98
2024-01-07 02:48:00,44626.29,44629.33,44604.67,44622.05,30.288085,1351516.58
2024-01-07 02:49:00,44661.1,44668.4,44655.26,44660.42,15.391331,687383.28
2024-01-07 02:50:00,44676.42,44707.6,44653.49,44667.63,1.13742,50805.84
2024-01-07 02:51:00,44688.06,44719.46,44671.4,44684.17,52.64977,2352611.34
2024-01-07 02:52:00,44672.57,44708.32,44671.78,44688.41,2.715054,121331.44
2024-01-07 02:53:00,44714.45,44732.4,44705.35,44722.7,18.192618,813622.92
2024-01-07 02:54:00,44777.55,44792.03,44698.9,44738.34,11.996313,536695.11
2024-01-07 02:55:00,44795.07,44796.09,44729.09,44741.63,4.888784,218732.16
2024-01-07 02:56:00,44759.46,44771.32,44711.94,44728.21,28.941885,1294518.63
2024-01-07 02:57:00,44741.84,44758.68,44730.61,44732.27,0.525774,23519.06
2024-01-07 02:58:00,44749.75,44759.21,44748.16,44756.5,6.696922,299730.79
2024-01-07 02:59:00,44753.91,44783.53,44747.47,44769.88,7.315355,327507.53
2024-01-07 03:00:00,44774.27,44811.34,44734.91,44788.92,26.15317,1171372.17
2024-01-07 03:01:00,44844.99,44861.04,44843.35,44856.05,12.8714,577360.19
2024-01-07 03:02:00,44912.33,44938.66,44860.25,44869.31,4.496305,201746.1
2024-01-07 03:03:00,44872.99,44887.14,44825.55,44836.86,7.000193,313866.67
2024-01-07 03:04:00,44895.97,44903.54,44876.01,44881.04,9.57379,429681.67
2024-01-07 03:05:00,44793.52,44820.43,44772.2,44812.73,18.747219,840114.1
2024-01-07 03:06:00,44776.52,44787.03,44742.36,44758.66,33.254168,1488412.01
2024-01-07 03:07:00,44770.68,44777.34,44759.34,44775.45,32.080566,1436421.89
2024-01-07 03:08:00,44758.21,44811.58,44746.5,44801.27,10.813608,484463.39
2024-01-07 03:09:00,44744.76,44752.72,44720.33,44739.02,8.676191,388164.29
2024-01-07 03:10:00,44703.04,44738.64,44671.52,44719.88,9.93316,444209.73
2024-01-07 03:11:00,44673.41,44706.83,44671.24,44689.58,44.546699,1990773.07
2024-01-07 03:12:00,44660.23,44676.63,44642.13,44665.24,39.709091,1773616.15
2024-01-07 03:13:00,44702.45,44712.44,44680.46,44712.42,17.887895,799811.08
2024-01-07 03:14:00,44747.06,44756.38,44734.41,44747.75,26.400962,1181383.55
2024-01-07 03:15:00,44745.14,44765.05,44730.0,44746.79,34.609619,1548669.39
2024-01-07 03:16:00,44681.98,44736.69,44675.79,44719.49,30.549401,1366153.71
2024-01-07 03:17:00,44682.42,44693.5,44649.33,44652.01,7.123899,318096.43
2024-01-07 03:18:00,44703.35,44725.27,44699.78,44723.02,3.77747,168939.87
2024-01-07 03:19:00,44733.58,44761.68,44715.29,44752.62,19.363644,866573.88
2024-01-07 03:20:00,44710.72,44721.8,44700.92,44717.29,14.066499,629015.72
2024-01-07 03:21:00,44751.1,44756.77,44749.69,44753.27,25.061181,1121569.85
2024-01-07 03:22:00,44778.94,44780.2,44729.69,44749.76,22.874508,1023628.75
2024-01-07 03:23:00,44740.79,44747.94,44717.95,44735.4,14.939427,668321.29
2024-01-07 03:24:00,44768.49,44778.17,44740.72,44757.17,42.074734,1883145.83
2024-01-07 03:25:00,44725.58,44746.39,44714.66,44720.09,33.456726,1496187.79
2024-01-07 03:26:00,44707.53,44711.76,44701.1,44702.9,26.780716,1197175.75
2024-01-07 03:27:00,44715.17,44733.58,44701.34,44708.98,51.384283,2297338.64
2024-01-07 03:28:00,44645.35,44703.74,44624.42,44684.0,0.450048,20109.96
2024-01-07 03:29:00,44712.46,44718.57,44707.88,44717.46,26.858123,1201026.95
2024-01-07 03:30:00,44834.16,44836.72,44799.57,44810.91,6.391033,286388.02
2024-01-07 03:31:00,44852.04,44860.54,44742.91,44773.2,19.133607,856672.72
2024-01-07 03:32:00,44665.85,44713.8,44659.95,44689.94,1.159223,51805.6
2024-01-07 03:33:00,44598.31,44598.87,44585.8,44589.85,37.435873,1669260.07
2024-01-07 03:34:00,44570.91,44605.0,44554.19,44582.33,3.20279,142787.82
2024-01-07 03:35:00,44590.12,44590.21,44532.0,44549.17,7.982294,355604.56
2024-01-07 03:36:00,44532.49,44566.47,44523.15,44559.56,5.080201,226371.56
2024-01-07 03:37:00,44578.69,44587.35,44562.01,44566.19,65.486229,2918471.98
2024-01-07 03:38:00,44457.89,44494.52,44450.01,44486.03,8.121553,361295.68
2024-01-07 03:39:00,44388.92,44401.43,44375.39,44395.29,21.674629,962251.43
2024-01-07 03:40:00,44409.4,44416.5,44387.32,44410.09,14.02415,622813.7
2024-01-07 03:41:00,44438.25,44447.22,44415.92,44416.86,16.859295,748836.89
2024-01-07 03:42:00,44374.02,44401.22,44372.91,44395.57,9.089344,403526.55
2024-01-07 03:43:00,44325.98,44346.02,44308.99,44312.71,31.998891,1417957.55
2024-01-07 03:44:00,44336.65,44348.75,44335.47,44336.28,28.162572,1248623.64
2024-01-07 03:45:00,44405.33,44418.08,44396.56,44399.87,15.430405,685108.03
2024-01-07 03:46:00,44432.94,44462.32,44402.35,44413.77,17.828589,791834.91
2024-01-07 03:47:00,44345.75,44375.79,44322.27,44371.4,8.935914,396499.0
2024-01-07 03:48:00,44389.84,44391.52,44365.07,44373.63,3.917246,173822.41
2024-01-07 03:49:00,44293.94,44318.06,44279.98,44305.32,26.607857,1178869.65
2024-01-07 03:50:00,44380.14,44386.39,44357.01,44358.22,8.049768,357073.38
2024-01-07 03:51:00,44369.0,44378.96,44329.95,44362.31,33.10123,1468447.04
2024-01-07 03:52:00,44269.71,44284.54,44257.39,44273.9,29.347741,1299339.05
2024-01-07 03:53:00,44247.07,44266.71,44236.42,44258.87,17.488019,773999.93
2024-01-07 03:54:00,44298.5,44307.2,44278.34,44282.03,5.607938,248330.92
2024-01-07 03:55:00,44290.6,44325.13,44261.71,44265.38,8.973291,397206.14
2024-01-07 03:56:00,44240.93,44253.95,44227.1,44251.59,30.118957,1332811.66
2024-01-07 03:57:00,44167.71,44203.61,44141.91,44190.37,3.736413,165113.48
2024-01-07 03:58:00,44232.58,44235.44,44205.25,44218.69,14.152083,625786.65
2024-01-07 03:59:00,44157.3,44191.44,44143.68,44186.27,31.98117,1413128.65
2024-01-07 04:00:00,44052.34,44103.38,44050.88,44078.45,15.025386,662295.71
2024-01-07 04:01:00,44038.63,44063.29,44035.45,44059.89,27.146419,1196068.11
2024-01-07 04:02:00,44100.63,44111.28,44089.96,44108.94,0.109586,4833.7
2024-01-07 04:03:00,44062.87,44090.92,44049.53,44089.6,28.084648,1238240.8
2024-01-07 04:04:00,44137.72,44178.33,44121.89,44176.5,25.587509,1130366.5
2024-01-07 04:05:00,44175.24,44216.26,44162.94,44197.94,34.987813,1546389.42
2024-01-07 04:06:00,44227.73,44243.76,44211.31,44214.88,14.014756,619660.78
2024-01-07 04:07:00,44183.03,44229.13,44176.01,44208.46,28.920091,1278512.76
2024-01-07 04:08:00,44198.24,44213.36,44180.77,44205.05,20.77849,918514.14
2024-01-07 04:09:00,44230.81,44232.54,44182.97,44191.88,23.0715,1019572.88
2024-01-07 04:10:00,44175.78,44177.54,44165.86,44176.76,51.246328,2263896.92
2024-01-07 04:11:00,44210.16,44235.74,44177.14,44203.31,9.130937,403617.62
2024-01-07 04:12:00,44137.59,44157.02,44127.98,44156.52,16.095531,710722.55
2024-01-07 04:13:00,44145.99,44155.49,44099.38,44102.72,8.78991,387658.95
2024-01-07 04:14:00,44035.73,44074.19,44000.96,44046.56,2.693422,118636.0
2024-01-07 04:15:00,44144.28,44156.87,44140.82,44148.84,3.360515,148362.86
2024-01-07 04:16:00,44201.7,44225.26,44154.38,44175.36,26.994513,1192492.35
2024-01-07 04:17:00,44186.95,44196.89,44180.63,44190.59,4.952176,218839.54
2024-01-07 04:18:00,44138.67,44152.18,44121.69,44137.71,34.692462,1531245.8
2024-01-07 04:19:00,44163.24,44174.59,44155.05,44168.88,11.863325,523989.72
2024-01-07 04:20:00,44157.55,44165.59,44152.7,44163.05,22.792098,1006568.52
2024-01-07 04:21:00,44181.17,44200.54,44164.66,44173.76,21.041331,929474.64
2024-01-07 04:22:00,44135.98,44136.8,44096.41,44124.93,15.149562,668473.28
2024-01-07 04:23:00,44120.07,44138.02,44116.76,44132.94,29.692773,1310429.34
2024-01-07 04:24:00,44096.43,44120.11,44079.81,44111.75,4.850827,213978.47
2024-01-07 04:25:00,44061.28,44090.01,44059.86,44073.47,0.677466,29858.27
2024-01-07 04:26:00,44082.15,44122.69,44074.09,44110.17,9.267064,408771.79
2024-01-07 04:27:00,44001.48,44051.94,44001.08,44033.29,10.18024,448269.43
2024-01-07 04:28:00,44067.47,44078.05,44049.33,44061.53,7.601158,334918.63
2024-01-07 04:29:00,44114.52,44116.49,44080.19,44095.75,27.129101,1196278.05
2024-01-07 04:30:00,44069.19,44083.8,44032.88,44051.77,17.736234,781312.45
2024-01-07 04:31:00,43963.11,44027.88,43938.39,44010.75,23.788346,1046942.99
2024-01-07 04:32:00,43994.7,44008.29,43981.54,43999.6,6.057418,266523.97
2024-01-07 04:33:00,43991.66,44044.07,43989.27,44013.7,18.113489,797241.72
2024-01-07 04:34:00,44008.93,44026.25,43998.09,44006.06,46.254708,2035487.41
2024-01-07 04:35:00,44019.38,44040.68,44011.49,44027.74,16.910842,744546.09
2024-01-07 04:36:00,44127.72,44135.96,44088.29,44115.89,26.781885,1181506.6
2024-01-07 04:37:00,44090.12,44095.63,44084.4,44090.5,22.73826,1002541.27
2024-01-07 04:38:00,43966.82,44025.2,43943.17,44004.74,6.970855,306750.65
2024-01-07 04:39:00,44026.7,44052.07,44004.67,44046.04,17.634626,776735.38
2024-01-07 04:40:00,44130.32,44144.37,44123.37,44130.2,20.678156,912531.21
2024-01-07 04:41:00,44151.64,44153.42,44140.92,44149.84,10.087523,445362.54
2024-01-07 04:42:00,44067.34,44109.69,44060.18,44095.45,40.781122,1798262.07
2024-01-07 04:43:00,44058.53,44096.29,44032.18,44089.26,13.129392,578865.18
2024-01-07 04:44:00,44034.46,44045.02,44014.05,44033.33,5.947883,261905.13
2024-01-07 04:45:00,44037.4,44080.32,44030.27,44065.48,6.431608,283411.88
2024-01-07 04:46:00,43964.54,44001.23,43955.09,43997.91,14.303767,629335.89
2024-01-07 04:47:00,43974.0,43994.16,43969.16,43982.9,21.818427,959637.79
2024-01-07 04:48:00,43922.92,43938.41,43895.37,43932.69,39.365801,1729445.43
2024-01-07 04:49:00,43921.46,43949.88,43919.4,43939.03,21.083081,926370.11
2024-01-07 04:50:00,43906.64,43950.29,43893.11,43920.71,32.743803,1438131.15
2024-01-07 04:51:00,43929.83,43931.57,43918.16,43929.55,8.482783,372644.84
2024-01-07 04:52:00,43916.26,43933.52,43896.15,43930.67,18.690045,821066.17
2024-01-07 04:53:00,43882.75,43897.05,43880.12,43881.33,8.223972,360878.87
2024-01-07 04:54:00,43905.07,43918.46,43882.71,43912.68,54.493753,2392966.65
2024-01-07 04:55:00,43913.59,43920.86,43899.76,43910.24,31.837892,1398009.5
2024-01-07 04:56:00,43878.38,43885.61,43857.25,43860.81,6.008895,263555.02
2024-01-07 04:57:00,43989.65,43989.67,43971.19,43972.86,6.369282,280075.55
2024-01-07 04:58:00,44022.45,44036.6,43991.66,43996.68,5.919102,260420.86
2024-01-07 04:59:00,44005.78,44006.75,43980.01,43989.02,8.205293,360942.77
2024-01-07 05:00:00,44064.55,44067.17,44041.84,44059.78,20.875866,919786.04
2024-01-07 05:01:00,44143.2,44174.91,44129.07,44151.87,3.28103,144863.62
2024-01-07 05:02:00,44136.85,44145.63,44104.17,44144.6,12.262798,541336.32
2024-01-07 05:03:00,44144.42,44192.15,44138.86,44161.97,16.725342,738624.11
2024-01-07 05:04:00,44112.66,44120.4,44101.52,44112.57,56.020672,2471215.94
2024-01-07 05:05:00,44119.16,44120.11,44082.84,44105.21,24.774924,1092703.3
2024-01-07 05:06:00,44080.75,44106.76,44077.89,44095.26,7.121803,314037.74
2024-01-07 05:07:00,44103.76,44119.49,44083.16,44104.5,34.247189,1510455.19
2024-01-07 05:08:00,44107.59,44126.74,44101.83,44121.14,13.047783,575683.06
2024-01-07 05:09:00,44153.32,44175.34,44147.52,44149.13,7.25779,320425.12
2024-01-07 05:10:00,44150.02,44170.62,44140.86,44161.01,5.068716,223839.64
2024-01-07 05:11:00,44085.68,44123.68,44049.91,44100.48,13.646523,601818.16
2024-01-07 05:12:00,44039.95,44057.9,44021.6,44053.55,8.842044,389523.45
2024-01-07 05:13:00,44036.3,44054.18,44025.43,44026.23,12.569825,553402.02
2024-01-07 05:14:00,44010.18,44024.4,43989.36,44012.12,24.967593,1098876.68
2024-01-07 05:15:00,44056.09,44078.51,44041.85,44064.66,2.465362,108635.32
2024-01-07 05:16:00,44011.74,44039.89,43970.08,44006.51,36.704615,1615242.06
2024-01-07 05:17:00,43980.35,44003.65,43976.62,43988.64,30.50705,1341963.64
2024-01-07 05:18:00,44058.82,44069.88,44025.91,44036.29,3.920282,172634.67
2024-01-07 05:19:00,44001.82,44027.89,43998.6,44021.3,20.518718,903260.56
2024-01-07 05:20:00,44040.58,44052.53,44038.02,44044.32,33.662898,1482659.37
2024-01-07 05:21:00,44009.25,44066.34,44008.2,44037.34,22.349417,984208.89
2024-01-07 05:22:00,44043.24,44058.14,44035.51,44050.18,15.567791,685763.98
2024-01-07 05:23:00,44005.16,44044.57,43978.11,44038.76,17.713464,780078.91
2024-01-07 05:24:00,44087.04,44111.28,44060.04,44072.11,43.812056,1930889.73
2024-01-07 05:25:00,44010.19,44018.84,43978.74,43994.86,13.057885,574479.77
2024-01-07 05:26:00,43992.37,44007.16,43963.5,43976.69,14.561643,640372.85
2024-01-07 05:27:00,43992.1,44005.69,43965.77,43991.52,17.947592,789541.84
2024-01-07 05:28:00,44000.61,44026.16,43984.77,44018.2,42.478741,1869837.92
2024-01-07 05:29:00,44076.85,44108.45,44075.52,44092.85,6.720844,296341.16
2024-01-07 05:30:00,44103.9,44115.92,44061.91,44073.3,6.337522,279315.5
2024-01-07 05:31:00,44175.99,44194.37,44143.08,44147.27,14.157133,624998.84
2024-01-07 05:32:00,44116.77,44125.77,44102.35,44114.32,50.006232,2205991.12
2024-01-07 05:33:00,44170.44,44186.22,44155.3,44180.76,52.703984,2328501.85
2024-01-07 05:34:00,44249.0,44253.81,44214.27,44221.63,9.407992,416036.71
2024-01-07 05:35:00,44162.07,44199.16,44128.8,44175.96,33.507432,1480222.86
2024-01-07 05:36:00,44195.89,44205.99,44185.58,44191.31,16.714629,738641.33
2024-01-07 05:37:00,44215.79,44227.38,44184.47,44188.75,29.751844,1314696.68
2024-01-07 05:38:00,44203.3,44233.16,44185.55,44220.03,15.534326,686928.31
2024-01-07 05:39:00,44225.45,44226.84,44203.0,44208.86,22.297698,985755.85
2024-01-07 05:40:00,44203.91,44223.53,44179.38,44193.5,36.426105,1609797.07
2024-01-07 05:41:00,44261.16,44264.11,44252.82,44261.95,24.983395,1105813.89
2024-01-07 05:42:00,44237.15,44265.47,44231.2,44257.02,17.20748,761551.74
2024-01-07 05:43:00,44283.85,44316.66,44256.94,44298.34,13.390244,593165.58
2024-01-07 05:44:00,44292.86,44304.72,44277.3,44287.07,0.728014,32241.61
2024-01-07 05:45:00,44341.94,44383.1,44339.08,44370.41,10.019426,444565.98
2024-01-07 05:46:00,44339.1,44353.65,44314.79,44336.49,10.156641,450309.8
2024-01-07 05:47:00,44316.6,44319.85,44295.31,44305.78,1.627756,72119.0
2024-01-07 05:48:00,44401.71,44402.38,44373.55,44382.01,18.014329,799512.09
2024-01-07 05:49:00,44331.79,44386.98,44321.17,44359.76,1.865599,82757.53
2024-01-07 05:50:00,44466.14,44487.1,44427.85,44439.81,20.23703,899329.85
2024-01-07 05:51:00,44518.31,44537.61,44448.01,44484.41,27.309053,1214827.0
2024-01-07 05:52:00,44484.88,44500.85,44464.56,44476.67,5.387575,239621.41
2024-01-07 05:53:00,44365.25,44404.88,44344.11,44386.01,36.555827,1622567.24
2024-01-07 05:54:00,44378.48,44405.22,44374.03,44385.04,21.547684,956394.9
2024-01-07 05:55:00,44389.17,44400.01,44377.79,44390.12,38.667781,1716467.62
2024-01-07 05:56:00,44453.89,44458.56,44430.45,44448.49,25.415558,1129683.03
2024-01-07 05:57:00,44528.35,44530.91,44515.31,44527.91,16.225018,722466.08
2024-01-07 05:58:00,44499.28,44527.12,44492.49,44493.66,22.224263,988838.76
2024-01-07 05:59:00,44531.9,44552.53,44528.62,44533.72,24.370481,1085308.13
2024-01-07 06:00:00,44577.29,44586.21,44566.38,44571.99,58.284958,2597876.4
2024-01-07 06:01:00,44616.45,44633.96,44613.98,44625.66,2.731251,121883.87
2024-01-07 06:02:00,44643.83,44700.91,44642.51,44650.59,20.877174,932178.18
2024-01-07 06:03:00,44541.95,44569.62,44522.08,44553.47,28.534884,1271328.01
2024-01-07 06:04:00,44584.04,44593.43,44530.3,44545.7,12.023658,535602.21
2024-01-07 06:05:00,44517.19,44529.43,44476.69,44487.91,37.716561,1677931.03
2024-01-07 06:06:00,44488.89,44491.89,44469.39,44477.78,49.904264,2219630.91
2024-01-07 06:07:00,44553.29,44560.23,44521.05,44526.78,12.192233,542880.89
2024-01-07 06:08:00,44558.01,44572.37,44533.24,44542.04,12.322921,548888.04
2024-01-07 06:09:00,44603.07,44607.07,44587.97,44599.44,28.313537,1262767.99
2024-01-07 06:10:00,44586.42,44629.91,44580.86,44616.53,22.660774,1011045.13
2024-01-07 06:11:00,44546.37,44562.51,44526.85,44551.61,31.285466,1393818.0
2024-01-07 06:12:00,44418.87,44431.2,44407.67,44425.57,44.130714,1960532.22
2024-01-07 06:13:00,44410.35,44437.71,44402.47,44433.01,35.677737,1585269.34
2024-01-07 06:14:00,44392.59,44427.72,44390.32,44422.32,18.768898,833757.91
2024-01-07 06:15:00,44383.32,44397.05,44360.76,44373.47,40.789193,1809957.97
2024-01-07 06:16:00,44294.93,44305.8,44287.91,44288.44,17.149026,759503.54
2024-01-07 06:17:00,44228.35,44257.1,44227.79,44251.7,16.392335,725388.69
2024-01-07 06:18:00,44227.06,44253.52,44221.18,44241.98,0.437891,19373.15
2024-01-07 06:19:00,44298.49,44317.78,44271.25,44275.27,4.887518,216396.17
2024-01-07 06:20:00,44267.15,44290.58,44266.09,44284.7,8.720993,386206.55
2024-01-07 06:21:00,44368.52,44376.15,44353.34,44365.1,8.115405,360040.79
2024-01-07 06:22:00,44309.53,44343.51,44307.62,44313.32,3.234994,143353.32
2024-01-07 06:23:00,44367.5,44385.55,44355.12,44357.38,14.37687,637720.27
2024-01-07 06:24:00,44342.62,44363.25,44307.37,44359.74,40.084726,1778148.12
2024-01-07 06:25:00,44396.28,44399.36,44385.31,44394.48,14.28225,634053.01
2024-01-07 06:26:00,44376.02,44379.68,44360.06,44372.65,22.57433,1001682.83
2024-01-07 06:27:00,44430.84,44436.58,44422.05,44426.23,33.87843,1505091.05
2024-01-07 06:28:00,44442.58,44464.71,44426.1,44441.0,12.519544,556380.98
2024-01-07 06:29:00,44413.92,44427.03,44390.93,44407.02,31.736696,1409332.19
2024-01-07 06:30:00,44450.26,44468.01,44384.87,44406.42,34.937001,1551427.22
2024-01-07 06:31:00,44445.67,44461.21,44382.83,44394.44,32.902049,1460668.18
2024-01-07 06:32:00,44406.12,44427.57,44394.87,44418.9,16.068231,713733.21
2024-01-07 06:33:00,44313.55,44367.26,44294.3,44359.91,18.278705,810841.77
2024-01-07 06:34:00,44370.36,44383.93,44354.69,44358.45,3.454425,153232.91
2024-01-07 06:35:00,44381.94,44398.75,44342.72,44378.21,26.900367,1193790.18
2024-01-07 06:36:00,44401.08,44401.58,44372.49,44379.86,3.347876,148578.3
2024-01-07 06:37:00,44452.91,44469.71,44438.86,44447.21,23.617884,1049749.07
2024-01-07 06:38:00,44487.08,44503.63,44479.76,44485.91,10.830259,481793.93
2024-01-07 06:39:00,44508.12,44513.64,44476.73,44485.54,10.298832,458149.06
2024-01-07 06:40:00,44521.75,44535.95,44490.8,44496.37,30.024837,1335996.32
2024-01-07 06:41:00,44483.42,44514.06,44473.98,44511.15,21.224139,944710.93
2024-01-07 06:42:00,44514.99,44556.05,44508.21,44531.32,15.651948,697001.92
2024-01-07 06:43:00,44437.93,44443.21,44414.69,44440.04,0.045464,2020.42
2024-01-07 06:44:00,44426.93,44438.58,44409.78,44424.96,42.046265,1867903.66
2024-01-07 06:45:00,44346.22,44367.04,44334.91,44350.74,16.659269,738850.91
2024-01-07 06:46:00,44423.34,44438.61,44397.96,44414.65,24.947747,1108045.5
2024-01-07 06:47:00,44431.53,44433.46,44393.98,44411.61,11.618942,516015.93
2024-01-07 06:48:00,44436.4,44446.54,44391.26,44401.94,3.874646,172041.81
2024-01-07 06:49:00,44458.36,44498.23,44435.53,44446.78,17.098908,759991.47
2024-01-07 06:50:00,44450.85,44471.57,44433.61,44467.9,1.915317,85170.14
2024-01-07 06:51:00,44408.52,44419.14,44397.7,44411.47,18.755556,832961.77
2024-01-07 06:52:00,44406.42,44428.83,44396.23,44407.92,55.306026,2456025.69
2024-01-07 06:53:00,44401.46,44402.4,44389.25,44391.16,1.983721,88059.68
2024-01-07 06:54:00,44311.7,44328.08,44293.29,44303.94,9.713026,430325.3
2024-01-07 06:55:00,44310.43,44344.42,44245.53,44269.42,9.088568,402345.64
2024-01-07 06:56:00,44251.02,44263.88,44248.18,44260.25,17.275644,764624.25
2024-01-07 06:57:00,44262.19,44272.83,44249.15,44254.5,1.555525,68838.98
2024-01-07 06:58:00,44227.48,44239.02,44166.2,44180.39,9.881808,436582.12
2024-01-07 06:59:00,44226.27,44252.42,44206.7,44237.97,1.030514,45587.83
2024-01-07 07:00:00,44235.77,44250.72,44219.19,44232.87,29.43822,1302136.82
2024-01-07 07:01:00,44215.85,44244.08,44213.69,44234.74,20.919437,925365.91
2024-01-07 07:02:00,44256.42,44260.82,44238.58,44254.78,15.958119,706222.98
2024-01-07 07:03:00,44199.77,44218.12,44195.93,44215.37,11.239817,496972.67
2024-01-07 07:04:00,44259.13,44282.65,44227.18,44238.19,60.612642,2681393.52
2024-01-07 07:05:00,44222.78,44228.14,44215.37,44219.84,6.851804,302985.67
2024-01-07 07:06:00,44156.3,44196.88,44149.46,44175.01,3.937727,173949.13
2024-01-07 07:07:00,44220.49,44229.31,44190.53,44203.68,13.461217,595035.32
2024-01-07 07:08:00,44281.86,44295.61,44250.19,44278.26,28.107102,1244533.65
2024-01-07 07:09:00,44333.56,44352.03,44307.64,44314.5,42.624376,1888878.09
2024-01-07 07:10:00,44337.7,44363.86,44334.76,44360.65,6.961121,308799.85
2024-01-07 07:11:00,44342.0,44350.55,44315.58,44334.62,4.302066,190730.48
2024-01-07 07:12:00,44270.21,44294.03,44244.74,44254.74,2.811396,124417.6
2024-01-07 07:13:00,44320.78,44338.0,44318.02,44329.25,7.518063,333270.09
2024-01-07 07:14:00,44406.79,44449.01,44404.11,44431.97,25.355443,1126592.34
2024-01-07 07:15:00,44508.28,44519.56,44499.01,44509.11,26.134524,1163224.48
2024-01-07 07:16:00,44516.89,44523.75,44487.1,44492.32,33.804883,1504057.8
2024-01-07 07:17:00,44457.11,44465.25,44431.05,44434.59,28.09109,1248216.13
2024-01-07 07:18:00,44372.74,44382.81,44358.25,44381.31,45.158701,2004202.24
2024-01-07 07:19:00,44271.46,44303.75,44266.85,44297.12,42.350762,1876016.84
2024-01-07 07:20:00,44283.13,44294.81,44282.88,44291.75,51.397014,2276463.8
2024-01-07 07:21:00,44362.67,44378.92,44339.57,44372.04,33.466364,1484970.74
2024-01-07 07:22:00,44373.88,44381.47,44349.18,44364.95,7.341403,325701.0
2024-01-07 07:23:00,44377.97,44387.96,44368.07,44380.07,36.320808,1611919.99
2024-01-07 07:24:00,44433.78,44449.11,44410.26,44448.85,15.795415,702088.02
2024-01-07 07:25:00,44450.73,44457.81,44416.18,44428.64,10.427687,463288.01
2024-01-07 07:26:00,44533.23,44536.92,44529.58,44530.42,21.473241,956212.47
2024-01-07 07:27:00,44638.73,44640.2,44614.42,44630.03,6.161884,275005.05
2024-01-07 07:28:00,44588.97,44645.15,44577.32,44623.47,35.547194,1586239.16
2024-01-07 07:29:00,44546.11,44604.14,44524.49,44594.59,7.927667,353531.09
2024-01-07 07:30:00,44600.7,44630.43,44590.65,44629.46,22.66056,1011328.47
2024-01-07 07:31:00,44602.47,44632.34,44582.59,44612.08,5.909554,263637.48
2024-01-07 07:32:00,44565.78,44575.08,44540.65,44554.25,17.380173,774360.58
2024-01-07 07:33:00,44571.47,44654.08,44564.45,44618.31,4.206413,187683.05
2024-01-07 07:34:00,44710.99,44727.93,44678.0,44679.14,2.134718,95377.34
2024-01-07 07:35:00,44690.32,44696.08,44672.81,44686.91,14.058655,628237.86
2024-01-07 07:36:00,44650.97,44663.48,44577.22,44623.77,17.172489,766301.16
2024-01-07 07:37:00,44544.57,44564.04,44537.41,44562.29,14.607623,650949.16
2024-01-07 07:38:00,44577.73,44589.95,44550.85,44567.65,34.469834,1536239.59
2024-01-07 07:39:00,44544.36,44548.01,44520.32,44542.66,7.377565,328616.36
2024-01-07 07:40:00,44541.96,44552.74,44522.81,44525.6,18.393727,818991.8
2024-01-07 07:41:00,44572.03,44592.53,44540.36,44576.7,11.947638,532586.33
2024-01-07 07:42:00,44622.83,44624.05,44605.77,44613.36,1.797665,80199.88
2024-01-07 07:43:00,44704.31,44719.36,44663.04,44682.27,28.232874,1261508.89
2024-01-07 07:44:00,44619.71,44645.35,44619.71,44632.74,11.623384,518783.46
2024-01-07 07:45:00,44620.42,44634.8,44575.73,44615.58,11.466352,511577.93
2024-01-07 07:46:00,44615.77,44676.99,44611.55,44653.53,39.773874,1776043.78
2024-01-07 07:47:00,44689.98,44690.03,44630.91,44675.93,26.39904,1179401.69
2024-01-07 07:48:00,44791.64,44820.25,44745.95,44752.55,6.589327,294889.18
2024-01-07 07:49:00,44748.69,44800.99,44735.98,44773.58,25.098648,1123756.26
2024-01-07 07:50:00,44864.16,44885.95,44838.65,44865.98,42.899227,1924715.96
2024-01-07 07:51:00,44910.59,44921.88,44881.17,44892.98,26.467331,1188197.48
2024-01-07 07:52:00,44946.72,44956.36,44931.56,44946.09,11.083027,498138.73
2024-01-07 07:53:00,44933.22,44942.4,44925.52,44929.92,4.271458,191916.24
2024-01-07 07:54:00,44922.81,44943.19,44920.54,44930.63,60.514464,2718953.02
2024-01-07 07:55:00,44967.61,44978.31,44966.37,44976.18,19.667706,884578.26
2024-01-07 07:56:00,45055.09,45082.99,45046.51,45056.83,14.192602,639473.6
2024-01-07 07:57:00,45094.12,45112.04,45085.34,45093.29,6.341202,285945.67
2024-01-07 07:58:00,45065.5,45104.49,45056.87,45089.13,7.931135,357607.99
2024-01-07 07:59:00,45156.68,45168.19,45154.8,45158.0,29.013737,1310202.23
2024-01-07 08:00:00,45079.77,45102.11,45013.38,45048.4,40.423526,1821015.07
2024-01-07 08:01:00,44968.9,44985.67,44954.05,44977.29,5.587661,251317.84
2024-01-07 08:02:00,44986.62,45012.46,44961.21,45011.37,6.193689,278786.41
2024-01-07 08:03:00,45009.04,45013.44,45006.19,45012.07,7.87883,354642.49
2024-01-07 08:04:00,45028.06,45047.4,45003.97,45042.35,38.662159,1741434.44
2024-01-07 08:05:00,45018.8,45050.82,45007.66,45045.57,5.325838,239905.41
2024-01-07 08:06:00,45076.9,45077.95,45062.66,45074.12,15.146975,682736.52
2024-01-07 08:07:00,45019.19,45037.02,45016.46,45033.4,20.243267,911623.06
2024-01-07 08:08:00,45049.43,45073.11,45039.14,45061.92,17.68905,797102.55
2024-01-07 08:09:00,45114.71,45137.62,45103.44,45111.64,19.569284,882802.51
2024-01-07 08:10:00,45142.01,45192.03,45125.79,45172.67,4.300391,194260.13
2024-01-07 08:11:00,45238.52,45290.68,45236.32,45273.35,14.873399,673368.56
2024-01-07 08:12:00,45298.97,45310.39,45282.95,45285.55,12.329804,558361.96
2024-01-07 08:13:00,45260.63,45300.44,45249.58,45299.25,7.618349,345105.46
2024-01-07 08:14:00,45203.55,45242.31,45202.48,45223.09,23.04772,1042289.08
2024-01-07 08:15:00,45160.52,45204.44,45150.2,45196.52,7.135912,322518.39
2024-01-07 08:16:00,45177.14,45201.04,45170.36,45186.86,6.589104,297740.94
2024-01-07 08:17:00,45247.94,45263.97,45222.45,45239.38,7.72915,349661.97
2024-01-07 08:18:00,45211.08,45221.74,45207.62,45208.83,6.595752,298186.25
2024-01-07 08:19:00,45296.48,45318.91,45227.98,45248.65,56.033899,2535458.11
2024-01-07 08:20:00,45270.3,45293.31,45240.24,45248.57,33.20876,1502648.75
2024-01-07 08:21:00,45221.08,45242.43,45213.38,45239.71,34.813617,1574957.83
2024-01-07 08:22:00,45228.21,45265.16,45213.45,45252.15,26.001444,1176621.31
2024-01-07 08:23:00,45286.73,45299.5,45216.09,45232.59,26.165752,1183544.85
2024-01-07 08:24:00,45232.39,45260.77,45195.87,45211.14,11.916971,538779.86
2024-01-07 08:25:00,45137.69,45162.82,45106.19,45125.9,36.671571,1654837.78
2024-01-07 08:26:00,45115.0,45115.1,45110.69,45113.51,1.032808,46593.59
2024-01-07 08:27:00,45094.98,45102.35,45083.0,45089.51,17.848784,804792.86
2024-01-07 08:28:00,45034.07,45073.56,45022.01,45063.71,11.464009,516610.73
2024-01-07 08:29:00,45087.69,45092.72,45082.63,45084.55,5.353782,241372.86
2024-01-07 08:30:00,45118.91,45122.3,45115.63,45117.48,12.43704,561127.95
2024-01-07 08:31:00,45111.01,45153.0,45072.85,45129.09,8.975182,405041.81
2024-01-07 08:32:00,45168.09,45179.35,45156.75,45178.86,3.280652,148216.13
2024-01-07 08:33:00,45237.95,45252.08,45198.28,45207.64,41.606275,1880921.58
2024-01-07 08:34:00,45190.39,45222.76,45190.3,45192.89,67.631956,3056483.48
2024-01-07 08:35:00,45211.17,45228.03,45157.51,45169.75,20.399107,921422.46
2024-01-07 08:36:00,45150.57,45208.22,45141.55,45185.39,26.671161,1205146.73
2024-01-07 08:37:00,45203.63,45229.22,45193.18,45214.08,15.04063,680048.17
2024-01-07 08:38:00,45253.02,45289.83,45249.73,45283.97,19.101091,864973.2
2024-01-07 08:39:00,45319.34,45344.97,45304.22,45343.53,20.875837,946584.07
2024-01-07 08:40:00,45299.89,45317.95,45277.96,45316.45,30.708569,1391603.4
2024-01-07 08:41:00,45317.66,45321.45,45296.69,45311.35,40.738996,1845939.02
2024-01-07 08:42:00,45350.24,45362.55,45332.69,45344.9,7.688283,348624.44
2024-01-07 08:43:00,45384.72,45401.39,45375.43,45398.3,66.55597,3021528.13
2024-01-07 08:44:00,45400.7,45478.37,45396.52,45445.25,12.765379,580125.87
2024-01-07 08:45:00,45471.61,45491.15,45431.77,45442.06,12.771921,580382.39
2024-01-07 08:46:00,45373.64,45392.42,45371.78,45379.36,1.741813,79042.36
2024-01-07 08:47:00,45307.08,45333.43,45294.21,45329.41,1.81836,82425.17
2024-01-07 08:48:00,45348.54,45349.98,45328.94,45343.04,22.327418,1012393.04
2024-01-07 08:49:00,45364.24,45366.38,45325.17,45360.15,22.743133,1031632.01
2024-01-07 08:50:00,45298.77,45320.26,45297.35,45305.22,21.304473,965203.83
2024-01-07 08:51:00,45310.42,45317.11,45303.88,45307.45,0.903287,40925.62
2024-01-07 08:52:00,45315.91,45351.7,45307.48,45339.01,44.023665,1995989.34
2024-01-07 08:53:00,45296.65,45309.15,45278.7,45281.45,25.910672,1173272.73
2024-01-07 08:54:00,45316.76,45366.03,45307.99,45336.7,10.265757,465415.52
2024-01-07 08:55:00,45305.71,45340.65,45291.82,45317.82,16.717627,757606.41
2024-01-07 08:56:00,45393.68,45401.9,45329.29,45380.7,1.606084,72885.24
2024-01-07 08:57:00,45378.11,45396.58,45343.01,45354.03,3.858045,174977.86
2024-01-07 08:58:00,45334.41,45340.43,45278.13,45302.7,15.933864,721847.03
2024-01-07 08:59:00,45300.91,45305.14,45266.59,45279.79,7.847374,355327.46
2024-01-07 09:00:00,45268.55,45282.73,45264.16,45275.03,0.470146,21285.9
2024-01-07 09:01:00,45224.79,45279.47,45219.97,45255.61,22.310117,1009657.93
2024-01-07 09:02:00,45272.91,45275.55,45212.57,45244.81,6.878692,311225.1
2024-01-07 09:03:00,45288.92,45319.64,45238.87,45261.51,28.651849,1296825.87
2024-01-07 09:04:00,45239.51,45259.05,45205.93,45252.95,9.252656,418709.97
2024-01-07 09:05:00,45268.07,45272.42,45228.93,45249.64,23.273089,1053098.98
2024-01-07 09:06:00,45157.54,45200.17,45143.9,45164.18,37.728082,1703957.93
2024-01-07 09:07:00,45213.79,45226.24,45162.18,45183.77,5.821244,263025.74
2024-01-07 09:08:00,45169.01,45186.13,45162.94,45179.31,1.106923,50010.02
2024-01-07 09:09:00,45299.39,45300.66,45234.27,45259.82,29.746999,1346343.86
2024-01-07 09:10:00,45228.56,45238.09,45205.12,45212.84,34.656635,1566924.98
2024-01-07 09:11:00,45158.38,45160.64,45100.22,45122.43,2.895893,130669.71
2024-01-07 09:12:00,45144.06,45155.34,45136.13,45153.33,22.426557,1012633.75
2024-01-07 09:13:00,45178.76,45191.02,45169.49,45170.66,35.097528,1585378.42
2024-01-07 09:14:00,45100.85,45145.51,45087.18,45120.24,21.677152,978078.19
2024-01-07 09:15:00,45060.63,45062.22,45029.56,45043.75,18.012595,811354.77
2024-01-07 09:16:00,45138.6,45140.7,45117.41,45120.62,28.311843,1277447.86
2024-01-07 09:17:00,45239.26,45247.17,45185.18,45191.32,13.702172,619219.29
2024-01-07 09:18:00,45076.59,45085.23,45066.81,45066.95,17.823981,803272.46
2024-01-07 09:19:00,45058.52,45078.63,45042.15,45044.04,4.294669,193449.26
2024-01-07 09:20:00,45117.83,45141.73,45104.53,45127.25,22.055116,995286.74
2024-01-07 09:21:00,45114.27,45130.11,45085.84,45103.45,25.980767,1171822.14
2024-01-07 09:22:00,45071.32,45088.91,45069.01,45078.92,29.531066,1331228.44
2024-01-07 09:23:00,45067.09,45073.73,45050.29,45064.78,21.97122,990128.12
2024-01-07 09:24:00,45012.22,45016.91,44987.83,45008.73,15.013665,675746.05
2024-01-07 09:25:00,44916.45,44932.78,44895.8,44923.49,15.683251,704546.45
2024-01-07 09:26:00,44977.38,44987.78,44941.07,44976.12,17.335286,779673.91
2024-01-07 09:27:00,44876.47,44897.04,44871.94,44883.97,2.486117,111586.81
2024-01-07 09:28:00,44888.74,44917.35,44887.7,44896.34,2.590072,116284.73
2024-01-07 09:29:00,44962.2,44972.4,44932.56,44940.67,18.046733,811032.21
2024-01-07 09:30:00,44871.61,44890.33,44858.25,44868.11,23.0096,1032397.15
2024-01-07 09:31:00,44828.83,44850.57,44818.83,44821.89,3.019857,135355.72
2024-01-07 09:32:00,44853.41,44917.8,44848.9,44882.55,11.53264,517614.29
2024-01-07 09:33:00,44917.67,44922.82,44896.57,44909.2,23.505982,1055634.74
2024-01-07 09:34:00,44888.94,44897.73,44868.29,44878.33,15.226706,683349.15
2024-01-07 09:35:00,44930.48,44955.2,44911.88,44938.44,0.791147,35552.93
2024-01-07 09:36:00,45040.47,45051.59,44990.7,44998.77,1.067695,48044.98
2024-01-07 09:37:00,44966.44,45028.04,44952.17,45012.22,4.343264,195499.99
2024-01-07 09:38:00,44982.9,45004.41,44936.02,44967.22,14.100368,634054.3
2024-01-07 09:39:00,44960.8,44965.34,44943.38,44946.54,26.250847,1179884.83
2024-01-07 09:40:00,44971.69,44985.42,44957.48,44960.86,12.531268,563416.6
2024-01-07 09:41:00,44954.96,44958.8,44922.54,44951.43,12.539368,563662.57
2024-01-07 09:42:00,45009.39,45027.43,44996.64,44998.38,22.426715,1009165.85
2024-01-07 09:43:00,44939.26,44971.55,44916.27,44921.89,26.30076,1181479.91
2024-01-07 09:44:00,44832.66,44856.92,44821.0,44847.18,17.847161,800394.84
2024-01-07 09:45:00,44862.21,44873.87,44848.52,44856.22,12.293353,551433.36
2024-01-07 09:46:00,44827.98,44850.92,44815.32,44831.64,27.520121,1233772.3
2024-01-07 09:47:00,44778.42,44824.9,44766.14,44800.29,38.48118,1723968.11
2024-01-07 09:48:00,44726.23,44739.9,44697.24,44711.89,3.533525,157990.56
2024-01-07 09:49:00,44701.58,44725.21,44697.37,44712.87,25.405213,1135939.93
2024-01-07 09:50:00,44680.27,44722.39,44647.66,44710.23,2.483534,111039.36
2024-01-07 09:51:00,44732.12,44747.03,44731.53,44742.9,14.380688,643433.74
2024-01-07 09:52:00,44730.37,44747.51,44720.48,44746.35,31.390794,1404623.41
2024-01-07 09:53:00,44760.29,44779.45,44734.89,44739.72,4.526645,202520.84
2024-01-07 09:54:00,44801.63,44807.04,44794.59,44798.57,9.041537,405047.92
2024-01-07 09:55:00,44760.59,44774.31,44717.71,44732.94,0.81576,36491.36
2024-01-07 09:56:00,44746.43,44770.71,44726.77,44759.76,9.060964,405566.63
2024-01-07 09:57:00,44693.69,44710.39,44674.97,44676.21,11.484256,513072.99
2024-01-07 09:58:00,44691.08,44706.23,44621.35,44634.29,34.131468,1523433.8
2024-01-07 09:59:00,44580.78,44586.86,44570.9,44573.66,20.647417,920330.85
2024-01-07 10:00:00,44629.99,44634.89,44605.79,44612.75,4.391074,195897.91
2024-01-07 10:01:00,44623.35,44627.15,44589.07,44609.48,9.687831,432169.14
2024-01-07 10:02:00,44580.37,44618.21,44561.19,44608.81,8.308135,370615.99
2024-01-07 10:03:00,44565.19,44580.64,44540.29,44553.47,4.394535,195791.8
2024-01-07 10:04:00,44544.62,44554.96,44538.2,44538.49,33.053164,1472137.9
2024-01-07 10:05:00,44495.12,44505.2,44490.8,44500.31,7.798201,347022.36
2024-01-07 10:06:00,44501.8,44529.32,44486.77,44519.49,52.632288,2343162.37
2024-01-07 10:07:00,44483.81,44490.02,44464.35,44469.93,9.205216,409355.31
2024-01-07 10:08:00,44516.97,44539.45,44493.23,44536.42,1.512896,67378.99
2024-01-07 10:09:00,44495.31,44499.95,44447.34,44452.64,28.555384,1269362.28
2024-01-07 10:10:00,44414.6,44419.87,44410.03,44412.32,23.402848,1039374.66
2024-01-07 10:11:00,44471.71,44514.11,44471.22,44496.18,13.768967,612666.38
2024-01-07 10:12:00,44464.14,44474.55,44444.38,44474.42,14.243483,633470.64
2024-01-07 10:13:00,44403.11,44423.8,44388.71,44408.67,33.6426,1494023.3
2024-01-07 10:14:00,44467.88,44475.62,44407.13,44419.63,7.647046,339678.93
2024-01-07 10:15:00,44378.17,44412.8,44362.3,44395.86,26.695525,1185170.76
2024-01-07 10:16:00,44351.74,44378.28,44345.31,44354.07,14.278519,633310.38
2024-01-07 10:17:00,44288.52,44307.92,44265.62,44299.27,11.874707,526040.89
2024-01-07 10:18:00,44447.68,44449.23,44426.53,44437.69,41.975623,1865299.76
2024-01-07 10:19:00,44414.68,44426.57,44400.68,44425.11,6.900728,306565.61
2024-01-07 10:20:00,44306.05,44335.89,44294.46,44328.83,7.096227,314567.46
2024-01-07 10:21:00,44399.61,44411.08,44373.06,44403.52,22.425236,995759.4
2024-01-07 10:22:00,44428.09,44447.61,44409.6,44434.07,11.16263,496001.12
2024-01-07 10:23:00,44383.91,44410.21,44382.12,44395.75,26.593115,1180621.27
2024-01-07 10:24:00,44338.32,44373.32,44318.65,44349.09,0.187554,8317.83
2024-01-07 10:25:00,44406.46,44408.74,44352.55,44382.77,4.014004,178152.62
2024-01-07 10:26:00,44364.03,44413.35,44361.08,44370.42,20.55879,912202.17
2024-01-07 10:27:00,44251.44,44284.52,44247.73,44274.12,13.788513,610474.32
2024-01-07 10:28:00,44354.24,44367.24,44340.56,44363.49,26.484128,1174928.21
2024-01-07 10:29:00,44342.87,44348.15,44312.34,44341.79,17.09283,757926.6
2024-01-07 10:30:00,44389.84,44428.46,44380.24,44416.56,23.10351,1026178.53
2024-01-07 10:31:00,44513.01,44528.96,44479.46,44480.49,5.290578,235327.5
2024-01-07 10:32:00,44447.79,44464.37,44428.47,44430.44,6.924604,307663.18
2024-01-07 10:33:00,44510.7,44520.84,44462.54,44482.09,51.302775,2282054.93
2024-01-07 10:34:00,44457.37,44466.16,44444.63,44449.52,1.815168,80683.33
2024-01-07 10:35:00,44314.31,44367.36,44313.81,44356.19,5.795557,257068.83
2024-01-07 10:36:00,44365.66,44386.54,44309.95,44334.96,40.972485,1816513.41
2024-01-07 10:37:00,44337.57,44363.56,44322.56,44354.84,9.281606,411684.13
2024-01-07 10:38:00,44316.06,44333.64,44312.02,44331.7,3.059364,135626.84
2024-01-07 10:39:00,44319.48,44333.24,44313.41,44316.35,26.673164,1182057.29
2024-01-07 10:40:00,44401.09,44412.93,44358.31,44373.53,0.103277,4582.74
2024-01-07 10:41:00,44399.92,44430.42,44374.6,44378.85,30.64425,1359956.66
2024-01-07 10:42:00,44354.81,44380.58,44316.12,44336.69,15.226988,675114.22
2024-01-07 10:43:00,44365.55,44387.02,44334.15,44371.79,7.991133,354580.9
2024-01-07 10:44:00,44375.12,44401.01,44360.27,44381.67,28.757311,1276297.59
2024-01-07 10:45:00,44262.51,44274.5,44218.41,44255.59,22.020724,974540.23
2024-01-07 10:46:00,44274.41,44285.62,44267.99,44277.01,27.914148,1235955.07
2024-01-07 10:47:00,44314.39,44328.11,44287.07,44296.6,6.357675,281623.42
2024-01-07 10:48:00,44314.21,44321.65,44262.1,44297.61,22.022623,975549.53
2024-01-07 10:49:00,44354.02,44359.47,44330.54,44342.19,48.409768,2146595.31
2024-01-07 10:50:00,44258.05,44312.9,44234.8,44308.57,13.428022,594976.52
2024-01-07 10:51:00,44327.96,44337.82,44320.04,44325.4,2.027148,89854.15
2024-01-07 10:52:00,44244.87,44268.04,44215.87,44247.05,40.879192,1808783.71
2024-01-07 10:53:00,44270.77,44284.24,44250.34,44267.41,23.34218,1033297.75
2024-01-07 10:54:00,44349.97,44366.71,44338.9,44365.06,0.990263,43933.08
2024-01-07 10:55:00,44288.82,44330.68,44276.65,44315.32,44.702532,1981006.83
2024-01-07 10:56:00,44286.59,44310.99,44260.33,44277.33,14.06834,622908.46
2024-01-07 10:57:00,44234.7,44260.25,44233.71,44241.83,20.583294,910642.48
2024-01-07 10:58:00,44259.82,44266.94,44248.04,44248.32,32.929773,1457087.3
2024-01-07 10:59:00,44181.75,44206.21,44163.65,44195.17,31.434899,1389270.82
2024-01-07 11:00:00,44244.55,44248.74,44206.86,44216.24,7.999382,353702.57
2024-01-07 11:01:00,44278.6,44306.84,44246.51,44258.58,14.811207,655522.96
2024-01-07 11:02:00,44291.23,44307.17,44258.49,44285.29,14.590127,646128.06
2024-01-07 11:03:00,44192.61,44203.12,44169.57,44196.87,24.094966,1064922.16
2024-01-07 11:04:00,44263.68,44300.08,44242.5,44246.63,11.559185,511454.99
2024-01-07 11:05:00,44301.35,44319.62,44281.16,44293.5,16.035656,710275.36
2024-01-07 11:06:00,44339.78,44363.44,44312.7,44335.01,19.149729,849003.41
2024-01-07 11:07:00,44374.51,44379.6,44336.64,44353.65,31.216886,1384582.88
2024-01-07 11:08:00,44393.19,44398.18,44363.92,44364.66,1.425651,63248.54
2024-01-07 11:09:00,44391.23,44431.78,44385.99,44416.28,6.719463,298453.57
2024-01-07 11:10:00,44491.45,44526.73,44475.56,44512.46,27.286342,1214582.08
2024-01-07 11:11:00,44449.2,44465.9,44427.06,44464.8,25.424068,1130476.18
2024-01-07 11:12:00,44488.66,44529.1,44484.5,44518.71,19.478924,867176.55
2024-01-07 11:13:00,44513.14,44514.86,44506.5,44514.4,30.589645,1361679.66
2024-01-07 11:14:00,44519.92,44524.1,44492.33,44507.92,18.180932,809195.38
2024-01-07 11:15:00,44430.66,44432.4,44421.44,44431.09,38.950656,1730620.04
2024-01-07 11:16:00,44406.17,44420.22,44382.23,44416.85,24.215682,1075584.3
2024-01-07 11:17:00,44389.52,44404.52,44352.9,44366.99,8.808665,390813.93
2024-01-07 11:18:00,44346.6,44365.6,44323.93,44343.79,7.958683,352918.21
2024-01-07 11:19:00,44295.74,44318.14,44276.56,44288.88,5.620585,248929.46
2024-01-07 11:20:00,44289.52,44295.91,44237.03,44266.44,19.948576,883052.41
2024-01-07 11:21:00,44243.67,44267.74,44234.92,44246.13,14.27992,631831.24
2024-01-07 11:22:00,44292.18,44317.57,44244.46,44250.97,26.496403,1172491.57
2024-01-07 11:23:00,44161.28,44188.6,44153.53,44170.23,13.677462,604136.68
2024-01-07 11:24:00,44137.92,44143.96,44082.7,44097.96,55.844233,2462616.6
2024-01-07 11:25:00,44096.56,44138.24,44073.69,44116.05,2.180558,96197.6
2024-01-07 11:26:00,44086.53,44094.79,44071.08,44076.18,15.735127,693544.32
2024-01-07 11:27:00,44117.06,44146.75,44106.06,44129.91,5.875169,259270.65
2024-01-07 11:28:00,44163.56,44163.76,44121.54,44141.17,11.621333,512979.25
2024-01-07 11:29:00,44161.94,44177.12,44149.0,44171.51,0.69821,30840.99
2024-01-07 11:30:00,44247.86,44256.04,44236.93,44242.04,14.11606,624523.36
2024-01-07 11:31:00,44213.55,44238.48,44201.48,44226.56,21.601935,955379.23
2024-01-07 11:32:00,44216.58,44240.47,44193.66,44197.83,38.034679,1681050.45
2024-01-07 11:33:00,44228.3,44241.53,44213.53,44241.42,3.429044,151705.78
2024-01-07 11:34:00,44300.56,44306.59,44265.74,44266.89,2.66841,118122.21
2024-01-07 11:35:00,44237.61,44266.33,44230.53,44257.53,56.42137,2497070.39
2024-01-07 11:36:00,44300.19,44341.19,44290.61,44327.1,27.201424,1205760.26
2024-01-07 11:37:00,44335.52,44359.46,44286.75,44316.49,40.001192,1772712.4
2024-01-07 11:38:00,44306.29,44321.28,44288.83,44318.13,21.162317,937874.28
2024-01-07 11:39:00,44319.04,44335.48,44303.28,44319.19,11.647154,516192.42
2024-01-07 11:40:00,44266.01,44273.98,44222.1,44272.46,17.283147,765167.41
2024-01-07 11:41:00,44250.09,44285.51,44245.07,44276.34,32.459488,1437187.27
2024-01-07 11:42:00,44344.64,44357.83,44334.63,44346.18,45.002366,1995682.86
2024-01-07 11:43:00,44393.72,44410.18,44342.9,44368.42,16.041024,711714.95
2024-01-07 11:44:00,44390.04,44401.17,44355.58,44369.98,2.458628,109089.27
2024-01-07 11:45:00,44366.53,44383.26,44350.94,44361.89,28.491487,1263936.19
2024-01-07 11:46:00,44400.68,44411.28,44355.16,44378.43,7.063478,313466.08
2024-01-07 11:47:00,44394.73,44434.54,44380.98,44415.92,17.80796,790956.95
2024-01-07 11:48:00,44439.87,44472.58,44429.13,44446.38,23.626274,1050102.45
2024-01-07 11:49:00,44437.71,44454.39,44421.96,44429.79,7.83848,348262.02
2024-01-07 11:50:00,44443.42,44457.68,44423.27,44446.03,8.096408,359853.17
2024-01-07 11:51:00,44465.09,44474.58,44457.05,44470.03,0.908976,40422.21
2024-01-07 11:52:00,44395.65,44437.26,44372.32,44419.67,3.671586,163090.61
2024-01-07 11:53:00,44386.45,44436.29,44384.48,44428.08,11.07185,491901.03
2024-01-07 11:54:00,44336.37,44361.58,44290.79,44320.01,2.278077,100964.4
2024-01-07 11:55:00,44349.0,44374.21,44326.69,44344.14,19.039282,844280.56
2024-01-07 11:56:00,44395.2,44400.43,44360.61,44377.16,21.822559,968423.11
2024-01-07 11:57:00,44405.79,44426.32,44396.18,44414.53,16.666814,740248.79
2024-01-07 11:58:00,44380.53,44407.49,44376.59,44394.78,15.313967,679860.21
2024-01-07 11:59:00,44410.36,44415.4,44407.77,44410.23,2.282048,101346.27
2024-01-07 12:00:00,44498.52,44513.54,44479.71,44481.43,4.95902,220584.29
2024-01-07 12:01:00,44547.49,44564.3,44547.13,44552.12,6.578908,293104.3
2024-01-07 12:02:00,44566.7,44576.93,44545.68,44550.66,20.103414,895620.41
2024-01-07 12:03:00,44537.5,44562.35,44518.75,44557.63,17.156801,764466.34
2024-01-07 12:04:00,44609.94,44623.73,44608.85,44613.17,11.675285,520871.49
2024-01-07 12:05:00,44536.73,44547.29,44515.21,44538.13,2.673949,119092.71
2024-01-07 12:06:00,44546.51,44571.92,44519.49,44521.98,45.146208,2009998.51
2024-01-07 12:07:00,44592.91,44605.44,44581.34,44588.76,20.535652,915659.19
2024-01-07 12:08:00,44672.44,44674.6,44631.49,44637.52,9.991092,445977.52
2024-01-07 12:09:00,44629.03,44674.73,44616.09,44655.98,12.120464,541251.21
2024-01-07 12:10:00,44583.29,44584.84,44576.38,44580.69,17.270383,769925.56
2024-01-07 12:11:00,44581.78,44597.79,44565.51,44578.19,19.916005,887819.54
2024-01-07 12:12:00,44561.1,44565.51,44541.09,44548.7,45.975906,2048166.76
2024-01-07 12:13:00,44548.98,44589.05,44539.12,44565.25,18.179068,810154.7
2024-01-07 12:14:00,44558.47,44570.47,44518.15,44524.78,13.50581,601343.27
2024-01-07 12:15:00,44473.76,44479.1,44458.39,44473.5,13.794935,613509.0
2024-01-07 12:16:00,44348.51,44386.56,44330.95,44370.25,12.060373,535121.79
2024-01-07 12:17:00,44431.02,44436.56,44425.72,44431.34,14.066761,625005.1
2024-01-07 12:18:00,44405.09,44428.36,44381.82,44411.35,3.703181,164463.31
2024-01-07 12:19:00,44474.88,44475.47,44416.64,44419.21,9.471344,420709.64
2024-01-07 12:20:00,44440.1,44441.8,44414.46,44419.1,12.184665,541231.84
2024-01-07 12:21:00,44366.72,44398.43,44336.22,44365.73,39.868354,1768788.58
2024-01-07 12:22:00,44300.54,44310.05,44297.63,44302.78,25.540613,1131520.02
2024-01-07 12:23:00,44271.53,44289.94,44251.22,44252.51,14.66846,649116.16
2024-01-07 12:24:00,44236.33,44243.52,44176.25,44216.35,4.896215,216492.75
2024-01-07 12:25:00,44176.45,44243.26,44172.09,44234.68,24.57993,1087285.38
2024-01-07 12:26:00,44207.76,44227.49,44170.13,44194.9,40.337386,1782706.55
2024-01-07 12:27:00,44282.78,44298.28,44271.34,44282.22,45.825749,2029265.9
2024-01-07 12:28:00,44307.35,44350.54,44292.44,44333.58,5.785675,256499.66
2024-01-07 12:29:00,44391.6,44417.62,44371.63,44374.0,26.484619,1175228.37
2024-01-07 12:30:00,44412.94,44414.31,44361.29,44368.01,14.985434,664873.92
2024-01-07 12:31:00,44454.86,44457.02,44435.72,44443.73,7.605445,338014.3
2024-01-07 12:32:00,44454.83,44466.48,44426.56,44432.83,11.246934,499733.05
2024-01-07 12:33:00,44467.35,44468.45,44428.85,44431.26,11.492506,510626.54
2024-01-07 12:34:00,44423.16,44456.26,44405.15,44439.76,33.503275,1488877.57
2024-01-07 12:35:00,44437.7,44479.23,44420.84,44474.85,18.089392,804523.03
2024-01-07 12:36:00,44519.84,44521.87,44489.49,44506.7,19.362923,861779.79
2024-01-07 12:37:00,44477.99,44493.43,44452.08,44482.94,40.788359,1814386.23
2024-01-07 12:38:00,44428.81,44470.47,44413.94,44456.29,38.63575,1717602.23
2024-01-07 12:39:00,44486.72,44535.67,44480.17,44488.29,21.379469,951135.96
2024-01-07 12:40:00,44538.6,44557.11,44522.99,44524.05,5.141008,228898.5
2024-01-07 12:41:00,44501.4,44506.58,44491.58,44504.38,25.535566,1136444.58
2024-01-07 12:42:00,44409.29,44431.03,44398.49,44425.02,36.498802,1621460.11
2024-01-07 12:43:00,44410.19,44443.93,44408.13,44414.66,0.302808,13449.1
2024-01-07 12:44:00,44445.44,44455.43,44435.72,44445.83,17.152216,762344.51
2024-01-07 12:45:00,44497.51,44547.68,44472.87,44536.1,5.894602,262522.59
2024-01-07 12:46:00,44473.35,44488.13,44465.68,44476.21,2.279744,101394.36
2024-01-07 12:47:00,44427.99,44459.87,44421.05,44454.88,3.696601,164331.94
2024-01-07 12:48:00,44448.59,44450.42,44426.96,44435.41,12.570612,558580.25
2024-01-07 12:49:00,44471.98,44523.62,44468.85,44503.2,8.364721,372256.82
2024-01-07 12:50:00,44521.7,44541.17,44499.39,44501.45,11.642201,518094.85
2024-01-07 12:51:00,44447.9,44475.58,44424.01,44456.08,7.792121,346407.19
2024-01-07 12:52:00,44473.16,44511.18,44447.92,44484.02,16.558015,736567.05
2024-01-07 12:53:00,44469.68,44492.07,44442.46,44463.79,19.316258,858873.99
2024-01-07 12:54:00,44385.25,44415.35,44360.18,44402.57,34.339591,1524766.0
2024-01-07 12:55:00,44363.5,44393.15,44339.9,44357.93,37.450076,1661207.83
2024-01-07 12:56:00,44429.99,44446.55,44422.27,44444.63,10.264429,456198.75
2024-01-07 12:57:00,44452.71,44464.55,44432.15,44463.84,6.119818,272110.6
2024-01-07 12:58:00,44477.34,44482.09,44467.38,44469.23,28.445779,1264961.88
2024-01-07 12:59:00,44433.96,44467.86,44433.55,44456.73,18.765189,834239.01
2024-01-07 13:00:00,44446.06,44478.12,44412.92,44471.34,18.788835,835564.72
2024-01-07 13:01:00,44490.32,44507.07,44482.53,44485.35,2.651663,117960.15
2024-01-07 13:02:00,44499.42,44504.37,44481.76,44499.96,29.226093,1300560.06
2024-01-07 13:03:00,44509.08,44521.89,44495.1,44505.7,9.56707,425789.19
2024-01-07 13:04:00,44555.7,44566.56,44531.94,44549.14,9.838478,438295.76
2024-01-07 13:05:00,44551.45,44555.95,44547.01,44550.3,4.091539,182279.29
2024-01-07 13:06:00,44513.56,44521.86,44481.98,44501.4,21.242695,945329.74
2024-01-07 13:07:00,44472.73,44502.67,44456.16,44470.78,38.63693,1718214.48
2024-01-07 13:08:00,44331.68,44391.73,44324.08,44371.83,69.68049,3091850.92
2024-01-07 13:09:00,44438.21,44490.51,44436.99,44473.17,7.038287,313014.96
2024-01-07 13:10:00,44554.87,44579.93,44493.81,44516.31,40.518957,1803754.44
2024-01-07 13:11:00,44474.81,44501.7,44468.22,44474.81,29.985296,1333590.23
2024-01-07 13:12:00,44479.72,44496.84,44457.32,44460.71,15.339887,682022.33
2024-01-07 13:13:00,44421.96,44431.71,44417.49,44428.87,34.199871,1519461.62
2024-01-07 13:14:00,44504.84,44530.44,44481.83,44506.0,2.442257,108695.07
2024-01-07 13:15:00,44425.94,44455.25,44419.42,44435.0,3.234735,143735.45
2024-01-07 13:16:00,44490.05,44503.51,44423.01,44440.73,17.176017,763314.66
2024-01-07 13:17:00,44440.37,44455.79,44412.11,44435.3,6.050664,268863.1
2024-01-07 13:18:00,44465.95,44480.23,44463.73,44476.64,1.263979,56217.52
2024-01-07 13:19:00,44438.41,44482.56,44423.72,44471.44,50.600199,2250263.82
2024-01-07 13:20:00,44423.01,44438.68,44369.15,44383.53,36.163544,1605065.8
2024-01-07 13:21:00,44367.71,44381.24,44336.54,44370.98,30.456471,1351383.34
2024-01-07 13:22:00,44337.25,44358.24,44319.64,44322.37,4.378252,194054.51
2024-01-07 13:23:00,44343.47,44343.67,44320.5,44326.35,22.618457,1002593.57
2024-01-07 13:24:00,44388.8,44406.71,44383.24,44398.06,36.618134,1625773.96
2024-01-07 13:25:00,44324.53,44330.36,44288.64,44311.08,1.600465,70918.33
2024-01-07 13:26:00,44258.99,44279.29,44239.19,44271.07,5.692591,252017.13
2024-01-07 13:27:00,44223.63,44253.66,44210.46,44243.44,11.895689,526306.2
2024-01-07 13:28:00,44247.65,44258.21,44220.8,44224.36,23.236949,1027639.15
2024-01-07 13:29:00,44258.2,44271.18,44255.91,44261.36,20.710738,916685.49
2024-01-07 13:30:00,44263.06,44273.91,44238.17,44252.69,30.307557,1341190.8
2024-01-07 13:31:00,44281.69,44287.81,44253.4,44273.48,35.091006,1553600.84
2024-01-07 13:32:00,44254.95,44266.65,44241.18,44242.19,9.801495,433639.59
2024-01-07 13:33:00,44222.55,44261.48,44219.75,44253.68,52.453191,2321246.93
2024-01-07 13:34:00,44280.87,44302.18,44264.78,44292.57,7.271452,322071.33
2024-01-07 13:35:00,44249.47,44281.13,44236.29,44255.96,6.300845,278849.94
2024-01-07 13:36:00,44278.4,44299.94,44277.02,44295.03,17.371995,769493.0
2024-01-07 13:37:00,44306.23,44315.33,44295.63,44297.65,32.639137,1445836.91
2024-01-07 13:38:00,44373.66,44390.31,44337.55,44349.92,67.287825,2984209.55
2024-01-07 13:39:00,44366.75,44383.67,44334.3,44339.85,2.100063,93116.48
2024-01-07 13:40:00,44352.13,44364.27,44336.8,44358.91,6.770237,300320.33
2024-01-07 13:41:00,44362.72,44387.77,44343.92,44356.88,13.32735,591159.65
2024-01-07 13:42:00,44360.98,44391.42,44336.58,44352.07,17.23507,764410.99
2024-01-07 13:43:00,44377.44,44391.1,44339.81,44365.02,15.817087,701725.32
2024-01-07 13:44:00,44374.29,44395.77,44367.78,44391.86,12.652596,561672.2
2024-01-07 13:45:00,44365.79,44371.09,44324.29,44329.38,17.438833,773052.59
2024-01-07 13:46:00,44419.59,44431.06,44394.02,44401.06,31.105125,1381100.51
2024-01-07 13:47:00,44327.13,44340.62,44300.72,44308.08,3.114148,137981.93
2024-01-07 13:48:00,44297.9,44307.11,44270.82,44273.84,24.420325,1081181.46
2024-01-07 13:49:00,44279.8,44296.94,44266.51,44269.12,7.041565,311723.89
2024-01-07 13:50:00,44269.19,44292.21,44265.26,44289.74,1.965475,87050.37
2024-01-07 13:51:00,44365.77,44379.14,44348.2,44368.55,49.000598,2174085.41
2024-01-07 13:52:00,44242.61,44278.3,44236.13,44275.63,0.443696,19644.91
2024-01-07 13:53:00,44258.55,44275.17,44230.05,44250.25,3.835479,169720.92
2024-01-07 13:54:00,44140.52,44148.26,44137.79,44143.91,14.389124,635192.14
2024-01-07 13:55:00,44144.68,44179.3,44139.16,44145.49,1.41737,62570.5
2024-01-07 13:56:00,44183.15,44185.95,44147.29,44159.07,18.819137,831035.62
2024-01-07 13:57:00,44229.47,44241.32,44227.15,44238.61,10.33744,457313.98
2024-01-07 13:58:00,44239.6,44249.31,44232.05,44244.64,5.213745,230680.27
2024-01-07 13:59:00,44297.28,44313.89,44291.19,44296.85,18.136278,803379.91
2024-01-07 14:00:00,44289.24,44355.32,44276.48,44326.04,32.752748,1451799.53
2024-01-07 14:01:00,44298.95,44307.85,44292.55,44304.27,1.723743,76369.19
2024-01-07 14:02:00,44184.11,44247.67,44182.24,44233.83,1.962535,86810.43
2024-01-07 14:03:00,44235.87,44265.7,44216.57,44247.58,40.824632,1806391.02
2024-01-07 14:04:00,44190.08,44191.16,44164.58,44172.97,1.036406,45781.13
2024-01-07 14:05:00,44246.68,44257.2,44233.72,44237.73,8.86517,392175.03
2024-01-07 14:06:00,44217.73,44234.14,44194.05,44229.63,44.255055,1957384.68
2024-01-07 14:07:00,44290.2,44300.52,44278.82,44289.39,11.349147,502646.79
2024-01-07 14:08:00,44243.88,44267.56,44242.61,44265.38,5.044892,223314.04
2024-01-07 14:09:00,44278.77,44292.77,44260.4,44278.82,6.536799,289441.76
2024-01-07 14:10:00,44347.89,44358.14,44283.21,44289.29,4.80904,212988.95
2024-01-07 14:11:00,44323.95,44332.24,44271.91,44287.03,19.015666,842147.47
2024-01-07 14:12:00,44266.45,44275.72,44252.47,44265.4,8.480451,375390.56
2024-01-07 14:13:00,44288.23,44313.97,44278.11,44285.02,25.570177,1132375.91
2024-01-07 14:14:00,44219.13,44245.16,44211.58,44238.72,10.30431,455849.46
2024-01-07 14:15:00,44162.21,44204.28,44139.04,44178.24,14.709474,649838.76
2024-01-07 14:16:00,44247.63,44278.64,44217.79,44240.39,44.594028,1972857.03
2024-01-07 14:17:00,44266.25,44289.57,44248.84,44276.74,18.981581,840442.61
2024-01-07 14:18:00,44298.12,44314.76,44260.55,44280.04,10.48844,464428.53
2024-01-07 14:19:00,44394.69,44421.96,44320.57,44363.3,22.761634,1009781.12
2024-01-07 14:20:00,44356.56,44359.8,44342.8,44349.91,2.324673,103099.04
2024-01-07 14:21:00,44418.08,44419.58,44391.4,44416.04,29.022325,1289056.86
2024-01-07 14:22:00,44391.21,44444.66,44383.45,44424.82,0.893724,39703.54
2024-01-07 14:23:00,44388.54,44396.11,44361.02,44373.58,15.832461,702543.05
2024-01-07 14:24:00,44443.11,44490.05,44440.23,44465.99,7.530112,334833.88
2024-01-07 14:25:00,44507.16,44520.79,44497.81,44515.52,13.235702,589194.18
2024-01-07 14:26:00,44528.66,44529.09,44485.61,44509.47,11.478975,510923.08
2024-01-07 14:27:00,44566.42,44586.11,44544.22,44545.83,9.360686,416979.53
2024-01-07 14:28:00,44516.31,44536.09,44503.48,44525.64,0.530659,23627.92
2024-01-07 14:29:00,44558.92,44569.32,44548.41,44567.1,3.294096,146808.3
2024-01-07 14:30:00,44433.56,44450.79,44406.76,44447.55,16.319717,725371.38
2024-01-07 14:31:00,44372.6,44408.08,44362.8,44396.56,11.054123,490764.99
2024-01-07 14:32:00,44432.82,44453.94,44413.07,44445.52,3.841958,170757.83
2024-01-07 14:33:00,44400.78,44436.13,44396.13,44433.04,16.867683,749482.41
2024-01-07 14:34:00,44457.08,44465.44,44440.24,44443.41,0.748933,33285.15
2024-01-07 14:35:00,44383.97,44402.68,44376.0,44376.08,41.1088,1824247.21
2024-01-07 14:36:00,44479.68,44480.82,44457.27,44468.47,59.783606,2658485.44
2024-01-07 14:37:00,44508.91,44533.84,44469.11,44528.0,37.780937,1682309.39
2024-01-07 14:38:00,44494.06,44531.48,44478.96,44517.96,36.666491,1632317.41
2024-01-07 14:39:00,44498.8,44504.56,44489.37,44497.73,26.283348,1169549.21
2024-01-07 14:40:00,44550.49,44585.31,44544.95,44549.21,5.803369,258535.48
2024-01-07 14:41:00,44645.38,44659.69,44630.91,44648.33,27.981208,1249314.2
2024-01-07 14:42:00,44690.23,44712.51,44685.05,44696.02,10.500118,469313.47
2024-01-07 14:43:00,44838.82,44843.02,44793.57,44804.61,3.534789,158374.86
2024-01-07 14:44:00,44767.01,44801.21,44747.02,44758.49,34.154742,1528714.72
2024-01-07 14:45:00,44756.93,44759.8,44717.21,44717.52,15.122639,676246.93
2024-01-07 14:46:00,44683.45,44697.09,44657.66,44658.07,3.190469,142480.2
2024-01-07 14:47:00,44714.23,44715.99,44636.53,44680.16,26.903727,1202062.88
2024-01-07 14:48:00,44667.45,44696.42,44657.6,44688.94,56.362939,2518800.12
2024-01-07 14:49:00,44693.21,44700.9,44672.14,44681.34,20.666271,923396.79
2024-01-07 14:50:00,44713.17,44745.13,44711.54,44721.81,28.170197,1259822.12
2024-01-07 14:51:00,44750.16,44783.45,44736.2,44783.42,0.713211,31940.05
2024-01-07 14:52:00,44737.06,44747.27,44693.08,44707.14,7.227755,323132.24
2024-01-07 14:53:00,44671.42,44697.16,44658.2,44677.29,3.122691,139513.38
2024-01-07 14:54:00,44697.2,44725.28,44680.66,44718.3,11.286735,504723.59
2024-01-07 14:55:00,44686.62,44698.62,44672.2,44694.91,46.915743,2096895.06
2024-01-07 14:56:00,44639.08,44697.77,44630.02,44655.0,14.085622,628993.5
2024-01-07 14:57:00,44692.06,44709.28,44681.86,44705.93,9.174717,410164.25
2024-01-07 14:58:00,44637.02,44670.04,44629.58,44641.45,17.217491,768613.82
2024-01-07 14:59:00,44660.99,44693.28,44608.7,44626.38,7.663655,342001.12
2024-01-07 15:00:00,44629.48,44653.77,44624.58,44642.81,29.906497,1335109.99
2024-01-07 15:01:00,44647.3,44684.58,44609.59,44614.12,24.712888,1102543.69
2024-01-07 15:02:00,44670.25,44674.47,44642.15,44653.27,47.675381,2128861.87
2024-01-07 15:03:00,44632.76,44637.87,44620.93,44624.83,17.410384,776935.44
2024-01-07 15:04:00,44710.22,44716.69,44692.01,44695.26,12.602153,563256.54
2024-01-07 15:05:00,44689.25,44701.22,44685.75,44688.97,1.010937,45177.72
2024-01-07 15:06:00,44748.26,44786.42,44720.28,44722.54,2.951719,132008.37
2024-01-07 15:07:00,44771.18,44786.74,44744.6,44759.84,18.490069,827612.52
2024-01-07 15:08:00,44695.17,44737.66,44691.06,44728.46,16.173837,723430.83
2024-01-07 15:09:00,44631.71,44647.46,44608.52,44625.79,12.27114,547609.28
2024-01-07 15:10:00,44659.5,44670.92,44642.55,44643.83,18.357634,819555.02
2024-01-07 15:11:00,44641.66,44649.27,44633.58,44647.44,7.210952,321950.52
2024-01-07 15:12:00,44677.76,44690.58,44667.42,44675.23,10.394651,464383.45
2024-01-07 15:13:00,44651.65,44679.96,44650.1,44663.9,34.645488,1547402.77
2024-01-07 15:14:00,44614.83,44645.88,44597.88,44642.38,13.988871,624496.54
2024-01-07 15:15:00,44711.8,44745.56,44700.7,44742.81,17.653149,789851.42
2024-01-07 15:16:00,44638.45,44678.48,44635.56,44669.19,49.249897,2199952.97
2024-01-07 15:17:00,44719.27,44726.23,44689.93,44705.89,13.202134,590213.11
2024-01-07 15:18:00,44627.35,44696.52,44626.72,44677.16,2.237847,99980.66
2024-01-07 15:19:00,44647.04,44679.45,44623.99,44660.37,12.716997,567945.78
2024-01-07 15:20:00,44629.2,44676.15,44624.38,44644.51,42.130388,1880890.64
2024-01-07 15:21:00,44598.7,44615.84,44597.87,44604.34,43.496873,1940149.36
2024-01-07 15:22:00,44595.77,44638.84,44593.45,44632.9,40.57052,1810780.07
2024-01-07 15:23:00,44710.51,44722.82,44690.61,44702.43,20.947943,936424.06
2024-01-07 15:24:00,44700.47,44731.99,44697.1,44725.94,17.610034,787625.24
2024-01-07 15:25:00,44753.75,44768.79,44711.95,44731.1,0.839171,37537.03
2024-01-07 15:26:00,44669.35,44683.59,44661.01,44681.78,25.388665,1134410.79
2024-01-07 15:27:00,44705.71,44714.45,44704.51,44707.62,15.627357,698661.97
2024-01-07 15:28:00,44815.52,44824.65,44810.52,44815.44,15.695603,703405.35
2024-01-07 15:29:00,44801.29,44815.02,44793.32,44796.41,1.602552,71788.59
2024-01-07 15:30:00,44778.35,44816.01,44753.29,44777.61,47.74002,2137683.86
2024-01-07 15:31:00,44741.01,44766.3,44739.5,44749.55,0.269106,12042.39
2024-01-07 15:32:00,44731.94,44732.35,44719.35,44725.08,2.432425,108790.4
2024-01-07 15:33:00,44597.14,44616.03,44557.68,44587.82,15.755443,702500.82
2024-01-07 15:34:00,44592.77,44633.76,44581.58,44608.07,27.972261,1247788.55
2024-01-07 15:35:00,44574.32,44595.2,44523.01,44565.79,35.040415,1561603.8
2024-01-07 15:36:00,44509.11,44527.49,44465.09,44485.28,12.407525,551952.17
2024-01-07 15:37:00,44537.06,44548.6,44516.33,44522.94,8.066503,359144.41
2024-01-07 15:38:00,44487.48,44505.31,44434.62,44468.84,14.49027,644365.46
2024-01-07 15:39:00,44455.34,44467.54,44451.49,44451.9,16.495311,733247.95
2024-01-07 15:40:00,44506.5,44528.64,44501.9,44525.23,27.315871,1216245.32
2024-01-07 15:41:00,44438.57,44485.26,44434.56,44454.76,26.40168,1173680.45
2024-01-07 15:42:00,44384.53,44389.63,44373.73,44378.13,10.50989,466409.32
2024-01-07 15:43:00,44410.45,44416.97,44357.88,44391.6,33.047584,1467035.1
2024-01-07 15:44:00,44504.79,44512.38,44437.26,44449.07,29.375701,1305722.69
2024-01-07 15:45:00,44389.99,44404.58,44365.9,44370.36,27.767638,1232060.03
2024-01-07 15:46:00,44367.33,44392.16,44364.51,44390.74,0.576171,25576.64
2024-01-07 15:47:00,44404.45,44425.69,44400.35,44419.79,24.257955,1077533.32
2024-01-07 15:48:00,44362.4,44363.73,44310.61,44316.83,34.071353,1509934.5
2024-01-07 15:49:00,44352.47,44366.66,44348.51,44356.76,0.276994,12286.56
2024-01-07 15:50:00,44401.54,44413.87,44382.54,44400.59,12.631179,560831.8
2024-01-07 15:51:00,44365.79,44406.04,44359.72,44385.0,41.294924,1832875.17
2024-01-07 15:52:00,44478.92,44501.69,44445.31,44447.62,17.929807,796937.2
2024-01-07 15:53:00,44514.45,44517.8,44502.59,44504.44,8.242962,366848.39
2024-01-07 15:54:00,44494.1,44561.01,44491.09,44509.6,39.232073,1746203.69
2024-01-07 15:55:00,44467.15,44492.97,44454.66,44487.02,0.590018,26248.14
2024-01-07 15:56:00,44444.53,44450.16,44435.26,44438.38,23.922513,1063077.77
2024-01-07 15:57:00,44437.39,44465.39,44426.24,44436.5,5.583355,248104.76
2024-01-07 15:58:00,44481.63,44494.12,44463.68,44464.99,32.720188,1454902.88
2024-01-07 15:59:00,44459.72,44472.87,44442.42,44448.78,20.413873,907371.82
2024-01-07 16:00:00,44333.62,44350.04,44329.31,44338.91,11.36223,503788.86
2024-01-07 16:01:00,44391.47,44420.54,44381.68,44402.34,31.22259,1386356.18
2024-01-07 16:02:00,44408.66,44414.09,44392.15,44411.85,13.337172,592328.55
2024-01-07 16:03:00,44381.86,44399.28,44369.61,44392.87,5.553241,246524.31
2024-01-07 16:04:00,44433.13,44452.57,44409.02,44435.73,26.70241,1186541.09
2024-01-07 16:05:00,44512.29,44519.72,44511.45,44511.96,2.359496,105025.81
2024-01-07 16:06:00,44353.91,44397.98,44340.98,44371.87,19.804923,878781.44
2024-01-07 16:07:00,44406.19,44415.44,44373.61,44393.58,5.89464,261684.2
2024-01-07 16:08:00,44314.84,44327.08,44291.61,44322.25,11.090955,491576.08
2024-01-07 16:09:00,44330.37,44361.21,44320.01,44347.2,7.314549,324379.79
2024-01-07 16:10:00,44346.57,44384.04,44342.82,44353.6,9.478707,420414.77
2024-01-07 16:11:00,44390.23,44391.92,44379.35,44385.39,2.959047,131338.45
2024-01-07 16:12:00,44362.08,44373.39,44335.71,44360.42,2.3975,106354.11
2024-01-07 16:13:00,44275.2,44292.05,44247.21,44266.76,6.931168,306820.36
2024-01-07 16:14:00,44262.21,44276.12,44241.72,44244.24,8.555591,378535.66
2024-01-07 16:15:00,44290.68,44300.4,44255.3,44264.59,21.021023,930486.89
2024-01-07 16:16:00,44321.07,44326.76,44263.64,44315.36,40.448465,1792488.1
2024-01-07 16:17:00,44235.38,44274.04,44213.87,44256.76,17.999364,796593.6
2024-01-07 16:18:00,44302.73,44309.17,44274.95,44308.12,12.784424,566453.74
2024-01-07 16:19:00,44255.64,44285.26,44233.94,44275.72,17.404699,770605.66
2024-01-07 16:20:00,44327.78,44332.51,44265.66,44293.85,18.725566,829427.33
2024-01-07 16:21:00,44308.1,44320.04,44248.93,44268.35,18.689042,827333.09
2024-01-07 16:22:00,44290.47,44305.85,44261.55,44277.46,3.955751,175150.59
2024-01-07 16:23:00,44339.22,44346.59,44308.25,44322.05,49.187326,2180083.32
2024-01-07 16:24:00,44265.72,44267.87,44221.72,44260.7,35.384233,1566131.04
2024-01-07 16:25:00,44234.03,44235.46,44225.77,44226.71,2.018574,89274.89
2024-01-07 16:26:00,44204.01,44260.14,44189.09,44235.96,2.391579,105793.77
2024-01-07 16:27:00,44354.56,44369.39,44351.93,44356.04,19.157613,849755.77
2024-01-07 16:28:00,44295.25,44324.74,44265.49,44312.88,34.494517,1528551.25
2024-01-07 16:29:00,44420.51,44444.18,44391.89,44414.88,14.936401,663398.49
2024-01-07 16:30:00,44513.91,44524.95,44507.89,44515.1,26.46122,1177923.93
2024-01-07 16:31:00,44549.17,44567.0,44508.41,44510.24,32.679029,1454551.38
2024-01-07 16:32:00,44513.66,44531.23,44468.93,44495.33,25.550573,1136881.2
2024-01-07 16:33:00,44466.42,44467.68,44455.53,44460.73,0.192935,8578.02
2024-01-07 16:34:00,44451.98,44473.3,44449.81,44457.32,21.686086,964105.22
2024-01-07 16:35:00,44420.5,44434.97,44381.8,44386.98,20.424485,906581.24
2024-01-07 16:36:00,44382.57,44408.38,44366.43,44383.17,9.587077,425504.87
2024-01-07 16:37:00,44464.65,44475.44,44445.81,44458.01,3.94672,175463.33
2024-01-07 16:38:00,44428.3,44443.05,44423.28,44427.46,17.977232,798682.74
2024-01-07 16:39:00,44407.34,44427.18,44391.56,44415.42,6.718226,298392.86
2024-01-07 16:40:00,44331.1,44333.18,44324.81,44330.37,31.011478,1374750.15
2024-01-07 16:41:00,44309.83,44359.44,44294.05,44349.07,4.432988,196598.87
2024-01-07 16:42:00,44331.34,44368.32,44313.93,44362.29,10.45487,463802.0
2024-01-07 16:43:00,44372.47,44375.35,44341.86,44365.48,4.915857,218094.32
2024-01-07 16:44:00,44386.0,44412.64,44330.72,44354.64,13.174727,584360.21
2024-01-07 16:45:00,44346.96,44367.01,44320.68,44340.0,10.635212,471565.3
2024-01-07 16:46:00,44350.69,44373.4,44336.91,44365.09,6.18288,274304.05
2024-01-07 16:47:00,44334.8,44377.35,44328.55,44363.65,55.89059,2479510.73
2024-01-07 16:48:00,44395.09,44410.94,44368.71,44379.4,26.884346,1193111.16
2024-01-07 16:49:00,44378.81,44417.96,44372.35,44390.15,17.388989,771899.82
2024-01-07 16:50:00,44459.19,44463.82,44425.14,44446.32,20.282339,901475.38
2024-01-07 16:51:00,44487.97,44493.83,44462.39,44480.17,16.112813,716700.69
2024-01-07 16:52:00,44499.38,44500.75,44483.32,44489.81,8.222159,365802.35
2024-01-07 16:53:00,44566.41,44572.97,44546.91,44565.74,25.134404,1120133.19
2024-01-07 16:54:00,44594.42,44606.02,44569.17,44586.75,6.539694,291583.69
2024-01-07 16:55:00,44649.61,44658.38,44646.78,44652.0,41.910706,1871396.74
2024-01-07 16:56:00,44669.64,44689.83,44669.5,44682.34,12.4067,554360.44
2024-01-07 16:57:00,44570.98,44601.88,44547.85,44590.25,26.034105,1160867.23
2024-01-07 16:58:00,44607.79,44682.16,44591.91,44655.49,41.467652,1851758.31
2024-01-07 16:59:00,44658.63,44662.28,44640.26,44662.25,19.824149,885391.1
2024-01-07 17:00:00,44690.04,44694.62,44620.87,44659.65,6.209765,277325.95
2024-01-07 17:01:00,44688.32,44694.56,44665.51,44673.72,34.390884,1536368.67
2024-01-07 17:02:00,44661.02,44663.59,44651.58,44656.47,43.923812,1961482.38
2024-01-07 17:03:00,44653.14,44670.23,44632.77,44667.82,28.930443,1292259.86
2024-01-07 17:04:00,44658.17,44668.97,44608.41,44638.23,7.962521,355432.8
2024-01-07 17:05:00,44699.55,44728.56,44690.38,44701.94,15.828765,707576.53
2024-01-07 17:06:00,44727.76,44742.51,44693.23,44696.26,4.718901,210917.25
2024-01-07 17:07:00,44657.51,44694.15,44642.23,44677.13,14.918844,666531.17
2024-01-07 17:08:00,44615.89,44633.29,44610.75,44630.89,7.661071,341920.39
2024-01-07 17:09:00,44627.38,44655.56,44614.04,44644.32,26.982483,1204614.74
2024-01-07 17:10:00,44624.04,44677.49,44609.8,44653.68,29.102174,1299519.15
2024-01-07 17:11:00,44654.36,44674.3,44637.35,44673.1,37.471138,1673951.94
2024-01-07 17:12:00,44623.8,44628.46,44614.94,44621.74,37.192565,1659596.94
2024-01-07 17:13:00,44527.44,44552.9,44519.41,44541.68,9.408599,419074.82
2024-01-07 17:14:00,44495.83,44605.31,44478.88,44572.96,15.438338,688132.42
2024-01-07 17:15:00,44668.68,44674.76,44637.81,44647.19,31.398464,1401853.23
2024-01-07 17:16:00,44562.19,44601.53,44541.14,44595.87,5.34228,238243.64
2024-01-07 17:17:00,44687.13,44697.58,44664.19,44675.35,8.985633,401436.27
2024-01-07 17:18:00,44690.17,44713.76,44687.57,44689.54,1.414337,63206.07
2024-01-07 17:19:00,44731.54,44732.23,44671.22,44689.19,13.510957,603793.72
2024-01-07 17:20:00,44689.25,44719.16,44656.82,44669.31,4.272769,190861.65
2024-01-07 17:21:00,44589.99,44602.45,44563.77,44600.08,19.465938,868182.49
2024-01-07 17:22:00,44635.43,44651.09,44615.7,44649.47,17.10207,763598.39
2024-01-07 17:23:00,44640.75,44641.05,44582.19,44610.69,5.146936,229608.36
2024-01-07 17:24:00,44542.18,44577.63,44526.68,44571.7,18.110993,807237.77
2024-01-07 17:25:00,44625.11,44629.83,44605.19,44621.3,12.650234,564469.84
2024-01-07 17:26:00,44524.53,44538.78,44520.81,44527.15,4.70243,209385.81
2024-01-07 17:27:00,44444.1,44455.95,44436.95,44450.97,24.700955,1097981.34
2024-01-07 17:28:00,44457.13,44494.49,44446.87,44450.06,15.249785,677853.87
2024-01-07 17:29:00,44468.52,44475.5,44450.93,44464.73,31.779931,1413085.91
2024-01-07 17:30:00,44498.11,44530.11,44475.54,44488.96,19.106354,850021.85
2024-01-07 17:31:00,44476.65,44482.3,44467.31,44473.87,1.556049,69203.54
2024-01-07 17:32:00,44608.74,44630.81,44592.3,44600.39,0.499297,22268.84
2024-01-07 17:33:00,44590.86,44601.02,44566.64,44589.0,6.598512,294221.04
2024-01-07 17:34:00,44564.27,44603.61,44554.56,44577.46,10.060548,448473.66
2024-01-07 17:35:00,44537.69,44545.63,44531.76,44537.61,14.131665,629390.53
2024-01-07 17:36:00,44529.51,44569.67,44525.0,44543.8,20.920523,931879.64
2024-01-07 17:37:00,44558.94,44586.46,44533.03,44574.55,13.063447,582297.28
2024-01-07 17:38:00,44628.01,44645.33,44619.03,44634.73,28.98907,1293919.29
2024-01-07 17:39:00,44557.88,44568.04,44553.03,44560.27,21.628092,963753.52
2024-01-07 17:40:00,44548.67,44552.95,44535.51,44547.97,30.139241,1342641.89
2024-01-07 17:41:00,44588.63,44589.07,44548.99,44570.3,8.330398,371288.36
2024-01-07 17:42:00,44589.68,44600.61,44565.42,44599.65,33.768384,1506058.25
2024-01-07 17:43:00,44603.92,44607.73,44591.5,44599.98,15.387671,686289.85
2024-01-07 17:44:00,44629.46,44632.85,44623.62,44627.1,44.70056,1994856.47
2024-01-07 17:45:00,44574.48,44606.1,44559.81,44586.65,46.629001,2079031.12
2024-01-07 17:46:00,44666.02,44678.2,44660.57,44664.55,15.932251,711606.79
2024-01-07 17:47:00,44734.24,44747.4,44690.91,44714.18,3.661136,163704.7
2024-01-07 17:48:00,44650.66,44654.42,44633.1,44646.93,6.967982,311099.04
2024-01-07 17:49:00,44597.71,44602.67,44585.42,44593.18,22.588123,1007276.23
2024-01-07 17:50:00,44526.73,44554.74,44523.71,44540.83,19.559958,871216.81
2024-01-07 17:51:00,44614.11,44643.61,44573.96,44574.73,16.544047,737446.45
2024-01-07 17:52:00,44497.53,44516.24,44489.17,44510.5,6.225009,277078.25
2024-01-07 17:53:00,44460.59,44515.41,44423.68,44493.94,15.611661,694624.39
2024-01-07 17:54:00,44533.88,44544.57,44509.93,44516.68,9.280704,413146.12
2024-01-07 17:55:00,44511.07,44530.67,44506.95,44513.37,31.302901,1393397.63
2024-01-07 17:56:00,44520.25,44548.59,44514.15,44526.32,0.83902,37358.46
2024-01-07 17:57:00,44462.11,44473.11,44444.42,44473.03,22.021376,979357.19
2024-01-07 17:58:00,44540.2,44541.09,44496.56,44502.77,1.907375,84883.46
2024-01-07 17:59:00,44479.2,44508.91,44452.63,44472.11,26.024883,1157381.38
2024-01-07 18:00:00,44466.87,44469.04,44453.03,44455.88,9.598926,426728.66
2024-01-07 18:01:00,44471.02,44472.22,44457.0,44467.76,10.273752,456850.79
2024-01-07 18:02:00,44478.32,44497.8,44462.81,44472.92,19.129475,850743.56
2024-01-07 18:03:00,44502.09,44503.4,44465.47,44474.12,3.50901,156060.13
2024-01-07 18:04:00,44431.57,44442.55,44423.02,44436.58,17.252268,766631.85
2024-01-07 18:05:00,44392.47,44424.86,44387.12,44421.61,9.408965,417961.36
2024-01-07 18:06:00,44439.08,44439.47,44421.15,44421.72,9.116887,404987.77
2024-01-07 18:07:00,44362.9,44369.97,44349.92,44352.96,3.555076,157678.14
2024-01-07 18:08:00,44331.99,44335.69,44328.86,44329.84,29.946851,1327538.98
2024-01-07 18:09:00,44358.63,44359.93,44343.51,44349.22,8.902586,394822.76
2024-01-07 18:10:00,44277.93,44292.44,44266.57,44285.35,15.595295,690643.05
2024-01-07 18:11:00,44343.59,44351.52,44338.52,44343.18,6.98416,309699.86
2024-01-07 18:12:00,44404.02,44422.63,44384.67,44406.66,8.676579,385297.87
2024-01-07 18:13:00,44332.57,44355.03,44315.82,44344.4,22.857255,1013591.26
2024-01-07 18:14:00,44436.06,44457.7,44408.12,44412.28,4.222974,187551.9
2024-01-07 18:15:00,44376.86,44419.44,44367.93,44405.1,51.523922,2287925.01
2024-01-07 18:16:00,44473.24,44491.45,44411.67,44426.03,16.89392,750529.73
2024-01-07 18:17:00,44418.74,44437.98,44400.03,44401.19,33.159958,1472341.77
2024-01-07 18:18:00,44411.79,44454.34,44406.65,44447.35,11.358202,504841.95
2024-01-07 18:19:00,44463.17,44472.09,44439.43,44467.65,9.899754,440218.8
2024-01-07 18:20:00,44423.57,44428.08,44417.13,44426.94,2.987518,132726.3
2024-01-07 18:21:00,44376.52,44386.41,44354.3,44368.68,2.529128,112214.07
2024-01-07 18:22:00,44275.88,44300.01,44263.14,44295.67,14.422637,638860.37
2024-01-07 18:23:00,44305.71,44307.1,44297.12,44305.07,18.946382,839420.72
2024-01-07 18:24:00,44331.27,44334.77,44330.81,44333.69,29.121123,1291046.82
2024-01-07 18:25:00,44351.49,44374.22,44331.56,44366.24,11.5024,510318.23
2024-01-07 18:26:00,44342.8,44370.17,44329.95,44360.34,8.895906,394625.41
2024-01-07 18:27:00,44320.86,44322.27,44299.83,44302.49,1.631611,72284.41
2024-01-07 18:28:00,44234.45,44270.25,44205.58,44268.39,7.373327,326405.26
2024-01-07 18:29:00,44335.56,44338.95,44321.5,44326.0,17.615746,780835.59
2024-01-07 18:30:00,44317.72,44342.42,44293.21,44301.77,23.41756,1037439.38
2024-01-07 18:31:00,44304.57,44334.89,44291.76,44308.94,29.309417,1298669.24
2024-01-07 18:32:00,44256.21,44270.75,44237.43,44255.16,12.348275,546474.9
2024-01-07 18:33:00,44295.26,44305.36,44262.7,44271.99,28.810966,1275518.77
2024-01-07 18:34:00,44235.01,44253.15,44218.61,44249.1,63.000172,2787701.17
2024-01-07 18:35:00,44289.41,44305.38,44279.78,44301.44,27.567867,1221296.19
2024-01-07 18:36:00,44330.21,44350.13,44304.61,44340.12,11.038126,489431.82
2024-01-07 18:37:00,44338.64,44341.85,44301.15,44315.33,16.862353,747260.8
2024-01-07 18:38:00,44334.85,44343.23,44300.44,44309.0,41.214342,1826166.25
2024-01-07 18:39:00,44253.53,44290.88,44249.48,44281.44,14.926182,660952.91
2024-01-07 18:40:00,44230.6,44230.91,44204.71,44210.47,3.961906,175157.72
2024-01-07 18:41:00,44183.98,44190.69,44165.88,44167.6,4.792851,211688.74
2024-01-07 18:42:00,44208.58,44218.94,44169.03,44177.51,36.725995,1622463.05
2024-01-07 18:43:00,44201.48,44211.24,44174.04,44193.77,19.045694,841701.08
2024-01-07 18:44:00,44200.32,44204.42,44199.78,44201.2,21.578402,953791.26
2024-01-07 18:45:00,44209.02,44234.78,44169.5,44186.11,39.761588,1756910.07
2024-01-07 18:46:00,44246.75,44266.65,44213.44,44232.77,29.087431,1286617.58
2024-01-07 18:47:00,44280.84,44295.87,44214.97,44235.94,32.480151,1436790.18
2024-01-07 18:48:00,44290.28,44328.78,44252.85,44271.11,7.473284,330850.56
2024-01-07 18:49:00,44185.49,44187.69,44176.46,44182.42,35.077691,1549817.21
2024-01-07 18:50:00,43962.82,43993.27,43956.74,43986.3,12.071269,530970.46
2024-01-07 18:51:00,43988.87,44013.39,43986.08,44000.49,3.289164,144724.84
2024-01-07 18:52:00,43900.53,43933.04,43899.9,43929.25,25.771698,1132131.38
2024-01-07 18:53:00,43914.33,43918.81,43907.37,43918.63,25.40637,1115812.88
2024-01-07 18:54:00,43922.04,43936.83,43903.05,43903.52,26.564706,1166284.16
2024-01-07 18:55:00,43982.82,43991.99,43980.72,43982.89,13.770817,605680.37
2024-01-07 18:56:00,44023.33,44045.39,43974.67,44002.89,17.075957,751391.51
2024-01-07 18:57:00,44017.94,44019.38,44002.7,44011.19,22.375226,984760.22
2024-01-07 18:58:00,44044.97,44053.27,44041.83,44053.03,9.430714,415451.55
2024-01-07 18:59:00,44073.21,44079.75,44069.98,44071.46,3.340223,147208.5
2024-01-07 19:00:00,44058.02,44084.38,44037.88,44048.58,32.699544,1440368.36
2024-01-07 19:01:00,44104.93,44131.4,44093.92,44102.15,21.863191,964213.74
2024-01-07 19:02:00,44049.68,44060.87,44033.0,44046.66,23.776811,1047289.15
2024-01-07 19:03:00,44047.44,44070.91,44040.03,44062.82,8.349508,367902.89
2024-01-07 19:04:00,43976.79,43989.78,43967.52,43985.45,12.190611,536209.47
2024-01-07 19:05:00,44040.81,44041.06,43986.76,43995.64,9.735195,428306.18
2024-01-07 19:06:00,44029.86,44043.13,43994.36,44005.29,24.883156,1094990.58
2024-01-07 19:07:00,44059.64,44094.23,44042.73,44089.12,17.622501,776960.48
2024-01-07 19:08:00,43963.53,44037.85,43961.39,44010.87,7.536332,331680.52
2024-01-07 19:09:00,43982.35,44018.29,43976.59,43980.82,27.548489,1211605.2
2024-01-07 19:10:00,44039.83,44043.47,44021.52,44021.96,7.797224,343249.04
2024-01-07 19:11:00,44028.32,44046.91,44025.06,44038.72,7.885192,347253.8
2024-01-07 19:12:00,44068.17,44083.37,44036.53,44047.74,8.480465,373545.32
2024-01-07 19:13:00,44001.12,44003.49,43979.09,43999.93,13.400072,589602.24
2024-01-07 19:14:00,43967.13,43995.15,43947.05,43970.39,27.164369,1194427.91
2024-01-07 19:15:00,44047.76,44055.99,44017.82,44032.64,16.501534,726606.14
2024-01-07 19:16:00,44019.43,44037.37,44013.76,44030.07,1.009128,44431.99
2024-01-07 19:17:00,44043.1,44052.62,44029.31,44048.83,36.456113,1605849.29
2024-01-07 19:18:00,44056.48,44077.2,44014.36,44043.08,0.782392,34458.96
2024-01-07 19:19:00,43983.29,43986.98,43975.26,43983.92,17.59344,773828.46
2024-01-07 19:20:00,44068.79,44081.6,44013.81,44030.61,1.886382,83058.57
2024-01-07 19:21:00,44069.65,44085.81,44045.85,44055.77,0.66697,29383.89
2024-01-07 19:22:00,44183.63,44189.86,44149.05,44171.05,13.077313,577638.71
2024-01-07 19:23:00,44119.29,44121.54,44118.72,44120.28,0.415143,18316.24
2024-01-07 19:24:00,44178.9,44197.85,44156.93,44161.4,4.656957,205657.77
2024-01-07 19:25:00,44089.38,44128.78,44079.27,44095.83,16.529219,728869.59
2024-01-07 19:26:00,44109.34,44114.33,44096.46,44103.69,0.365686,16128.1
2024-01-07 19:27:00,44134.19,44158.02,44116.2,44152.52,47.681586,2105262.19
2024-01-07 19:28:00,44069.7,44100.86,44037.71,44048.91,13.568307,597669.18
2024-01-07 19:29:00,44044.48,44051.44,44028.08,44038.67,15.382486,677424.16
2024-01-07 19:30:00,44050.16,44073.27,44000.51,44010.51,2.853457,125582.09
2024-01-07 19:31:00,44023.25,44058.21,43967.18,43975.41,2.106257,92623.51
2024-01-07 19:32:00,44009.94,44013.87,43979.45,43994.67,5.430301,238904.3
2024-01-07 19:33:00,44052.07,44056.51,44050.34,44050.7,27.483958,1210687.65
2024-01-07 19:34:00,44025.12,44047.71,44005.29,44044.04,33.976961,1496482.62
2024-01-07 19:35:00,44072.41,44076.2,44052.59,44054.31,0.912992,40221.25
2024-01-07 19:36:00,44064.23,44077.43,44042.28,44060.03,9.531627,419963.78
2024-01-07 19:37:00,44070.88,44097.74,44059.72,44060.12,5.299335,233489.32
2024-01-07 19:38:00,44040.25,44040.75,43998.08,44005.65,25.247275,1111022.78
2024-01-07 19:39:00,44044.59,44080.37,44042.01,44061.07,19.371734,853539.42
2024-01-07 19:40:00,44057.35,44101.03,44048.07,44075.83,8.20093,361462.83
2024-01-07 19:41:00,44090.85,44108.1,44062.27,44095.58,30.192922,1331374.35
2024-01-07 19:42:00,44071.68,44081.97,44047.42,44055.25,20.362272,897065.02
2024-01-07 19:43:00,44043.39,44046.79,44018.19,44032.29,5.422495,238764.89
2024-01-07 19:44:00,44005.57,44039.58,43987.74,44023.48,10.164244,447465.42
2024-01-07 19:45:00,43961.91,43989.49,43938.7,43946.78,6.4696,284318.06
2024-01-07 19:46:00,43838.35,43873.37,43818.28,43862.38,9.757484,427986.44
2024-01-07 19:47:00,43815.58,43842.11,43812.34,43832.34,5.493806,240806.39
2024-01-07 19:48:00,43856.16,43862.12,43835.83,43858.47,32.781751,1437757.28
2024-01-07 19:49:00,43814.74,43833.25,43804.68,43825.81,31.898246,1397966.44
2024-01-07 19:50:00,43792.67,43809.36,43768.59,43774.87,28.264994,1237296.38
2024-01-07 19:51:00,43739.86,43740.66,43731.19,43734.13,25.582876,1118844.93
2024-01-07 19:52:00,43746.68,43766.41,43710.29,43711.37,14.159666,618938.34
2024-01-07 19:53:00,43688.73,43704.95,43681.3,43693.67,2.027254,88578.16
2024-01-07 19:54:00,43799.51,43820.87,43784.51,43801.95,21.275147,931892.93
2024-01-07 19:55:00,43878.89,43906.65,43849.51,43854.68,22.926539,1005436.06
2024-01-07 19:56:00,43904.1,43916.08,43890.63,43905.92,3.43764,150932.73
2024-01-07 19:57:00,43994.23,44016.64,43960.3,43964.35,32.095128,1411041.39
2024-01-07 19:58:00,43925.22,43937.47,43864.97,43914.41,0.158076,6941.79
2024-01-07 19:59:00,43806.23,43859.26,43797.94,43853.29,22.799522,999834.03
2024-01-07 20:00:00,43821.5,43828.45,43787.69,43797.95,2.738821,119954.72
2024-01-07 20:01:00,43882.93,43892.61,43838.31,43864.67,21.003352,921305.12
2024-01-07 20:02:00,43856.34,43890.06,43835.99,43837.31,20.801845,911896.98
2024-01-07 20:03:00,43736.52,43775.3,43726.84,43774.74,35.435977,1551200.84
2024-01-07 20:04:00,43739.93,43759.23,43720.34,43753.19,12.319106,539000.21
2024-01-07 20:05:00,43729.49,43751.73,43709.01,43741.26,17.23672,753955.92
2024-01-07 20:06:00,43737.86,43754.99,43735.56,43754.68,34.361221,1503464.41
2024-01-07 20:07:00,43802.07,43803.01,43740.84,43767.23,9.943618,435204.64
2024-01-07 20:08:00,43725.59,43735.36,43724.34,43725.82,3.87505,169439.76
2024-01-07 20:09:00,43759.37,43784.3,43745.39,43760.11,41.352921,1809608.18
2024-01-07 20:10:00,43739.19,43750.15,43705.41,43728.15,24.621633,1076658.36
2024-01-07 20:11:00,43731.72,43745.16,43718.86,43720.33,1.009982,44156.74
2024-01-07 20:12:00,43687.97,43756.22,43681.12,43754.67,7.312287,319946.73
2024-01-07 20:13:00,43709.65,43730.25,43694.26,43722.58,31.478227,1376309.29
2024-01-07 20:14:00,43665.86,43707.55,43660.36,43694.11,9.271516,405110.67
2024-01-07 20:15:00,43731.7,43741.7,43711.48,43723.7,38.869126,1699501.83
2024-01-07 20:16:00,43675.03,43683.88,43655.04,43680.81,1.132816,49482.3
2024-01-07 20:17:00,43661.88,43677.21,43656.97,43661.57,7.42979,324396.31
2024-01-07 20:18:00,43647.79,43689.7,43640.2,43689.36,31.738266,1386624.41
2024-01-07 20:19:00,43785.86,43796.44,43784.45,43792.06,24.692113,1081318.54
2024-01-07 20:20:00,43844.63,43879.48,43814.7,43822.33,25.53187,1118866.07
2024-01-07 20:21:00,43874.15,43880.68,43822.42,43845.96,7.863499,344782.69
2024-01-07 20:22:00,43886.88,43910.58,43861.76,43872.5,12.103971,531031.49
2024-01-07 20:23:00,43792.13,43835.81,43786.01,43818.84,25.966769,1137833.79
2024-01-07 20:24:00,43849.81,43850.38,43799.8,43824.62,44.392271,1945474.59
2024-01-07 20:25:00,43837.62,43844.27,43819.85,43823.14,20.75438,909522.0
2024-01-07 20:26:00,43836.87,43865.32,43816.21,43839.21,5.193353,227672.53
2024-01-07 20:27:00,43804.54,43858.1,43803.87,43845.04,27.798817,1218840.26
2024-01-07 20:28:00,43883.1,43893.04,43861.94,43864.03,8.992901,394464.84
2024-01-07 20:29:00,43836.61,43852.98,43832.39,43848.45,8.524303,373777.49
2024-01-07 20:30:00,43858.31,43863.94,43819.98,43851.38,0.294106,12896.95
2024-01-07 20:31:00,43791.36,43821.81,43771.4,43789.99,12.093695,529582.77
2024-01-07 20:32:00,43804.76,43811.57,43766.57,43774.0,8.580501,375602.8
2024-01-07 20:33:00,43841.03,43859.98,43840.4,43843.54,38.083948,1669734.99
2024-01-07 20:34:00,43859.18,43886.11,43858.75,43859.48,10.517312,461283.8
2024-01-07 20:35:00,43890.0,43895.58,43849.69,43858.43,7.247657,317870.89
2024-01-07 20:36:00,43940.07,43973.39,43923.48,43953.24,16.936379,744408.68
2024-01-07 20:37:00,43901.48,43926.68,43877.22,43885.2,30.134643,1322464.73
2024-01-07 20:38:00,43825.75,43837.28,43807.22,43829.72,20.240055,887116.0
2024-01-07 20:39:00,43895.31,43927.06,43891.54,43915.36,10.572145,464279.52
2024-01-07 20:40:00,43917.68,43939.13,43916.93,43917.66,19.902709,874080.36
2024-01-07 20:41:00,43919.36,43925.38,43890.51,43905.53,22.582542,991498.43
2024-01-07 20:42:00,43872.64,43891.92,43815.82,43845.57,14.694391,644283.92
2024-01-07 20:43:00,43897.45,43897.98,43865.15,43867.95,27.499736,1206357.1
2024-01-07 20:44:00,43889.28,43901.09,43884.82,43895.18,12.926349,567404.34
2024-01-07 20:45:00,43820.71,43849.77,43811.61,43840.45,3.098603,135844.14
2024-01-07 20:46:00,43827.06,43835.91,43810.46,43833.44,7.120081,312097.64
2024-01-07 20:47:00,43793.03,43823.17,43782.65,43816.66,17.849027,782084.78
2024-01-07 20:48:00,43825.11,43839.91,43807.31,43829.46,14.19664,622231.07
2024-01-07 20:49:00,43766.66,43776.85,43762.11,43773.5,39.921837,1747518.44
2024-01-07 20:50:00,43850.64,43862.06,43814.64,43836.09,16.910954,741310.19
2024-01-07 20:51:00,43837.77,43912.67,43829.65,43881.89,3.000724,131677.41
2024-01-07 20:52:00,43849.05,43894.47,43838.02,43863.73,1.966957,86278.07
2024-01-07 20:53:00,43838.4,43882.55,43837.76,43852.91,8.647503,379218.14
2024-01-07 20:54:00,43869.83,43873.73,43829.19,43846.09,25.2326,1106350.71
2024-01-07 20:55:00,43784.89,43821.64,43763.65,43807.17,3.779603,165573.7
2024-01-07 20:56:00,43789.53,43806.95,43773.85,43785.0,19.775782,865882.56
2024-01-07 20:57:00,43768.92,43794.95,43754.03,43771.48,25.56522,1119027.64
2024-01-07 20:58:00,43872.99,43883.91,43822.98,43852.13,33.000761,1447153.6
2024-01-07 20:59:00,43911.38,43914.75,43894.45,43899.46,19.795724,869021.59
2024-01-07 21:00:00,43948.62,43949.42,43942.49,43946.19,11.465754,503876.21
2024-01-07 21:01:00,43953.59,43970.05,43928.36,43964.69,11.600744,510023.1
2024-01-07 21:02:00,43871.77,43928.6,43859.82,43908.82,15.450195,678399.87
2024-01-07 21:03:00,43911.69,43912.84,43894.77,43906.75,2.474235,108635.63
2024-01-07 21:04:00,43965.88,43990.16,43954.48,43955.27,37.529755,1649630.57
2024-01-07 21:05:00,43860.86,43901.85,43838.87,43892.36,11.825377,519043.68
2024-01-07 21:06:00,43899.51,43947.86,43883.39,43924.19,6.800622,298711.77
2024-01-07 21:07:00,44045.36,44048.79,44034.91,44040.32,38.318567,1687561.81
2024-01-07 21:08:00,44100.19,44110.28,44080.97,44093.41,0.352493,15542.62
2024-01-07 21:09:00,44144.3,44173.93,44120.92,44164.11,9.936076,438817.92
2024-01-07 21:10:00,44163.54,44181.07,44157.87,44175.03,50.187844,2217049.28
2024-01-07 21:11:00,44186.69,44227.54,44173.21,44223.42,15.32471,677711.11
2024-01-07 21:12:00,44215.07,44217.19,44186.99,44187.53,32.502771,1436217.17
2024-01-07 21:13:00,44201.33,44235.06,44201.3,44227.32,40.075802,1772445.44
2024-01-07 21:14:00,44270.89,44283.0,44252.91,44260.04,1.037265,45909.41
2024-01-07 21:15:00,44273.84,44308.37,44267.02,44274.54,28.175496,1247457.05
2024-01-07 21:16:00,44366.13,44367.98,44329.93,44340.34,3.345024,148319.5
2024-01-07 21:17:00,44297.55,44324.44,44289.87,44313.4,50.79878,2251066.62
2024-01-07 21:18:00,44305.27,44329.08,44282.51,44304.05,38.872434,1722206.11
2024-01-07 21:19:00,44274.85,44314.51,44267.08,44308.82,24.865848,1101776.35
2024-01-07 21:20:00,44218.57,44261.39,44210.6,44257.34,30.891954,1367195.66
2024-01-07 21:21:00,44280.61,44295.87,44253.51,44268.69,3.91182,173171.13
2024-01-07 21:22:00,44147.04,44190.78,44133.19,44182.74,44.350954,1959546.59
2024-01-07 21:23:00,44230.52,44236.7,44209.15,44235.09,8.087624,357756.74
2024-01-07 21:24:00,44257.64,44265.21,44228.59,44237.42,18.140658,802495.85
2024-01-07 21:25:00,44226.31,44265.33,44208.3,44211.37,4.279203,189189.42
2024-01-07 21:26:00,44156.36,44177.34,44147.5,44169.65,27.207753,1201757.04
2024-01-07 21:27:00,44126.16,44187.94,44113.79,44157.93,44.901478,1982756.12
2024-01-07 21:28:00,44202.53,44224.92,44179.1,44192.34,19.030859,841018.18
2024-01-07 21:29:00,44246.57,44256.16,44218.06,44219.73,16.30163,720853.62
2024-01-07 21:30:00,44171.2,44185.01,44150.81,44184.45,7.727641,341441.55
2024-01-07 21:31:00,44126.08,44148.67,44094.69,44142.15,12.009242,530113.73
2024-01-07 21:32:00,44164.49,44177.42,44132.28,44174.99,3.285235,145125.24
2024-01-07 21:33:00,44150.31,44164.95,44124.09,44138.87,42.66698,1883272.48
2024-01-07 21:34:00,44166.44,44173.06,44131.58,44141.87,25.879463,1142367.91
2024-01-07 21:35:00,44123.27,44153.45,44104.84,44148.06,3.051836,134732.63
2024-01-07 21:36:00,44133.7,44168.66,44115.57,44163.66,11.207901,494981.92
2024-01-07 21:37:00,44253.37,44257.18,44198.6,44206.57,68.317807,3020096.22
2024-01-07 21:38:00,44139.88,44144.32,44112.55,44143.43,15.443071,681710.05
2024-01-07 21:39:00,44052.93,44065.84,44016.16,44047.87,39.059026,1720466.81
2024-01-07 21:40:00,44005.66,44023.35,43998.95,44019.5,1.531171,67401.38
2024-01-07 21:41:00,44119.37,44140.24,44109.39,44109.57,19.471937,858898.82
2024-01-07 21:42:00,44229.88,44257.6,44204.74,44210.68,2.489996,110084.42
2024-01-07 21:43:00,44308.24,44318.09,44301.97,44302.24,0.70621,31286.7
2024-01-07 21:44:00,44327.41,44334.73,44273.12,44292.59,25.874841,1146063.74
2024-01-07 21:45:00,44196.95,44213.6,44175.96,44203.49,7.911862,349731.87
2024-01-07 21:46:00,44081.08,44091.66,44071.36,44086.33,13.840751,610187.96
2024-01-07 21:47:00,44060.26,44067.23,44052.7,44055.63,23.704546,1044318.74
2024-01-07 21:48:00,44055.03,44068.77,44025.2,44045.73,0.236238,10405.27
2024-01-07 21:49:00,44115.32,44141.56,44091.03,44110.76,4.399989,194086.87
2024-01-07 21:50:00,44128.46,44163.57,44122.35,44154.15,26.022309,1148992.92
2024-01-07 21:51:00,44171.77,44178.63,44163.86,44165.52,15.385943,679528.15
2024-01-07 21:52:00,44113.54,44137.91,44100.15,44121.03,14.413567,635941.38
2024-01-07 21:53:00,44061.37,44100.58,44046.62,44072.99,5.328456,234840.96
2024-01-07 21:54:00,44086.34,44123.02,44048.61,44085.69,28.183511,1242489.66
2024-01-07 21:55:00,44101.32,44133.84,44087.97,44120.55,7.994431,352718.68
2024-01-07 21:56:00,44117.43,44161.59,44092.74,44140.14,6.678764,294801.57
2024-01-07 21:57:00,44036.1,44089.45,44032.27,44088.41,10.929703,481873.24
2024-01-07 21:58:00,44155.89,44168.17,44106.69,44120.94,5.917432,261082.69
2024-01-07 21:59:00,44153.35,44157.33,44123.06,44142.24,21.950166,968929.5
2024-01-07 22:00:00,44086.37,44104.14,44083.05,44088.71,11.715523,516522.27
2024-01-07 22:01:00,44036.15,44072.78,44023.93,44049.49,20.245923,891822.6
2024-01-07 22:02:00,44026.39,44094.44,44026.2,44083.92,32.782127,1445164.5
2024-01-07 22:03:00,44057.62,44072.37,44056.84,44072.19,6.466667,285000.17
2024-01-07 22:04:00,44165.96,44174.62,44141.72,44151.65,18.01338,795320.41
2024-01-07 22:05:00,44195.55,44195.71,44174.11,44176.7,17.14755,757522.25
2024-01-07 22:06:00,44165.22,44173.8,44124.07,44152.37,21.775738,961450.49
2024-01-07 22:07:00,44155.03,44171.73,44138.32,44151.86,10.029823,442835.35
2024-01-07 22:08:00,44181.11,44191.2,44145.78,44155.03,38.365847,1694045.17
2024-01-07 22:09:00,44112.04,44128.62,44107.23,44118.61,52.20575,2303245.2
2024-01-07 22:10:00,44094.69,44104.62,44050.86,44072.98,22.501687,991716.44
2024-01-07 22:11:00,44100.36,44114.47,44075.42,44108.05,16.278243,718001.6
2024-01-07 22:12:00,44132.69,44164.49,44118.83,44150.32,10.275585,453670.3
2024-01-07 22:13:00,44160.39,44201.6,44151.78,44180.5,16.270778,718851.2
2024-01-07 22:14:00,44234.98,44284.42,44227.19,44256.27,18.548274,820877.41
2024-01-07 22:15:00,44242.36,44277.49,44221.92,44229.18,13.079308,578487.09
2024-01-07 22:16:00,44298.04,44338.66,44292.06,44312.9,15.314785,678642.44
2024-01-07 22:17:00,44247.19,44287.97,44241.98,44267.85,6.145403,272043.77
2024-01-07 22:18:00,44231.49,44247.78,44204.44,44217.22,40.54233,1792668.93
2024-01-07 22:19:00,44135.78,44140.09,44118.56,44129.22,40.103738,1769746.54
2024-01-07 22:20:00,44126.18,44150.99,44095.07,44106.93,10.814547,476996.42
2024-01-07 22:21:00,44091.99,44097.72,44074.35,44081.74,18.66779,822908.68
2024-01-07 22:22:00,44092.98,44122.26,44092.02,44108.04,27.953674,1232981.7
2024-01-07 22:23:00,44121.75,44125.25,44116.61,44120.23,12.866468,567671.56
2024-01-07 22:24:00,44063.09,44067.28,44047.96,44060.58,17.295905,762067.69
2024-01-07 22:25:00,44022.56,44046.1,43998.5,44040.95,13.520638,595461.7
2024-01-07 22:26:00,44000.28,44028.29,43975.81,44022.37,18.795046,827402.54
2024-01-07 22:27:00,43919.96,43937.45,43915.63,43933.58,9.61436,422393.2
2024-01-07 22:28:00,43925.26,43940.92,43843.87,43884.53,52.323571,2296195.21
2024-01-07 22:29:00,43837.73,43870.03,43826.14,43845.99,21.556891,945183.15
2024-01-07 22:30:00,43942.33,43945.6,43890.23,43917.67,13.947789,612554.4
2024-01-07 22:31:00,43917.87,43954.61,43902.97,43927.24,4.76249,209203.04
2024-01-07 22:32:00,43978.13,43991.28,43957.97,43960.35,3.154147,138657.39
2024-01-07 22:33:00,43903.47,43921.95,43876.45,43885.42,40.202407,1764299.43
2024-01-07 22:34:00,43964.18,43983.1,43930.48,43945.13,39.699518,1744600.41
2024-01-07 22:35:00,44017.94,44026.6,43993.39,44010.18,11.135979,490096.5
2024-01-07 22:36:00,43937.81,43959.48,43906.29,43910.27,9.501542,417215.26
2024-01-07 22:37:00,43882.57,43890.09,43865.75,43875.0,20.001696,877574.44
2024-01-07 22:38:00,43934.06,43962.44,43887.57,43899.79,15.304308,671855.9
2024-01-07 22:39:00,43899.61,43935.44,43894.27,43932.01,40.316221,1771172.56
